{"type":"FeatureCollection","features":[{"type":"Feature","properties":{"osm_id":-77687,"name":"Челябинская область","admin_level":4},"geometry":{"type":"MultiPolygon","coordinates":[[[[57.13129,55.08505],[57.14295,55.10364],[57.14746,55.11081],[57.1564,55.12725],[57.16981,55.12491],[57.17152,55.13023],[57.19663,55.13364],[57.21068,55.13513],[57.21451,55.13896],[57.24155,55.1496],[57.24963,55.15944],[57.25623,55.16626],[57.26411,55.17009],[57.25474,55.17179],[57.25985,55.17903],[57.23665,55.18036],[57.23303,55.17972],[57.2309,55.18376],[57.22877,55.18419],[57.22771,55.18887],[57.21813,55.19446],[57.21813,55.19765],[57.2126,55.20085],[57.21196,55.23022],[57.22047,55.23661],[57.23984,55.21489],[57.26326,55.21915],[57.25283,55.22724],[57.2326,55.2464],[57.24623,55.26603],[57.26751,55.26816],[57.2773,55.26838],[57.29242,55.26646],[57.30391,55.25752],[57.31562,55.25667],[57.32605,55.25965],[57.33988,55.27971],[57.36245,55.28567],[57.38075,55.29461],[57.38565,55.31233],[57.38926,55.31531],[57.39395,55.31723],[57.40778,55.31489],[57.41289,55.31659],[57.42013,55.31616],[57.45759,55.32638],[57.46275,55.32586],[57.4697,55.32589],[57.4859,55.32787],[57.49335,55.32766],[57.49612,55.32872],[57.50761,55.32745],[57.5301,55.33702],[57.56807,55.31936],[57.57807,55.31957],[57.60702,55.31084],[57.61681,55.30999],[57.64129,55.30148],[57.68663,55.30297],[57.72133,55.30425],[57.73601,55.30127],[57.76219,55.29956],[57.7805,55.29808],[57.79221,55.30233],[57.79817,55.29999],[57.82265,55.30127],[57.84223,55.30063],[57.85074,55.30276],[57.85649,55.30063],[57.86713,55.30063],[57.88289,55.30233],[57.8897,55.30063],[57.90736,55.29978],[57.91588,55.29893],[57.91694,55.29701],[57.93355,55.29446],[57.93866,55.29318],[57.94078,55.29574],[57.95526,55.29169],[57.95292,55.28871],[57.95398,55.28573],[57.96313,55.28552],[57.96973,55.28041],[57.99762,55.28233],[58.00443,55.28334],[58.00528,55.28227],[58.00869,55.2827],[58.02316,55.27653],[58.04104,55.24561],[58.04392,55.23886],[58.06999,55.22645],[58.07872,55.22156],[58.10958,55.21985],[58.1215,55.21858],[58.12661,55.21773],[58.13662,55.21113],[58.13641,55.20298],[58.13194,55.19404],[58.11767,55.1917],[58.09916,55.18079],[58.08042,55.17079],[58.04424,55.15589],[58.04126,55.15397],[58.0204,55.15738],[58.01069,55.16208],[58.00582,55.16342],[57.9947,55.15803],[57.98992,55.1596],[57.98906,55.15882],[57.98816,55.15776],[57.9875,55.15722],[57.98736,55.15663],[57.98687,55.15564],[57.9869,55.15541],[57.98657,55.15496],[57.98698,55.15473],[57.98726,55.15362],[57.98831,55.1532],[57.98977,55.15269],[57.99064,55.15194],[57.99161,55.15121],[57.99372,55.15002],[57.99358,55.14961],[57.99282,55.14901],[57.99271,55.14808],[57.99318,55.14703],[57.99305,55.14639],[57.99322,55.14556],[57.99382,55.14513],[57.99497,55.14496],[57.99534,55.1446],[57.9963,55.14428],[57.99766,55.14433],[57.99802,55.14452],[57.99855,55.14442],[57.99856,55.14431],[57.99822,55.14424],[57.99834,55.14413],[57.99866,55.14422],[57.99886,55.1441],[57.99864,55.14397],[57.99893,55.14355],[57.99971,55.14316],[58.00062,55.14293],[58.00128,55.14273],[58.00234,55.14318],[58.00316,55.14331],[58.00372,55.14326],[58.00388,55.14302],[58.00454,55.14293],[58.00472,55.14255],[58.00479,55.1421],[58.0051,55.14188],[58.00548,55.14161],[58.00613,55.14129],[58.006,55.14073],[58.00561,55.14049],[58.00495,55.13998],[58.00465,55.13966],[58.00458,55.13926],[58.00412,55.1389],[58.00269,55.13815],[58.00286,55.13792],[58.00228,55.13761],[58.00063,55.13713],[58.0001,55.1367],[57.99986,55.1363],[57.99964,55.13601],[57.99995,55.13562],[57.99946,55.13536],[57.99962,55.13477],[57.99902,55.13424],[57.99867,55.13406],[57.99791,55.13331],[57.99772,55.13303],[57.9971,55.1331],[57.99653,55.13238],[57.99707,55.1323],[57.99681,55.13181],[57.9964,55.13167],[57.99658,55.13136],[57.99635,55.13116],[57.99622,55.13069],[57.99621,55.13052],[57.99595,55.13008],[57.99554,55.12997],[57.99492,55.1298],[57.99416,55.12944],[57.99381,55.12916],[57.99397,55.12866],[57.99398,55.12825],[57.99342,55.1277],[57.99276,55.12749],[57.99256,55.1271],[57.99251,55.12688],[57.99296,55.12674],[57.99277,55.12564],[57.99281,55.1255],[57.99314,55.12558],[57.99337,55.12556],[57.99349,55.12515],[57.99349,55.12503],[57.99386,55.12504],[57.99381,55.12481],[57.99353,55.12464],[57.99343,55.12443],[57.99352,55.12434],[57.99359,55.1241],[57.99371,55.12393],[57.99408,55.12339],[57.99467,55.12311],[57.99479,55.12291],[57.99473,55.1228],[57.99445,55.1227],[57.99458,55.12259],[57.99458,55.12238],[57.99467,55.12224],[57.9942,55.12143],[57.99455,55.12101],[57.99501,55.12053],[57.99486,55.11917],[57.99444,55.1189],[57.99441,55.11833],[57.99418,55.11773],[57.99422,55.11749],[57.99406,55.11732],[57.99387,55.1173],[57.99374,55.11706],[57.99401,55.11662],[57.99352,55.11586],[57.99233,55.11487],[57.9918,55.11464],[57.99134,55.11422],[57.9909,55.11398],[57.9901,55.11354],[57.99019,55.11341],[57.99013,55.1132],[57.99009,55.11304],[57.98975,55.11276],[58.00233,55.11123],[58.00717,55.10229],[58.00225,55.10211],[57.99561,55.10134],[57.99518,55.10125],[57.99501,55.10111],[57.99509,55.10089],[57.99543,55.1007],[57.99535,55.10042],[57.99461,55.10007],[57.99379,55.09973],[57.99384,55.09948],[57.9943,55.09936],[57.99414,55.09898],[57.99324,55.0986],[57.99316,55.09841],[57.99331,55.09817],[57.99298,55.098],[57.99313,55.09764],[57.99283,55.09727],[57.99289,55.09687],[57.99267,55.09676],[57.99267,55.09643],[57.99247,55.09637],[57.99211,55.09637],[57.99207,55.0965],[57.99194,55.09658],[57.99182,55.09651],[57.99183,55.09636],[57.99171,55.09619],[57.99203,55.09611],[57.99184,55.0957],[57.99142,55.09544],[57.99177,55.09521],[57.99222,55.09509],[57.99263,55.09503],[57.99313,55.09511],[57.99365,55.09504],[57.99414,55.09498],[57.99401,55.09476],[57.99397,55.09438],[57.99356,55.09428],[57.99304,55.09411],[57.99293,55.09382],[57.99302,55.09347],[57.99268,55.09325],[57.99229,55.09302],[57.99217,55.09284],[57.99196,55.09273],[57.99233,55.09247],[57.99248,55.09212],[57.99251,55.09189],[57.9923,55.09183],[57.9918,55.0918],[57.99179,55.09164],[57.99219,55.09158],[57.99279,55.09151],[57.99335,55.09136],[57.99352,55.09114],[57.99352,55.09089],[57.99374,55.09089],[57.99423,55.0909],[57.99458,55.09101],[57.99487,55.09107],[57.99498,55.09066],[57.99532,55.09051],[57.99575,55.09045],[57.99618,55.09025],[57.99673,55.09032],[57.99674,55.09011],[57.99643,55.08978],[57.99617,55.08955],[57.99567,55.08964],[57.99521,55.08966],[57.99543,55.08942],[57.9959,55.08933],[57.99609,55.08894],[57.99703,55.08865],[57.9981,55.08843],[57.99877,55.08762],[57.99944,55.08755],[57.99985,55.08744],[57.99995,55.08723],[58.00013,55.08719],[58.00035,55.08742],[58.00079,55.08743],[58.00102,55.08725],[58.00113,55.08749],[58.00141,55.08762],[58.00176,55.08744],[58.00177,55.08706],[58.00126,55.08691],[58.00123,55.08671],[58.00176,55.08663],[58.00211,55.08632],[58.00235,55.08595],[58.00211,55.08583],[58.00158,55.086],[58.00153,55.08586],[58.00149,55.08563],[58.00117,55.08551],[58.00149,55.08531],[58.00192,55.08527],[58.00241,55.08511],[58.00188,55.08502],[58.00198,55.08475],[58.00245,55.08468],[58.00255,55.08495],[58.00284,55.08498],[58.00335,55.08529],[58.00352,55.08488],[58.00381,55.08466],[58.0039,55.08432],[58.00404,55.0841],[58.00426,55.08386],[58.00511,55.08353],[58.00568,55.08349],[58.00569,55.08327],[58.0056,55.08297],[58.00499,55.08284],[58.00501,55.08266],[58.00539,55.08249],[58.00575,55.08266],[58.00612,55.08262],[58.00678,55.08259],[58.00711,55.08254],[58.00693,55.08226],[58.00706,55.08195],[58.00761,55.082],[58.00802,55.08212],[58.00751,55.0824],[58.00776,55.08259],[58.00822,55.08268],[58.00865,55.08265],[58.009,55.08237],[58.0089,55.08216],[58.00911,55.0821],[58.0095,55.08228],[58.00986,55.08231],[58.01003,55.08252],[58.01028,55.08252],[58.01044,55.08238],[58.01073,55.08243],[58.01104,55.08258],[58.01127,55.08243],[58.01123,55.08223],[58.01144,55.08211],[58.0116,55.0824],[58.01188,55.08249],[58.0122,55.08248],[58.01261,55.08254],[58.01276,55.08231],[58.01274,55.08198],[58.01307,55.08173],[58.01306,55.08152],[58.01286,55.0815],[58.01238,55.08149],[58.01231,55.08139],[58.01259,55.08118],[58.01273,55.08107],[58.01262,55.08086],[58.01244,55.08066],[58.01272,55.0805],[58.01282,55.08019],[58.01287,55.08005],[58.01315,55.07977],[58.01341,55.07966],[58.0136,55.07949],[58.01339,55.07936],[58.01353,55.07925],[58.01387,55.07934],[58.01425,55.07929],[58.01465,55.07925],[58.01519,55.07939],[58.01554,55.07925],[58.01597,55.07894],[58.01646,55.07876],[58.01681,55.07847],[58.01709,55.0782],[58.01689,55.07797],[58.01738,55.07779],[58.01769,55.07765],[58.01787,55.07735],[58.01783,55.077],[58.01747,55.07673],[58.01771,55.07629],[58.01792,55.0758],[58.01684,55.0757],[58.01697,55.07542],[58.01765,55.07521],[58.01809,55.07515],[58.01862,55.07494],[58.01832,55.07468],[58.01854,55.07448],[58.01897,55.07424],[58.01928,55.07403],[58.01972,55.07381],[58.02027,55.07375],[58.02099,55.07378],[58.0213,55.07369],[58.02215,55.07389],[58.02258,55.07362],[58.02235,55.0733],[58.02259,55.07298],[58.02316,55.07257],[58.02371,55.07274],[58.02445,55.07268],[58.02483,55.07269],[58.02541,55.07251],[58.02561,55.07244],[58.02582,55.07245],[58.02607,55.07241],[58.02634,55.07242],[58.02665,55.07222],[58.02702,55.07211],[58.02745,55.07216],[58.02791,55.07196],[58.02836,55.07192],[58.02928,55.07206],[58.02968,55.072],[58.02997,55.0717],[58.03042,55.07169],[58.03066,55.07186],[58.03216,55.07121],[58.03045,55.06863],[58.04041,55.06819],[58.0402,55.06266],[58.02944,55.05983],[58.02338,55.03898],[58.03275,55.02791],[58.02445,55.0162],[58.01998,55.01237],[58.00878,54.99885],[58.02211,54.99364],[58.027,54.9913],[58.02466,54.9881],[58.00423,54.98426],[57.99933,54.97789],[57.99295,54.97874],[57.98301,54.98443],[57.97975,54.98103],[57.95889,54.97592],[57.95293,54.96011],[57.93292,54.94862],[57.96379,54.92111],[57.98294,54.92792],[57.99848,54.91254],[58.00168,54.91254],[57.99997,54.91084],[58.00104,54.90764],[58.00508,54.90615],[58.0441,54.91613],[58.05872,54.91999],[58.08001,54.92999],[58.08277,54.94651],[58.09659,54.94558],[58.0987,54.94785],[58.10623,54.9456],[58.10493,54.94397],[58.11732,54.93863],[58.12151,54.94026],[58.11343,54.94239],[58.113,54.94495],[58.11708,54.94689],[58.11747,54.94708],[58.1186,54.9472],[58.12896,54.94835],[58.13194,54.95224],[58.13045,54.95415],[58.12386,54.95713],[58.12322,54.96097],[58.1262,54.96607],[58.13216,54.97076],[58.13631,54.97259],[58.13663,54.97273],[58.137,54.9728],[58.14067,54.97358],[58.14152,54.97549],[58.14231,54.97584],[58.14344,54.97634],[58.14365,54.97805],[58.1411,54.98167],[58.1362,54.98337],[58.12705,54.98337],[58.12556,54.98209],[58.13045,54.97613],[58.12556,54.97549],[58.11321,54.97954],[58.11044,54.98209],[58.1015,54.98422],[58.10108,54.9872],[58.10342,54.99039],[58.11364,54.99252],[58.12002,54.99167],[58.1279,54.99444],[58.13352,54.99794],[58.13045,54.99997],[58.08745,55.01296],[58.12002,55.01636],[58.12832,55.01721],[58.13739,55.0215],[58.14028,55.02107],[58.14155,55.02071],[58.14252,55.01938],[58.14378,55.01866],[58.1453,55.01854],[58.14634,55.01912],[58.14696,55.01915],[58.14757,55.01879],[58.14902,55.01854],[58.14989,55.01887],[58.14911,55.01984],[58.14924,55.02044],[58.14667,55.02187],[58.14553,55.02284],[58.14578,55.0236],[58.14847,55.0264],[58.15195,55.02814],[58.15426,55.02936],[58.15776,55.03046],[58.16315,55.03121],[58.1675,55.03136],[58.17312,55.03086],[58.17852,55.0308],[58.18071,55.03122],[58.18263,55.0343],[58.18132,55.03813],[58.1783,55.04024],[58.17589,55.04036],[58.17362,55.03996],[58.16947,55.03791],[58.16625,55.03705],[58.16055,55.0361],[58.15536,55.03635],[58.15287,55.03683],[58.15152,55.03841],[58.15108,55.04047],[58.15184,55.04279],[58.15454,55.04456],[58.16064,55.04708],[58.16439,55.04841],[58.16562,55.04925],[58.16688,55.05078],[58.16579,55.05281],[58.16356,55.05529],[58.16001,55.05588],[58.15309,55.05452],[58.15016,55.05476],[58.14925,55.05609],[58.15007,55.05776],[58.15462,55.06109],[58.15765,55.06237],[58.16117,55.06518],[58.16659,55.06766],[58.17006,55.06802],[58.17717,55.06717],[58.18342,55.06585],[58.18898,55.06739],[58.19297,55.06948],[58.19324,55.07053],[58.194,55.07398],[58.19324,55.07706],[58.19477,55.07852],[58.19537,55.08416],[58.19942,55.0874],[58.20013,55.0903],[58.2016,55.09214],[58.19558,55.09618],[58.19017,55.09837],[58.18545,55.09866],[58.17473,55.09672],[58.16647,55.09478],[58.16392,55.09384],[58.15971,55.08763],[58.15856,55.08563],[58.15509,55.08323],[58.14907,55.08404],[58.1398,55.08623],[58.13746,55.08842],[58.1383,55.09168],[58.13772,55.09588],[58.14141,55.09898],[58.15663,55.10145],[58.15897,55.1055],[58.15739,55.10894],[58.15322,55.11188],[58.15172,55.1129],[58.14736,55.11498],[58.1443,55.11666],[58.14238,55.11756],[58.13894,55.11836],[58.13448,55.1184],[58.13222,55.11864],[58.13043,55.11908],[58.12971,55.11974],[58.12844,55.12228],[58.12863,55.12608],[58.13148,55.12856],[58.13428,55.12982],[58.14381,55.13204],[58.15351,55.13309],[58.16105,55.13312],[58.168,55.13116],[58.16987,55.13178],[58.18148,55.13989],[58.18752,55.14297],[58.19062,55.14555],[58.19199,55.1484],[58.19299,55.14862],[58.19438,55.1485],[58.19443,55.14855],[58.19432,55.14868],[58.19424,55.14878],[58.19426,55.14884],[58.19427,55.14897],[58.19439,55.14904],[58.19462,55.1491],[58.19482,55.14905],[58.19514,55.14889],[58.19536,55.14846],[58.19581,55.14819],[58.1964,55.14777],[58.19753,55.1472],[58.19825,55.14672],[58.19948,55.14575],[58.20039,55.14553],[58.20118,55.14554],[58.20192,55.14557],[58.20249,55.14547],[58.20303,55.14521],[58.20347,55.14488],[58.20371,55.14465],[58.20356,55.14444],[58.20346,55.14422],[58.20361,55.1439],[58.20435,55.14342],[58.20589,55.14291],[58.20684,55.1428],[58.20743,55.14288],[58.20803,55.14272],[58.20847,55.14257],[58.20921,55.14221],[58.20968,55.14221],[58.21113,55.14192],[58.21194,55.14208],[58.21209,55.14227],[58.21199,55.14244],[58.21147,55.14281],[58.21129,55.14327],[58.21142,55.14357],[58.21131,55.1437],[58.21125,55.14382],[58.21147,55.14413],[58.21168,55.14422],[58.21219,55.14417],[58.21301,55.14415],[58.21346,55.14402],[58.21441,55.14393],[58.21479,55.14397],[58.21489,55.14402],[58.21515,55.1441],[58.21558,55.14414],[58.21586,55.14412],[58.21611,55.14414],[58.21674,55.14418],[58.21712,55.14427],[58.21743,55.14435],[58.21801,55.14436],[58.21886,55.14461],[58.21934,55.14478],[58.2193,55.14492],[58.21946,55.1451],[58.21978,55.1452],[58.22012,55.14527],[58.22038,55.14532],[58.22045,55.14542],[58.22024,55.14548],[58.22003,55.14553],[58.21993,55.14563],[58.22003,55.14573],[58.22037,55.14583],[58.22048,55.14594],[58.22084,55.14628],[58.22084,55.1465],[58.22073,55.14652],[58.22045,55.14644],[58.22034,55.14648],[58.22031,55.14658],[58.2204,55.14671],[58.22048,55.14683],[58.22044,55.14702],[58.22054,55.14712],[58.22087,55.1472],[58.22093,55.14735],[58.22108,55.14755],[58.22125,55.14765],[58.22208,55.14778],[58.22264,55.14802],[58.22319,55.14808],[58.22356,55.14819],[58.22414,55.1487],[58.22452,55.14901],[58.22463,55.1494],[58.2242,55.14988],[58.22411,55.15006],[58.22431,55.1504],[58.22424,55.15061],[58.22429,55.15079],[58.22448,55.15086],[58.22469,55.15086],[58.22486,55.15074],[58.22505,55.15073],[58.22514,55.15083],[58.22512,55.1509],[58.22503,55.15101],[58.22506,55.15108],[58.22537,55.15108],[58.22577,55.15131],[58.22606,55.15134],[58.22627,55.15132],[58.22647,55.15116],[58.22661,55.15106],[58.22684,55.15106],[58.22735,55.15109],[58.22778,55.15084],[58.22813,55.15067],[58.22861,55.15055],[58.22904,55.15051],[58.2295,55.15052],[58.22965,55.15061],[58.22969,55.15071],[58.2297,55.15081],[58.2298,55.15091],[58.22988,55.15099],[58.2299,55.15109],[58.23018,55.15119],[58.23029,55.15133],[58.23083,55.1514],[58.23104,55.15178],[58.23093,55.15191],[58.23096,55.15199],[58.23117,55.15202],[58.23127,55.15215],[58.23155,55.15219],[58.2319,55.15239],[58.23182,55.15248],[58.23141,55.15266],[58.23159,55.15279],[58.23178,55.15286],[58.2318,55.15303],[58.23229,55.15335],[58.23255,55.15337],[58.23281,55.1535],[58.23301,55.15366],[58.23337,55.15365],[58.2335,55.15364],[58.23386,55.15368],[58.234,55.1536],[58.23459,55.15366],[58.23459,55.15378],[58.2344,55.15403],[58.2343,55.15423],[58.23418,55.1544],[58.23412,55.15459],[58.23423,55.15467],[58.23456,55.15465],[58.23489,55.15486],[58.23494,55.15513],[58.23464,55.15549],[58.23509,55.1558],[58.23557,55.1561],[58.2358,55.15632],[58.23575,55.15648],[58.23558,55.15654],[58.23515,55.15646],[58.23489,55.15656],[58.23489,55.15679],[58.23504,55.15692],[58.23524,55.15693],[58.23551,55.15692],[58.23594,55.15704],[58.23672,55.15709],[58.23731,55.15729],[58.23768,55.15747],[58.2376,55.15771],[58.23759,55.15787],[58.23798,55.15816],[58.23807,55.15835],[58.23796,55.1584],[58.23781,55.15838],[58.23768,55.15827],[58.23736,55.15832],[58.23726,55.15849],[58.23745,55.15876],[58.23737,55.15894],[58.23739,55.15912],[58.23727,55.15929],[58.2372,55.15934],[58.23717,55.15956],[58.23695,55.15975],[58.23655,55.15985],[58.23613,55.15995],[58.23584,55.15992],[58.23569,55.15982],[58.23556,55.15972],[58.23539,55.15974],[58.23528,55.15985],[58.23517,55.15987],[58.23483,55.15983],[58.23468,55.1599],[58.23467,55.16001],[58.23493,55.16008],[58.23503,55.16017],[58.23487,55.16039],[58.23455,55.16047],[58.23474,55.16086],[58.23448,55.16104],[58.23436,55.16117],[58.23441,55.16127],[58.23471,55.16127],[58.23495,55.16139],[58.23478,55.1616],[58.23528,55.16187],[58.23531,55.16218],[58.23524,55.16231],[58.23536,55.16248],[58.23581,55.16265],[58.23591,55.16288],[58.23657,55.1631],[58.23718,55.1632],[58.23763,55.16326],[58.2377,55.16336],[58.23779,55.16362],[58.23809,55.16382],[58.23825,55.16382],[58.23845,55.16356],[58.23877,55.16351],[58.23909,55.16359],[58.23912,55.16371],[58.23892,55.16381],[58.23886,55.16389],[58.23893,55.16399],[58.23916,55.16405],[58.23928,55.16421],[58.23964,55.16421],[58.23986,55.16434],[58.24007,55.16457],[58.24026,55.16471],[58.24023,55.16497],[58.24057,55.16518],[58.24043,55.16555],[58.2409,55.16595],[58.24159,55.16616],[58.2425,55.16625],[58.24288,55.16646],[58.24298,55.16683],[58.24331,55.16706],[58.24351,55.16719],[58.24361,55.16738],[58.24426,55.16754],[58.24438,55.16781],[58.24419,55.16805],[58.24387,55.16833],[58.24393,55.16855],[58.24391,55.16878],[58.24404,55.16903],[58.24442,55.16901],[58.24451,55.16909],[58.24472,55.16937],[58.24509,55.16948],[58.24487,55.17009],[58.24516,55.17009],[58.24602,55.16987],[58.2465,55.17012],[58.24683,55.1701],[58.24723,55.17038],[58.24744,55.17055],[58.24784,55.17061],[58.24827,55.17074],[58.2487,55.17079],[58.24899,55.17074],[58.24962,55.17073],[58.2499,55.17065],[58.24998,55.17044],[58.25042,55.17052],[58.25064,55.17039],[58.25071,55.17014],[58.25109,55.17013],[58.25116,55.16976],[58.25149,55.16974],[58.25173,55.16953],[58.25185,55.16955],[58.25208,55.16979],[58.2524,55.16976],[58.25249,55.16966],[58.25235,55.16953],[58.25248,55.16947],[58.25331,55.16963],[58.25348,55.16955],[58.25334,55.16943],[58.2534,55.16937],[58.2536,55.16926],[58.25363,55.16916],[58.25357,55.16907],[58.25343,55.16902],[58.25344,55.16894],[58.25355,55.16892],[58.25376,55.16903],[58.25397,55.16904],[58.2541,55.16895],[58.25438,55.16905],[58.25456,55.16917],[58.25494,55.1693],[58.25511,55.16927],[58.25522,55.16916],[58.25542,55.16916],[58.25557,55.16932],[58.2555,55.1696],[58.25598,55.16986],[58.25666,55.1703],[58.25686,55.17055],[58.25715,55.17058],[58.25734,55.17053],[58.25725,55.17028],[58.25742,55.17015],[58.25743,55.16997],[58.25759,55.16988],[58.25773,55.16992],[58.25821,55.17014],[58.2589,55.17007],[58.2592,55.1701],[58.25958,55.17006],[58.25972,55.17015],[58.25985,55.17019],[58.26005,55.1702],[58.26027,55.17041],[58.2604,55.17048],[58.26066,55.17045],[58.26077,55.17055],[58.2607,55.17076],[58.2606,55.1709],[58.26073,55.171],[58.26112,55.17108],[58.26159,55.1711],[58.26158,55.17117],[58.2615,55.17132],[58.26175,55.17144],[58.26197,55.17142],[58.26221,55.17141],[58.26242,55.17143],[58.2625,55.17147],[58.26259,55.17161],[58.2627,55.17165],[58.26324,55.17174],[58.26364,55.17175],[58.26423,55.17174],[58.2644,55.17174],[58.26465,55.17162],[58.26479,55.17161],[58.26495,55.17162],[58.26517,55.17168],[58.26522,55.1718],[58.26534,55.17182],[58.26542,55.17177],[58.26551,55.17162],[58.26544,55.17152],[58.26541,55.17139],[58.26553,55.17137],[58.26565,55.17138],[58.26605,55.17149],[58.2662,55.17155],[58.26635,55.17152],[58.2664,55.17146],[58.2664,55.1714],[58.26635,55.17138],[58.26608,55.17126],[58.26607,55.17117],[58.26621,55.17113],[58.26647,55.17117],[58.267,55.17124],[58.26718,55.17118],[58.26723,55.17104],[58.26714,55.17096],[58.26716,55.17088],[58.26737,55.17082],[58.26757,55.17083],[58.26765,55.17088],[58.26755,55.17097],[58.26781,55.17109],[58.26798,55.17104],[58.26816,55.1711],[58.26822,55.17107],[58.26827,55.17099],[58.26833,55.17098],[58.26847,55.17104],[58.26861,55.17103],[58.26884,55.17089],[58.26898,55.17088],[58.26919,55.17102],[58.26944,55.17107],[58.26982,55.17129],[58.27001,55.17147],[58.27016,55.17151],[58.27048,55.1715],[58.271,55.17148],[58.27153,55.17154],[58.27167,55.1715],[58.27221,55.17126],[58.27271,55.17099],[58.27269,55.17091],[58.27262,55.17082],[58.27244,55.17077],[58.27236,55.17077],[58.2723,55.17074],[58.27228,55.1707],[58.27222,55.17051],[58.27211,55.17043],[58.2719,55.1702],[58.27167,55.16996],[58.27155,55.16986],[58.27151,55.16965],[58.2714,55.16949],[58.27139,55.16939],[58.27154,55.16927],[58.27154,55.16916],[58.2715,55.16914],[58.27138,55.16915],[58.27132,55.1691],[58.27131,55.16902],[58.27137,55.16895],[58.27137,55.16888],[58.27138,55.16884],[58.27144,55.16822],[58.2714,55.16805],[58.27161,55.16786],[58.27203,55.16772],[58.27214,55.16765],[58.27218,55.16753],[58.27219,55.16742],[58.27219,55.16731],[58.27228,55.16727],[58.27238,55.16727],[58.27247,55.16729],[58.2726,55.16744],[58.27292,55.16737],[58.27325,55.16741],[58.27342,55.16733],[58.27359,55.16731],[58.2736,55.16718],[58.27368,55.16706],[58.27371,55.16697],[58.27382,55.1669],[58.27399,55.16693],[58.27397,55.16704],[58.27426,55.16724],[58.27449,55.16721],[58.27471,55.16722],[58.27484,55.16717],[58.27513,55.16703],[58.27536,55.1671],[58.27568,55.16726],[58.27581,55.1672],[58.27602,55.16691],[58.27642,55.16692],[58.27654,55.16685],[58.27676,55.16661],[58.27679,55.16648],[58.27665,55.16633],[58.27671,55.16623],[58.27691,55.16613],[58.27718,55.16613],[58.27745,55.16615],[58.27754,55.16612],[58.27794,55.16589],[58.2783,55.16578],[58.27872,55.16576],[58.27919,55.16541],[58.27959,55.16533],[58.27995,55.16532],[58.2809,55.16506],[58.281,55.16494],[58.2818,55.16473],[58.28197,55.16477],[58.28199,55.16493],[58.28221,55.16496],[58.2826,55.16494],[58.28269,55.16486],[58.28281,55.16478],[58.283,55.16484],[58.28311,55.16504],[58.2833,55.16512],[58.28343,55.16519],[58.28341,55.16526],[58.28341,55.16535],[58.28382,55.1655],[58.28433,55.16561],[58.28491,55.16577],[58.2856,55.16576],[58.28608,55.16572],[58.2865,55.16559],[58.28678,55.16542],[58.28734,55.16542],[58.28751,55.16549],[58.28771,55.16569],[58.28798,55.1657],[58.28816,55.16591],[58.2885,55.16599],[58.28873,55.16597],[58.28904,55.16589],[58.28933,55.16589],[58.2898,55.16551],[58.29002,55.16524],[58.2906,55.16494],[58.29158,55.16491],[58.29176,55.16484],[58.29208,55.16503],[58.29246,55.16502],[58.29326,55.16443],[58.29407,55.16445],[58.29471,55.16452],[58.29644,55.1641],[58.29667,55.16361],[58.29711,55.16373],[58.29781,55.16356],[58.29832,55.16354],[58.29858,55.16326],[58.29923,55.16326],[58.29955,55.16297],[58.30023,55.16287],[58.30027,55.16268],[58.30055,55.16268],[58.30111,55.16294],[58.3018,55.16266],[58.3026,55.16276],[58.30546,55.16242],[58.30558,55.16198],[58.30594,55.16159],[58.30637,55.16111],[58.30711,55.16065],[58.30777,55.16057],[58.30841,55.16034],[58.30923,55.16006],[58.30999,55.16004],[58.31006,55.1598],[58.31107,55.15952],[58.31175,55.15912],[58.31272,55.15891],[58.31372,55.15907],[58.31392,55.15931],[58.31405,55.15946],[58.31456,55.15963],[58.31525,55.15956],[58.31536,55.15938],[58.3154,55.15897],[58.31628,55.15871],[58.31837,55.15882],[58.3205,55.15744],[58.32201,55.15703],[58.32261,55.15638],[58.32374,55.15536],[58.32744,55.15545],[58.33042,55.15418],[58.33169,55.15431],[58.33388,55.15301],[58.33519,55.15247],[58.33604,55.1501],[58.33711,55.14963],[58.33977,55.14931],[58.3415,55.14954],[58.34484,55.1499],[58.3464,55.14944],[58.34762,55.14837],[58.34955,55.14824],[58.34981,55.14761],[58.34965,55.14707],[58.35049,55.1461],[58.35171,55.1455],[58.35187,55.145],[58.35354,55.14475],[58.35477,55.14483],[58.35783,55.14417],[58.35862,55.14416],[58.35963,55.14392],[58.36165,55.1423],[58.36169,55.14208],[58.36203,55.14183],[58.36256,55.14137],[58.36291,55.1411],[58.36279,55.14076],[58.36298,55.14063],[58.36298,55.14018],[58.36337,55.13999],[58.36308,55.13983],[58.36325,55.13973],[58.36327,55.13959],[58.36358,55.13948],[58.36347,55.13934],[58.36321,55.13926],[58.36347,55.13906],[58.36314,55.13868],[58.36388,55.13701],[58.3659,55.13426],[58.36636,55.13289],[58.36647,55.13208],[58.36684,55.13195],[58.36657,55.13172],[58.36669,55.13125],[58.36659,55.13116],[58.36656,55.13089],[58.36679,55.13086],[58.36684,55.13048],[58.3668,55.12999],[58.36696,55.12986],[58.36695,55.12958],[58.36672,55.12945],[58.36653,55.12917],[58.36666,55.12905],[58.36712,55.12904],[58.36736,55.12907],[58.36769,55.12903],[58.3678,55.12887],[58.36811,55.12878],[58.3682,55.12863],[58.3688,55.12849],[58.36954,55.12651],[58.36946,55.1256],[58.37258,55.12117],[58.36727,55.11911],[58.36204,55.11683],[58.34693,55.10385],[58.3614,55.09656],[58.37332,55.09592],[58.40036,55.07953],[58.38077,55.07054],[58.37929,55.06578],[58.40461,55.06649],[58.42973,55.06628],[58.43952,55.04813],[58.43888,55.03877],[58.43378,55.03558],[58.42611,55.02217],[58.42207,55.01791],[58.42697,55.01062],[58.44527,55.00402],[58.4491,54.99976],[58.45328,54.99672],[58.46379,55.00466],[58.47528,55.00168],[58.48784,55.01168],[58.49976,55.01786],[58.50168,55.02062],[58.51019,55.02403],[58.51402,55.0236],[58.53105,55.02743],[58.54255,55.02403],[58.54709,55.025],[58.54747,55.02604],[58.54774,55.02637],[58.54846,55.02674],[58.54896,55.02651],[58.54922,55.02597],[58.54951,55.02515],[58.54945,55.02477],[58.54916,55.02433],[58.54831,55.02289],[58.54767,55.02261],[58.54722,55.0222],[58.54665,55.02108],[58.54649,55.02052],[58.54677,55.02017],[58.54627,55.01932],[58.54617,55.019],[58.54638,55.01854],[58.54546,55.01774],[58.54454,55.01724],[58.54311,55.01598],[58.54228,55.01486],[58.54098,55.01331],[58.54043,55.01259],[58.53942,55.01166],[58.53735,55.00983],[58.53392,55.00648],[58.53103,55.00388],[58.53106,55.0031],[58.53121,55.00233],[58.53103,55.00152],[58.53065,55.00093],[58.53023,55.00054],[58.5296,55.00035],[58.52885,54.99913],[58.52809,54.99866],[58.52752,54.99841],[58.52693,54.99816],[58.52667,54.99786],[58.52673,54.99736],[58.52694,54.99698],[58.52669,54.99654],[58.52628,54.99615],[58.52558,54.99521],[58.5252,54.99494],[58.52478,54.99472],[58.52417,54.99469],[58.5236,54.99472],[58.52282,54.99467],[58.52224,54.99446],[58.52171,54.99434],[58.52102,54.99427],[58.52049,54.99409],[58.52023,54.99385],[58.52002,54.99357],[58.5196,54.99338],[58.51908,54.9932],[58.51868,54.99309],[58.51823,54.99289],[58.51793,54.99262],[58.51732,54.9925],[58.51714,54.99211],[58.51671,54.99194],[58.51568,54.9919],[58.51501,54.9917],[58.51358,54.99092],[58.51212,54.99087],[58.51136,54.99055],[58.51069,54.99018],[58.50689,54.98923],[58.50399,54.98844],[58.49897,54.98709],[58.49262,54.98333],[58.49867,54.97933],[58.50453,54.97627],[58.52284,54.97413],[58.54087,54.9729],[58.54824,54.97367],[58.55842,54.97249],[58.56684,54.97095],[58.5732,54.96714],[58.58682,54.95927],[58.593,54.95842],[58.59768,54.95629],[58.60966,54.95963],[58.62195,54.96471],[58.64132,54.96459],[58.64855,54.96267],[58.65272,54.95866],[58.67264,54.96105],[58.69496,54.968],[58.72709,54.96786],[58.72686,54.98107],[58.73095,54.99618],[58.7504,55.00398],[58.77386,55.01653],[58.80649,55.02872],[58.81692,55.04048],[58.82416,55.0475],[58.8292,55.04993],[58.82373,55.05389],[58.7984,55.05559],[58.78244,55.06777],[58.77654,55.07233],[58.77155,55.07712],[58.7738,55.08287],[58.76213,55.08814],[58.76115,55.09481],[58.75177,55.09836],[58.7485,55.09902],[58.7363,55.10115],[58.73144,55.10189],[58.7368,55.11117],[58.73859,55.11338],[58.73476,55.11551],[58.73348,55.12019],[58.72433,55.12274],[58.72187,55.12358],[58.71837,55.12594],[58.69878,55.12918],[58.66366,55.13919],[58.64131,55.14706],[58.63365,55.14472],[58.63067,55.14195],[58.62906,55.14264],[58.62641,55.14451],[58.62428,55.1443],[58.62407,55.14046],[58.6213,55.14132],[58.62109,55.14323],[58.61811,55.14323],[58.61492,55.14515],[58.6088,55.14255],[58.59903,55.14296],[58.58851,55.14666],[58.59397,55.15033],[58.59458,55.15078],[58.59701,55.15238],[58.60027,55.1563],[58.59233,55.16046],[58.57526,55.16096],[58.57535,55.16152],[58.57569,55.162],[58.57551,55.16249],[58.57548,55.16278],[58.57542,55.16294],[58.57524,55.16329],[58.57543,55.16344],[58.5757,55.16356],[58.57615,55.16368],[58.57634,55.16383],[58.57642,55.16415],[58.5766,55.16511],[58.57691,55.1657],[58.57691,55.16593],[58.57682,55.16632],[58.5767,55.16672],[58.5767,55.16706],[58.57718,55.16722],[58.57767,55.16791],[58.57808,55.16819],[58.58056,55.16895],[58.58177,55.16942],[58.58251,55.16963],[58.58294,55.17012],[58.58305,55.1707],[58.58318,55.17131],[58.58333,55.17171],[58.58361,55.17214],[58.58369,55.17276],[58.58294,55.17388],[58.58252,55.17497],[58.58251,55.17654],[58.58236,55.17695],[58.58102,55.17783],[58.58085,55.17808],[58.58099,55.17838],[58.58123,55.17857],[58.5821,55.17853],[58.58237,55.17858],[58.58281,55.17872],[58.58311,55.17904],[58.58285,55.1792],[58.58274,55.17937],[58.58335,55.17966],[58.58395,55.17991],[58.58471,55.17988],[58.58516,55.17975],[58.58535,55.17978],[58.58552,55.17996],[58.58526,55.18015],[58.58533,55.18048],[58.58566,55.18099],[58.58589,55.18113],[58.58627,55.18125],[58.58668,55.18127],[58.58722,55.18109],[58.58762,55.18108],[58.58796,55.18126],[58.58839,55.1817],[58.58888,55.18195],[58.58935,55.18221],[58.58927,55.18242],[58.58915,55.18273],[58.58925,55.18288],[58.58966,55.18298],[58.58998,55.18296],[58.59027,55.18283],[58.59036,55.18242],[58.59078,55.18237],[58.59191,55.1827],[58.59264,55.18272],[58.59572,55.1824],[58.59613,55.18231],[58.59606,55.18223],[58.59647,55.18203],[58.59679,55.18195],[58.59719,55.18201],[58.59761,55.18219],[58.59851,55.18231],[58.59881,55.18215],[58.59916,55.18211],[58.59977,55.18201],[58.60108,55.1818],[58.60203,55.18215],[58.60279,55.18213],[58.60637,55.18164],[58.60762,55.1814],[58.60891,55.18158],[58.6101,55.18209],[58.61204,55.18319],[58.61336,55.18418],[58.61433,55.18573],[58.6148,55.18748],[58.61447,55.18939],[58.61468,55.19073],[58.61565,55.19233],[58.61579,55.19294],[58.61543,55.19405],[58.61667,55.19474],[58.61806,55.19491],[58.6223,55.19502],[58.62412,55.19456],[58.62633,55.19394],[58.62969,55.1923],[58.63162,55.19136],[58.63355,55.19089],[58.63549,55.19089],[58.63797,55.19121],[58.63974,55.19141],[58.64246,55.19204],[58.64379,55.19367],[58.64373,55.19415],[58.6437,55.19436],[58.64493,55.194],[58.65238,55.1923],[58.65238,55.18591],[58.64642,55.17739],[58.64491,55.17294],[58.64855,55.16947],[58.65408,55.16755],[58.6566,55.16282],[58.65749,55.16116],[58.66472,55.16265],[58.66685,55.16542],[58.6792,55.1733],[58.69239,55.17181],[58.69389,55.16585],[58.69048,55.15925],[58.69282,55.15393],[58.69303,55.15073],[58.7112,55.14399],[58.71411,55.13945],[58.7239,55.1386],[58.72837,55.14286],[58.72814,55.14408],[58.72667,55.1518],[58.72665,55.15212],[58.73539,55.15329],[58.73305,55.15499],[58.73646,55.1567],[58.74795,55.15904],[58.7554,55.16372],[58.75732,55.16931],[58.75753,55.17314],[58.75604,55.17442],[58.75945,55.17952],[58.75689,55.18016],[58.76008,55.18506],[58.75945,55.18612],[58.76562,55.1891],[58.77307,55.21257],[58.69303,55.23194],[58.69878,55.25009],[58.70325,55.26371],[58.70942,55.27967],[58.72538,55.28968],[58.74795,55.28585],[58.75742,55.28583],[58.7663,55.28485],[58.78202,55.28302],[58.81138,55.2801],[58.83075,55.27776],[58.85438,55.27563],[58.86289,55.27499],[58.88673,55.27584],[58.93186,55.27201],[58.93888,55.28372],[58.93548,55.28628],[58.93334,55.29449],[58.89652,55.29101],[58.86566,55.29037],[58.83777,55.29335],[58.8416,55.30618],[58.84693,55.32682],[58.91142,55.3264],[58.93058,55.31703],[58.96528,55.31597],[58.964,55.2925],[58.96549,55.27994],[58.96639,55.26251],[58.97358,55.26504],[58.98124,55.26419],[58.98465,55.26185],[58.9838,55.24993],[58.9855,55.24801],[58.9904,55.25036],[58.99082,55.2561],[58.9889,55.26142],[58.99784,55.26632],[59.00359,55.26717],[59.007,55.26526],[59.01594,55.2693],[59.01381,55.27143],[59.01487,55.28335],[59.01828,55.28527],[59.02211,55.28399],[59.02913,55.27824],[59.03424,55.27718],[59.04212,55.28016],[59.04191,55.2883],[59.04872,55.29532],[59.05638,55.29745],[59.06532,55.29341],[59.07469,55.29192],[59.07639,55.29852],[59.07852,55.30277],[59.07745,55.3066],[59.08001,55.30836],[59.0932,55.31049],[59.09278,55.31283],[59.08022,55.31773],[59.08064,55.32284],[59.08639,55.32582],[59.09491,55.32369],[59.09853,55.3222],[59.10449,55.32241],[59.10172,55.32901],[59.10129,55.33284],[59.11875,55.33859],[59.12471,55.34263],[59.12896,55.34242],[59.13578,55.3388],[59.15004,55.3388],[59.1626,55.33327],[59.17537,55.33263],[59.17813,55.33454],[59.17686,55.33625],[59.17217,55.33745],[59.17111,55.33752],[59.16664,55.34029],[59.16004,55.34242],[59.16289,55.34634],[59.17686,55.36355],[59.18133,55.37376],[59.18345,55.37972],[59.18298,55.38417],[59.18431,55.38696],[59.17707,55.3885],[59.17536,55.39212],[59.16206,55.40087],[59.14429,55.41256],[59.14727,55.42043],[59.15003,55.42575],[59.17026,55.42384],[59.17111,55.43155],[59.17302,55.43986],[59.18303,55.44198],[59.18303,55.44582],[59.18515,55.44927],[59.18494,55.4563],[59.18664,55.45907],[59.18515,55.46247],[59.17983,55.46396],[59.18324,55.46843],[59.19473,55.46864],[59.20069,55.46545],[59.23901,55.46503],[59.25987,55.46567],[59.26561,55.46247],[59.27626,55.46439],[59.28137,55.46396],[59.33905,55.47759],[59.34714,55.47977],[59.34969,55.48403],[59.36161,55.48403],[59.36459,55.48168],[59.3729,55.47807],[59.37247,55.48509],[59.38609,55.48594],[59.38205,55.48722],[59.37353,55.48828],[59.37524,55.49105],[59.37204,55.49339],[59.37481,55.49446],[59.37481,55.49658],[59.37822,55.49701],[59.38034,55.49807],[59.3895,55.4968],[59.39397,55.4968],[59.40461,55.49446],[59.4176,55.49403],[59.43369,55.49399],[59.4359,55.48999],[59.43377,55.48956],[59.43356,55.48743],[59.43143,55.48658],[59.4342,55.48445],[59.43122,55.48041],[59.43101,55.477],[59.46407,55.47362],[59.46421,55.47722],[59.4686,55.47983],[59.47315,55.48254],[59.47251,55.48573],[59.47422,55.48999],[59.48103,55.49084],[59.48379,55.49957],[59.4921,55.5034],[59.49417,55.50243],[59.49511,55.502],[59.49806,55.50063],[59.50934,55.5051],[59.517,55.50936],[59.55531,55.51106],[59.57107,55.51383],[59.57894,55.5166],[59.58405,55.52857],[59.58618,55.53602],[59.58511,55.53793],[59.58724,55.54432],[59.59384,55.54922],[59.60065,55.54709],[59.61683,55.5539],[59.61683,55.55794],[59.6428,55.55757],[59.65493,55.59189],[59.65089,55.59764],[59.64769,55.59934],[59.64067,55.59764],[59.63343,55.59892],[59.62811,55.59828],[59.62428,55.60169],[59.60746,55.60424],[59.6015,55.60573],[59.56446,55.59402],[59.55403,55.59381],[59.54935,55.59274],[59.53871,55.59274],[59.53083,55.59679],[59.52743,55.59445],[59.47336,55.59487],[59.46849,55.59483],[59.46527,55.5987],[59.46314,55.59892],[59.46165,55.60232],[59.46612,55.60701],[59.46357,55.61041],[59.46378,55.61467],[59.46719,55.61579],[59.46634,55.61877],[59.46868,55.61877],[59.47144,55.62707],[59.46974,55.63111],[59.46357,55.63494],[59.46506,55.6375],[59.46357,55.63984],[59.46442,55.64346],[59.39098,55.64473],[59.38289,55.62068],[59.34309,55.61089],[59.33543,55.60956],[59.28179,55.58231],[59.27583,55.57976],[59.26753,55.58274],[59.24965,55.58146],[59.2505,55.607],[59.26284,55.60509],[59.27647,55.60594],[59.28445,55.61158],[59.29444,55.62258],[59.33581,55.63157],[59.33659,55.63279],[59.33637,55.63404],[59.33328,55.63608],[59.32755,55.64175],[59.32641,55.64567],[59.32551,55.64782],[59.32664,55.64889],[59.32677,55.64986],[59.32501,55.65089],[59.3239,55.651],[59.32232,55.65222],[59.32333,55.65397],[59.32374,55.65638],[59.32291,55.65674],[59.32258,55.65714],[59.32188,55.65797],[59.32106,55.65842],[59.32048,55.65907],[59.32053,55.65947],[59.32078,55.66153],[59.32103,55.6625],[59.3209,55.66282],[59.32108,55.6634],[59.32121,55.66381],[59.32075,55.66419],[59.32105,55.66471],[59.32214,55.66613],[59.32184,55.66638],[59.32053,55.66647],[59.31944,55.6666],[59.31892,55.66674],[59.31846,55.66728],[59.31851,55.66811],[59.3187,55.66893],[59.31849,55.66908],[59.31728,55.66887],[59.31707,55.66912],[59.31715,55.6696],[59.31611,55.67006],[59.31571,55.67032],[59.31529,55.6712],[59.31543,55.67216],[59.31444,55.67355],[59.31465,55.67408],[59.31524,55.67472],[59.31604,55.67555],[59.3167,55.676],[59.31708,55.67642],[59.31733,55.67668],[59.28881,55.67799],[59.29136,55.6906],[59.29583,55.69784],[59.29626,55.70018],[59.29861,55.70145],[59.27561,55.70912],[59.30264,55.73967],[59.31861,55.7584],[59.32052,55.76138],[59.31839,55.76713],[59.31322,55.76622],[59.31198,55.76656],[59.30963,55.76831],[59.29885,55.76965],[59.29839,55.77102],[59.29441,55.77328],[59.29376,55.77526],[59.29371,55.77989],[59.2906,55.78239],[59.29031,55.78242],[59.29012,55.78321],[59.28981,55.78355],[59.28937,55.78358],[59.28832,55.7833],[59.28782,55.78319],[59.28741,55.78318],[59.28696,55.78328],[59.28678,55.78345],[59.28664,55.78399],[59.28609,55.78408],[59.286,55.7842],[59.28672,55.78432],[59.28674,55.78456],[59.28665,55.78471],[59.28541,55.78491],[59.28459,55.78508],[59.28383,55.78508],[59.28336,55.78511],[59.28258,55.78507],[59.28214,55.78505],[59.28182,55.78506],[59.28123,55.78506],[59.28075,55.7853],[59.27997,55.78537],[59.27899,55.78563],[59.27776,55.78636],[59.27702,55.78682],[59.27676,55.78687],[59.27627,55.78681],[59.27582,55.78681],[59.27541,55.78677],[59.27526,55.78679],[59.27487,55.78688],[59.27445,55.78692],[59.27391,55.78708],[59.27382,55.7871],[59.27358,55.78726],[59.27343,55.78734],[59.27329,55.78741],[59.27298,55.78749],[59.27264,55.78753],[59.27234,55.78776],[59.27226,55.7878],[59.27214,55.78784],[59.27201,55.78782],[59.27167,55.78781],[59.27131,55.78788],[59.27118,55.78793],[59.27101,55.7881],[59.27095,55.78829],[59.27081,55.78853],[59.27069,55.78875],[59.27066,55.78884],[59.2707,55.78897],[59.27071,55.78915],[59.27054,55.78929],[59.27036,55.78942],[59.27014,55.78949],[59.26984,55.78957],[59.26943,55.78964],[59.26925,55.78969],[59.26918,55.78975],[59.26922,55.78983],[59.26933,55.78997],[59.26938,55.79007],[59.26936,55.7901],[59.26933,55.79014],[59.26921,55.79017],[59.26908,55.79017],[59.26882,55.79014],[59.26873,55.79016],[59.26866,55.79021],[59.26861,55.79033],[59.26856,55.79038],[59.26841,55.79043],[59.26807,55.79046],[59.26765,55.7905],[59.26727,55.79057],[59.26696,55.79068],[59.26667,55.79079],[59.26655,55.79082],[59.2663,55.7908],[59.26616,55.79075],[59.26561,55.79064],[59.26531,55.7906],[59.26486,55.79044],[59.26443,55.79029],[59.26428,55.79019],[59.26398,55.79004],[59.26389,55.79004],[59.26376,55.79006],[59.26371,55.7901],[59.26363,55.79019],[59.2634,55.79038],[59.26306,55.79055],[59.26305,55.79058],[59.26309,55.79062],[59.26329,55.79069],[59.26351,55.79072],[59.26384,55.7908],[59.26408,55.79087],[59.26414,55.79092],[59.26411,55.79098],[59.26406,55.79102],[59.26392,55.79105],[59.26373,55.79105],[59.26363,55.79111],[59.2636,55.79124],[59.2635,55.79132],[59.26311,55.79136],[59.26286,55.79141],[59.26246,55.79145],[59.2621,55.79144],[59.26164,55.79136],[59.2613,55.79133],[59.2606,55.79127],[59.26017,55.79129],[59.25975,55.79137],[59.25943,55.79157],[59.25936,55.79159],[59.25925,55.7916],[59.25911,55.79158],[59.25863,55.79122],[59.25809,55.79085],[59.25766,55.79071],[59.2576,55.79058],[59.25782,55.79036],[59.25778,55.79004],[59.25792,55.78974],[59.25791,55.78967],[59.25776,55.78963],[59.25755,55.78968],[59.25734,55.78977],[59.25718,55.78994],[59.25707,55.79],[59.25684,55.79003],[59.25643,55.79008],[59.2563,55.79018],[59.25614,55.7903],[59.25557,55.79034],[59.25526,55.79043],[59.25485,55.7905],[59.25466,55.79056],[59.25462,55.79075],[59.25445,55.79084],[59.25387,55.79061],[59.25329,55.79022],[59.25303,55.79016],[59.25277,55.79017],[59.25268,55.79034],[59.25251,55.79039],[59.25168,55.7901],[59.25125,55.79004],[59.25046,55.79028],[59.25021,55.79038],[59.24974,55.79044],[59.24923,55.79059],[59.24876,55.79078],[59.24869,55.79091],[59.24884,55.79106],[59.2491,55.7912],[59.24913,55.79131],[59.24909,55.79138],[59.24884,55.79151],[59.24844,55.79152],[59.24805,55.79126],[59.24778,55.79124],[59.24762,55.7914],[59.24729,55.7917],[59.24704,55.79175],[59.24681,55.79171],[59.24674,55.79138],[59.24648,55.79126],[59.24617,55.79088],[59.24545,55.79073],[59.24469,55.79082],[59.24425,55.79068],[59.24372,55.79077],[59.24324,55.79083],[59.24311,55.79095],[59.24336,55.79131],[59.24302,55.79157],[59.24255,55.79163],[59.24237,55.79149],[59.24182,55.79142],[59.24138,55.79174],[59.24076,55.79172],[59.24028,55.79158],[59.24037,55.79131],[59.24023,55.79117],[59.23969,55.79119],[59.2392,55.79134],[59.2385,55.79142],[59.23792,55.79156],[59.23744,55.79162],[59.23691,55.79138],[59.23638,55.79132],[59.23552,55.79163],[59.23509,55.79165],[59.23465,55.79161],[59.23433,55.79116],[59.23409,55.79102],[59.23344,55.79114],[59.23314,55.79106],[59.2331,55.79078],[59.2328,55.79055],[59.23235,55.7904],[59.23101,55.79011],[59.23025,55.79022],[59.22906,55.78993],[59.22877,55.79007],[59.22841,55.79041],[59.22796,55.79034],[59.22783,55.79015],[59.22808,55.78989],[59.22748,55.7896],[59.22725,55.78961],[59.2271,55.78977],[59.22704,55.79002],[59.22672,55.79046],[59.22649,55.79052],[59.22619,55.79049],[59.2256,55.79052],[59.22478,55.79039],[59.22393,55.79031],[59.22323,55.78986],[59.22278,55.78977],[59.2221,55.7899],[59.22157,55.78965],[59.22138,55.78965],[59.2214,55.78977],[59.2216,55.79007],[59.22159,55.79019],[59.22134,55.79029],[59.22084,55.7902],[59.22034,55.79019],[59.22007,55.79003],[59.22012,55.78957],[59.2199,55.78945],[59.2193,55.78956],[59.21885,55.78962],[59.21869,55.7894],[59.21816,55.78945],[59.21781,55.78941],[59.21707,55.78918],[59.21669,55.78918],[59.21633,55.78935],[59.21597,55.78978],[59.2157,55.78989],[59.21522,55.78983],[59.21436,55.78948],[59.21351,55.78924],[59.21288,55.78921],[59.21254,55.78928],[59.2125,55.7894],[59.21325,55.78965],[59.2132,55.78981],[59.21312,55.78988],[59.2128,55.78991],[59.21234,55.78966],[59.21216,55.78966],[59.21218,55.78976],[59.21243,55.79002],[59.21232,55.79021],[59.2121,55.79023],[59.21122,55.79021],[59.21057,55.78995],[59.21028,55.78977],[59.21013,55.78961],[59.21058,55.78945],[59.21068,55.78933],[59.21016,55.78912],[59.21021,55.7889],[59.21015,55.78871],[59.20962,55.78865],[59.20935,55.78876],[59.20911,55.78907],[59.20904,55.78922],[59.2089,55.78931],[59.2086,55.7894],[59.20812,55.7893],[59.20748,55.78921],[59.20697,55.78938],[59.20676,55.78949],[59.20655,55.78949],[59.20635,55.78916],[59.20575,55.78893],[59.20516,55.78893],[59.20444,55.78871],[59.20407,55.78867],[59.20345,55.78867],[59.20282,55.78891],[59.20218,55.78888],[59.20151,55.78863],[59.20091,55.78878],[59.20065,55.78879],[59.19978,55.78864],[59.19945,55.78869],[59.19936,55.78882],[59.19925,55.78903],[59.19918,55.78914],[59.19876,55.78932],[59.19853,55.78938],[59.19792,55.78942],[59.19745,55.78968],[59.19711,55.78983],[59.19703,55.78993],[59.19702,55.7901],[59.19708,55.7902],[59.19723,55.79032],[59.19739,55.79051],[59.19726,55.79059],[59.19667,55.79067],[59.19649,55.79069],[59.19622,55.79098],[59.19575,55.79119],[59.19375,55.79171],[59.19267,55.79199],[59.19245,55.79198],[59.19235,55.79186],[59.1922,55.7916],[59.19184,55.79154],[59.19137,55.7916],[59.19114,55.7917],[59.19101,55.79186],[59.1909,55.79206],[59.19075,55.79229],[59.19054,55.7924],[59.19027,55.79243],[59.18988,55.79244],[59.18938,55.79251],[59.18871,55.79244],[59.18819,55.79307],[59.18792,55.79298],[59.18724,55.79322],[59.18698,55.79294],[59.18735,55.79259],[59.18646,55.79228],[59.185,55.79219],[59.18415,55.79234],[59.18374,55.79247],[59.18362,55.79263],[59.18378,55.793],[59.18362,55.79323],[59.18317,55.79346],[59.18243,55.79344],[59.18151,55.7938],[59.18065,55.7936],[59.18011,55.79357],[59.17961,55.79328],[59.17914,55.79328],[59.17912,55.79367],[59.17892,55.79378],[59.17844,55.7937],[59.17808,55.7929],[59.17729,55.79263],[59.17678,55.7921],[59.17628,55.79215],[59.17603,55.79242],[59.17583,55.79267],[59.17545,55.79281],[59.17396,55.79285],[59.17236,55.79267],[59.17175,55.79164],[59.17078,55.79176],[59.17054,55.79143],[59.16977,55.79104],[59.16952,55.7905],[59.16894,55.79029],[59.1677,55.79011],[59.16725,55.79069],[59.1668,55.79085],[59.16578,55.7904],[59.16481,55.79048],[59.16479,55.79076],[59.16508,55.79105],[59.16486,55.79118],[59.16423,55.79118],[59.16335,55.79171],[59.16281,55.7917],[59.16227,55.79123],[59.16121,55.79124],[59.16011,55.79151],[59.15927,55.79133],[59.15882,55.79152],[59.15833,55.79151],[59.15803,55.7913],[59.157,55.7906],[59.15587,55.79016],[59.15481,55.79049],[59.15454,55.79073],[59.15472,55.79096],[59.15517,55.79142],[59.15503,55.79176],[59.1546,55.79187],[59.1535,55.79128],[59.15321,55.79139],[59.15278,55.79142],[59.15269,55.79063],[59.15251,55.79039],[59.15201,55.79043],[59.15186,55.79087],[59.15163,55.79099],[59.15109,55.79107],[59.15055,55.791],[59.15064,55.79055],[59.15023,55.79029],[59.14848,55.79009],[59.14769,55.78974],[59.14694,55.78972],[59.1451,55.78978],[59.1439,55.79006],[59.14269,55.78977],[59.14212,55.78993],[59.14131,55.79035],[59.1403,55.79029],[59.13962,55.79006],[59.13971,55.78981],[59.14014,55.78963],[59.13921,55.78908],[59.13777,55.78871],[59.13741,55.78912],[59.13674,55.78918],[59.13572,55.78949],[59.13342,55.82002],[59.14299,55.8181],[59.15002,55.81874],[59.15108,55.81832],[59.15683,55.81853],[59.15928,55.818],[59.15981,55.81789],[59.16513,55.81938],[59.17216,55.81874],[59.1811,55.82002],[59.18472,55.81874],[59.1939,55.82016],[59.19238,55.82832],[59.19574,55.83066],[59.21442,55.84285],[59.22512,55.84976],[59.2244,55.85032],[59.22398,55.85058],[59.22353,55.85059],[59.22259,55.85029],[59.22196,55.85034],[59.22169,55.85058],[59.2215,55.85101],[59.22117,55.85122],[59.22054,55.85126],[59.22013,55.85138],[59.21926,55.85131],[59.2187,55.85131],[59.21834,55.8514],[59.21772,55.85161],[59.21733,55.85183],[59.21714,55.85199],[59.21698,55.85217],[59.21671,55.8523],[59.21657,55.85254],[59.21642,55.85267],[59.21626,55.85284],[59.21605,55.85309],[59.21568,55.8537],[59.21562,55.85397],[59.21528,55.85426],[59.21506,55.85455],[59.21491,55.85478],[59.21454,55.85507],[59.21426,55.85532],[59.21439,55.85558],[59.21435,55.85617],[59.21345,55.85697],[59.21331,55.85717],[59.21315,55.85754],[59.21299,55.85777],[59.21279,55.8583],[59.21311,55.85916],[59.21344,55.85948],[59.21337,55.85987],[59.21368,55.86026],[59.21392,55.86037],[59.21422,55.86055],[59.21438,55.86074],[59.21443,55.86095],[59.21454,55.86111],[59.21461,55.8612],[59.21468,55.86128],[59.21467,55.86132],[59.21459,55.86135],[59.21414,55.86145],[59.21407,55.86157],[59.2143,55.86177],[59.21447,55.86199],[59.21403,55.8622],[59.21402,55.86244],[59.21383,55.86256],[59.21347,55.86256],[59.21324,55.86261],[59.21306,55.86276],[59.21307,55.863],[59.2127,55.86316],[59.21262,55.8635],[59.21196,55.86407],[59.2117,55.86409],[59.21077,55.86423],[59.20956,55.86475],[59.20925,55.86481],[59.20817,55.86458],[59.20792,55.86457],[59.20775,55.86482],[59.2075,55.86508],[59.20756,55.86528],[59.20785,55.86588],[59.20776,55.86607],[59.2076,55.86635],[59.20758,55.86658],[59.2077,55.86669],[59.20821,55.86689],[59.20831,55.86717],[59.20827,55.86762],[59.20807,55.86792],[59.2075,55.86813],[59.20724,55.8683],[59.20731,55.86875],[59.20722,55.86902],[59.2073,55.86924],[59.20776,55.86943],[59.20795,55.86954],[59.20778,55.87001],[59.20718,55.87024],[59.20687,55.87039],[59.20668,55.87095],[59.20637,55.87116],[59.20621,55.87146],[59.2064,55.8718],[59.20623,55.87203],[59.20642,55.8722],[59.20676,55.87251],[59.2068,55.87314],[59.20702,55.87344],[59.20716,55.87368],[59.20719,55.87397],[59.20728,55.8749],[59.20679,55.87521],[59.20622,55.87524],[59.20545,55.87545],[59.20464,55.8758],[59.20451,55.87597],[59.20459,55.8764],[59.20431,55.8767],[59.20518,55.87766],[59.20527,55.87785],[59.20529,55.87807],[59.20529,55.87822],[59.20547,55.87834],[59.20584,55.87842],[59.20609,55.87872],[59.20622,55.879],[59.20667,55.87945],[59.20675,55.8796],[59.20689,55.88019],[59.20737,55.88056],[59.20748,55.88118],[59.2072,55.88155],[59.20719,55.88201],[59.20718,55.88256],[59.20642,55.88372],[59.206,55.88415],[59.20567,55.88455],[59.20538,55.88467],[59.20489,55.88456],[59.20484,55.88463],[59.20511,55.88504],[59.20489,55.88544],[59.20444,55.88542],[59.20434,55.88547],[59.20441,55.88563],[59.20457,55.88584],[59.20482,55.88624],[59.20517,55.88648],[59.2055,55.88664],[59.20593,55.88666],[59.20612,55.88653],[59.20601,55.88617],[59.20643,55.88625],[59.20729,55.88666],[59.20744,55.88685],[59.20754,55.88703],[59.20752,55.88728],[59.20713,55.88754],[59.20694,55.8877],[59.20694,55.88798],[59.2072,55.88816],[59.20763,55.8882],[59.20792,55.88855],[59.20797,55.88889],[59.20707,55.8894],[59.20685,55.88944],[59.20641,55.8894],[59.20636,55.88945],[59.20645,55.88959],[59.20658,55.88967],[59.20659,55.88975],[59.20647,55.88984],[59.20614,55.88997],[59.206,55.89011],[59.20598,55.89022],[59.20617,55.89045],[59.20648,55.89054],[59.20724,55.89066],[59.20757,55.89086],[59.20762,55.89095],[59.20731,55.89141],[59.2072,55.89157],[59.20724,55.8917],[59.20748,55.89179],[59.20772,55.89177],[59.2083,55.8914],[59.20858,55.89131],[59.2088,55.8913],[59.20905,55.89145],[59.20913,55.89164],[59.20881,55.89187],[59.20876,55.89202],[59.20892,55.89218],[59.20914,55.89235],[59.20928,55.89259],[59.20947,55.89304],[59.20972,55.8932],[59.21042,55.89339],[59.21087,55.89352],[59.21127,55.89381],[59.21197,55.89431],[59.21278,55.89455],[59.21333,55.89495],[59.21351,55.89502],[59.21376,55.89495],[59.21431,55.89474],[59.21459,55.89477],[59.2147,55.89485],[59.21474,55.895],[59.21475,55.89516],[59.21472,55.89526],[59.21468,55.89534],[59.21457,55.89546],[59.21454,55.89558],[59.21462,55.89565],[59.21472,55.89571],[59.2148,55.89571],[59.21518,55.89567],[59.21542,55.89569],[59.21575,55.89582],[59.21582,55.89595],[59.21581,55.89604],[59.21565,55.89628],[59.21563,55.89638],[59.21575,55.89648],[59.21587,55.8965],[59.2161,55.89647],[59.21627,55.89637],[59.21679,55.89606],[59.21696,55.89607],[59.21712,55.89613],[59.21719,55.89625],[59.21719,55.8963],[59.21693,55.89652],[59.21677,55.89663],[59.21679,55.8967],[59.21693,55.89677],[59.21717,55.89675],[59.2173,55.89666],[59.21761,55.89658],[59.21788,55.89659],[59.21809,55.89672],[59.21817,55.89674],[59.21836,55.89672],[59.21857,55.89666],[59.21868,55.89664],[59.21876,55.89669],[59.21887,55.89683],[59.21903,55.89694],[59.21926,55.89701],[59.21957,55.89711],[59.21981,55.89715],[59.22027,55.89717],[59.22061,55.89723],[59.22101,55.89737],[59.22107,55.89748],[59.221,55.89759],[59.2209,55.89771],[59.22089,55.89777],[59.22097,55.89786],[59.22112,55.89795],[59.22137,55.89804],[59.2215,55.89813],[59.22171,55.89822],[59.22187,55.89822],[59.22204,55.89825],[59.22251,55.89826],[59.22287,55.89837],[59.22321,55.89869],[59.22341,55.89877],[59.22369,55.8988],[59.22399,55.89879],[59.22425,55.89873],[59.22427,55.89843],[59.2244,55.89827],[59.22479,55.89831],[59.22505,55.89835],[59.22521,55.89826],[59.22533,55.89818],[59.22516,55.89803],[59.22427,55.89796],[59.22413,55.89786],[59.22427,55.8978],[59.22469,55.89774],[59.22494,55.89767],[59.22488,55.89731],[59.22521,55.89729],[59.22575,55.89757],[59.22589,55.89757],[59.22622,55.89763],[59.22667,55.89767],[59.22687,55.89783],[59.22688,55.898],[59.22698,55.89816],[59.22719,55.8983],[59.2273,55.8984],[59.22706,55.89851],[59.22646,55.89871],[59.22645,55.89885],[59.22661,55.89899],[59.22683,55.89902],[59.22721,55.89892],[59.22748,55.89896],[59.22811,55.89942],[59.22735,55.89974],[59.22735,55.89986],[59.22758,55.90004],[59.22806,55.90002],[59.22855,55.89984],[59.22891,55.89999],[59.22886,55.90019],[59.22878,55.90048],[59.22912,55.90064],[59.22966,55.90078],[59.23009,55.90105],[59.23041,55.90123],[59.23107,55.90143],[59.2313,55.90146],[59.23163,55.90173],[59.23158,55.90204],[59.23171,55.90216],[59.23216,55.90225],[59.23279,55.90235],[59.23299,55.90243],[59.23311,55.90257],[59.23294,55.90298],[59.23292,55.90308],[59.23294,55.90314],[59.23303,55.90322],[59.23327,55.90325],[59.23347,55.9033],[59.23376,55.90333],[59.23394,55.90331],[59.23418,55.90333],[59.23437,55.90335],[59.23444,55.90339],[59.2346,55.9037],[59.23465,55.90393],[59.23451,55.90411],[59.23436,55.90413],[59.23419,55.90401],[59.2338,55.90403],[59.23343,55.90406],[59.23339,55.90413],[59.23337,55.90421],[59.23353,55.90441],[59.23386,55.90464],[59.23397,55.90495],[59.23364,55.90506],[59.23369,55.90517],[59.23396,55.90538],[59.23416,55.90544],[59.23475,55.90554],[59.23471,55.90592],[59.23463,55.90597],[59.23402,55.90608],[59.23392,55.90644],[59.23372,55.90664],[59.23349,55.90682],[59.23351,55.90695],[59.23369,55.90697],[59.23411,55.90675],[59.23438,55.90682],[59.23454,55.90696],[59.2344,55.90718],[59.23398,55.9074],[59.23399,55.90753],[59.2342,55.90761],[59.2346,55.90766],[59.23507,55.90784],[59.2353,55.90797],[59.23551,55.90802],[59.23569,55.90821],[59.23553,55.90848],[59.23492,55.9087],[59.23459,55.90879],[59.23459,55.90891],[59.23479,55.90893],[59.23564,55.90904],[59.23598,55.90907],[59.23603,55.90936],[59.23597,55.90963],[59.23541,55.9099],[59.23543,55.91004],[59.23544,55.91011],[59.23572,55.91022],[59.23611,55.91048],[59.2363,55.91073],[59.23644,55.91111],[59.23678,55.91143],[59.237,55.91198],[59.23745,55.91253],[59.23766,55.91326],[59.23803,55.91347],[59.23825,55.9137],[59.23806,55.9138],[59.23774,55.91374],[59.23747,55.91359],[59.23727,55.91355],[59.23721,55.91365],[59.23737,55.91381],[59.23749,55.91408],[59.23735,55.91414],[59.23715,55.91425],[59.23729,55.91434],[59.2377,55.91428],[59.23788,55.91433],[59.23807,55.91447],[59.23822,55.9146],[59.23826,55.91492],[59.23772,55.91518],[59.2377,55.91532],[59.23801,55.91557],[59.23809,55.91582],[59.23839,55.91608],[59.23896,55.91616],[59.23954,55.91629],[59.23964,55.91664],[59.24027,55.91672],[59.24035,55.91697],[59.24,55.91712],[59.24,55.91727],[59.24021,55.91739],[59.24069,55.91749],[59.24111,55.91738],[59.24147,55.91739],[59.24167,55.91753],[59.24157,55.9177],[59.24139,55.91788],[59.24163,55.91799],[59.24232,55.91795],[59.24284,55.91808],[59.243,55.91827],[59.24298,55.91845],[59.24279,55.91865],[59.24256,55.91894],[59.24206,55.91902],[59.24191,55.91913],[59.24206,55.91929],[59.2426,55.91923],[59.24287,55.91933],[59.24291,55.91948],[59.24251,55.91957],[59.24252,55.91969],[59.24325,55.91972],[59.2435,55.91984],[59.24347,55.92014],[59.2432,55.92033],[59.2429,55.92039],[59.24258,55.92046],[59.24235,55.92056],[59.24232,55.92063],[59.24239,55.92069],[59.24357,55.9208],[59.24398,55.92093],[59.24402,55.92125],[59.24419,55.92138],[59.24439,55.92141],[59.24448,55.92144],[59.24454,55.92153],[59.24454,55.9216],[59.24451,55.92164],[59.24407,55.92175],[59.24387,55.92183],[59.24371,55.9219],[59.24367,55.92201],[59.24372,55.92206],[59.24382,55.92205],[59.24438,55.92198],[59.2446,55.922],[59.24471,55.92204],[59.24473,55.92215],[59.24442,55.9224],[59.24441,55.92246],[59.24459,55.92248],[59.24509,55.92238],[59.24528,55.92241],[59.24533,55.92256],[59.2451,55.92269],[59.24499,55.92282],[59.24486,55.9231],[59.24448,55.92338],[59.24464,55.9236],[59.24477,55.92376],[59.24503,55.92375],[59.24546,55.92349],[59.24574,55.92351],[59.24605,55.92365],[59.24598,55.92375],[59.24566,55.92399],[59.24567,55.92411],[59.24589,55.92427],[59.24624,55.9242],[59.24625,55.92387],[59.24667,55.92372],[59.24695,55.92374],[59.2472,55.92392],[59.24736,55.92414],[59.24758,55.92414],[59.24787,55.924],[59.2482,55.92395],[59.24855,55.92416],[59.24864,55.92449],[59.24834,55.92465],[59.24794,55.92473],[59.2471,55.92471],[59.24689,55.92475],[59.24696,55.92492],[59.24722,55.92528],[59.24717,55.92552],[59.24694,55.92577],[59.24697,55.92593],[59.24717,55.92607],[59.24737,55.92618],[59.24729,55.92634],[59.24676,55.92647],[59.24601,55.9263],[59.2459,55.92641],[59.24599,55.92663],[59.24632,55.92702],[59.24642,55.92718],[59.2463,55.92738],[59.24646,55.92755],[59.24679,55.92774],[59.2469,55.92789],[59.2465,55.92802],[59.24647,55.92812],[59.24722,55.9281],[59.24742,55.92824],[59.24743,55.92866],[59.24727,55.92923],[59.24694,55.92926],[59.24677,55.92887],[59.24662,55.92875],[59.24646,55.92881],[59.24647,55.92916],[59.24658,55.92939],[59.24688,55.92958],[59.24742,55.92959],[59.24755,55.9298],[59.2475,55.93004],[59.24726,55.93029],[59.24648,55.93056],[59.24637,55.93085],[59.24645,55.93141],[59.24637,55.9317],[59.24575,55.93198],[59.24548,55.93213],[59.24533,55.93238],[59.24532,55.93271],[59.24545,55.93275],[59.24605,55.93259],[59.24637,55.93264],[59.2464,55.93281],[59.24659,55.93289],[59.24749,55.93276],[59.24767,55.93295],[59.24721,55.9339],[59.2473,55.93409],[59.24757,55.93419],[59.24793,55.93434],[59.24794,55.93457],[59.24777,55.93476],[59.24758,55.93498],[59.24749,55.93533],[59.24772,55.93541],[59.24812,55.93526],[59.24844,55.93532],[59.24859,55.93548],[59.24878,55.93559],[59.24931,55.93575],[59.24956,55.93598],[59.24933,55.93614],[59.24864,55.9362],[59.24843,55.9363],[59.24862,55.93648],[59.24873,55.93671],[59.24847,55.93695],[59.24831,55.93712],[59.24841,55.93725],[59.24873,55.93729],[59.24893,55.93738],[59.24895,55.93756],[59.24867,55.9377],[59.24836,55.93791],[59.24826,55.93829],[59.24851,55.93834],[59.24865,55.93807],[59.24912,55.93798],[59.24938,55.93809],[59.24941,55.93837],[59.2494,55.93866],[59.24916,55.93889],[59.24915,55.9391],[59.24941,55.9393],[59.24975,55.93979],[59.24958,55.94],[59.24946,55.94048],[59.24947,55.9412],[59.24917,55.94152],[59.24934,55.94183],[59.24938,55.94206],[59.24907,55.94216],[59.24856,55.94189],[59.24836,55.94195],[59.24856,55.94224],[59.24906,55.94246],[59.2491,55.94262],[59.24883,55.9428],[59.24828,55.94269],[59.24764,55.94237],[59.24743,55.94231],[59.24726,55.94232],[59.24729,55.94264],[59.24762,55.94298],[59.24741,55.94313],[59.24717,55.94323],[59.24702,55.94332],[59.24708,55.94346],[59.24771,55.94355],[59.24835,55.94361],[59.24863,55.94388],[59.24856,55.94411],[59.2483,55.94428],[59.24739,55.94442],[59.24724,55.94453],[59.24724,55.94473],[59.24744,55.94487],[59.24827,55.94507],[59.24827,55.94531],[59.24803,55.94538],[59.24741,55.94536],[59.24736,55.94548],[59.24774,55.94548],[59.24801,55.9455],[59.24836,55.94571],[59.24842,55.94587],[59.24819,55.94599],[59.24767,55.94594],[59.24734,55.94595],[59.24721,55.94601],[59.24745,55.94611],[59.24839,55.94628],[59.24847,55.94668],[59.24828,55.94696],[59.24744,55.94722],[59.24734,55.94739],[59.24736,55.94762],[59.24794,55.94829],[59.24785,55.94843],[59.24744,55.94848],[59.2469,55.94834],[59.24668,55.94838],[59.24673,55.94856],[59.24674,55.94898],[59.24644,55.94918],[59.24647,55.94933],[59.24684,55.94949],[59.24703,55.94958],[59.24701,55.94971],[59.24681,55.94987],[59.24655,55.94995],[59.24579,55.94996],[59.24557,55.95009],[59.24557,55.95021],[59.24583,55.95039],[59.24622,55.95054],[59.24616,55.9507],[59.24588,55.95083],[59.24545,55.95084],[59.21621,55.95183],[59.22217,55.98227],[59.22196,55.98871],[59.21451,55.99978],[59.19258,56.02516],[59.24758,56.03122],[59.24133,56.03346],[59.24154,56.03602],[59.24707,56.03644],[59.25218,56.03261],[59.25921,56.03538],[59.27837,56.03517],[59.28007,56.03836],[59.27709,56.04177],[59.28177,56.04347],[59.28411,56.04262],[59.28326,56.03942],[59.28347,56.03559],[59.28645,56.03474],[59.29539,56.03964],[59.30199,56.04113],[59.30817,56.04629],[59.30731,56.05033],[59.30795,56.05374],[59.30029,56.05587],[59.30008,56.05864],[59.30774,56.05864],[59.31221,56.05778],[59.31647,56.06417],[59.31412,56.06758],[59.31583,56.06992],[59.32115,56.07013],[59.322,56.07465],[59.32541,56.07593],[59.32711,56.08083],[59.33435,56.08253],[59.33541,56.08593],[59.32668,56.08742],[59.32328,56.08636],[59.32157,56.08402],[59.31668,56.08317],[59.31434,56.08551],[59.31923,56.09195],[59.322,56.0962],[59.32306,56.10046],[59.32562,56.10217],[59.33115,56.10089],[59.33477,56.10217],[59.33051,56.10493],[59.32689,56.10685],[59.32796,56.11132],[59.33307,56.10988],[59.33881,56.1086],[59.34201,56.11031],[59.33988,56.11286],[59.332,56.11286],[59.32477,56.11478],[59.32328,56.11903],[59.31923,56.12563],[59.32093,56.12883],[59.32519,56.1301],[59.32604,56.13266],[59.32434,56.13479],[59.31838,56.13564],[59.31604,56.13755],[59.31689,56.14117],[59.31433,56.14394],[59.31625,56.14734],[59.32029,56.14798],[59.32306,56.14628],[59.32264,56.14202],[59.32625,56.13989],[59.33264,56.14117],[59.33264,56.14415],[59.33136,56.14585],[59.33243,56.14777],[59.33583,56.14969],[59.33264,56.15442],[59.33285,56.16123],[59.3291,56.15908],[59.33009,56.15634],[59.3254,56.15527],[59.31433,56.154],[59.30071,56.1557],[59.2956,56.15549],[59.29411,56.15357],[59.29305,56.15442],[59.28922,56.15336],[59.28113,56.1557],[59.27836,56.15932],[59.28283,56.14676],[59.27347,56.14309],[59.26516,56.14181],[59.26729,56.13862],[59.26602,56.13627],[59.26729,56.12904],[59.26091,56.12861],[59.25878,56.12755],[59.25665,56.1284],[59.2541,56.1284],[59.25197,56.12925],[59.23941,56.12946],[59.21983,56.13372],[59.20109,56.13649],[59.18917,56.13862],[59.18646,56.14192],[59.18385,56.13925],[59.18002,56.13755],[59.17938,56.13627],[59.17555,56.13606],[59.17619,56.13393],[59.17129,56.13287],[59.16725,56.13223],[59.16299,56.13031],[59.15384,56.13776],[59.15277,56.14564],[59.13128,56.14755],[59.10616,56.14819],[59.097,56.14904],[59.07849,56.15735],[59.06167,56.16549],[59.04443,56.16549],[59.04205,56.16836],[59.04078,56.16854],[59.04097,56.17143],[59.03621,56.17208],[59.03005,56.17331],[59.01886,56.19785],[59.01896,56.19791],[59.02566,56.19927],[59.02911,56.19962],[59.0353,56.19987],[59.03828,56.19957],[59.04454,56.19884],[59.05079,56.19911],[59.05656,56.19937],[59.06776,56.19996],[59.07224,56.19944],[59.07647,56.19892],[59.08408,56.19783],[59.09596,56.19775],[59.10258,56.19773],[59.11019,56.19764],[59.11137,56.1974],[59.11133,56.19401],[59.11307,56.19379],[59.11357,56.19342],[59.11594,56.19282],[59.11785,56.19186],[59.12116,56.19073],[59.12171,56.18946],[59.12853,56.19475],[59.13325,56.20239],[59.16852,56.19871],[59.16889,56.23017],[59.18178,56.24823],[59.19834,56.27106],[59.19555,56.27221],[59.19326,56.27327],[59.19158,56.27446],[59.1902,56.27632],[59.18952,56.27841],[59.18946,56.28092],[59.18985,56.2842],[59.1907,56.28661],[59.19109,56.28931],[59.19083,56.29099],[59.19024,56.29221],[59.18904,56.29368],[59.18787,56.29499],[59.1862,56.2965],[59.18344,56.29795],[59.18077,56.29908],[59.17722,56.30032],[59.17303,56.3014],[59.17075,56.30236],[59.16713,56.30391],[59.16464,56.305],[59.16342,56.30588],[59.16249,56.30707],[59.1617,56.30828],[59.16158,56.30902],[59.1619,56.31014],[59.16289,56.31154],[59.16393,56.31305],[59.16398,56.31348],[59.16379,56.31402],[59.16326,56.31456],[59.16262,56.31488],[59.16183,56.31495],[59.1609,56.31489],[59.15742,56.31449],[59.15605,56.31439],[59.15352,56.31458],[59.15231,56.3148],[59.15111,56.31532],[59.15043,56.31596],[59.15013,56.31706],[59.15045,56.31815],[59.15184,56.31938],[59.15379,56.31894],[59.15612,56.31843],[59.15757,56.31821],[59.15914,56.31816],[59.16018,56.31819],[59.16139,56.31852],[59.16153,56.31897],[59.16098,56.31972],[59.15974,56.32024],[59.15799,56.3206],[59.15522,56.32078],[59.15426,56.32086],[59.15248,56.32095],[59.15234,56.32159],[59.1511,56.32205],[59.15023,56.32218],[59.1491,56.32212],[59.14815,56.32162],[59.14755,56.32097],[59.14688,56.3201],[59.14613,56.31978],[59.14539,56.31965],[59.14403,56.31954],[59.14282,56.3197],[59.14144,56.32009],[59.13977,56.32069],[59.13908,56.32129],[59.13897,56.32201],[59.13941,56.32359],[59.13986,56.32478],[59.14015,56.32621],[59.14031,56.3279],[59.14058,56.329],[59.14157,56.33003],[59.14194,56.33062],[59.14148,56.33098],[59.14003,56.33122],[59.13943,56.33134],[59.13845,56.3316],[59.13812,56.33186],[59.13775,56.3324],[59.1375,56.33331],[59.13769,56.33396],[59.13794,56.33429],[59.13863,56.33468],[59.13954,56.3348],[59.14051,56.33453],[59.14111,56.33391],[59.14175,56.33291],[59.14273,56.33208],[59.14373,56.33156],[59.14527,56.3314],[59.14818,56.33139],[59.15348,56.3316],[59.15682,56.3318],[59.1574,56.33173],[59.15861,56.33104],[59.1591,56.33053],[59.15934,56.33004],[59.15942,56.32957],[59.15934,56.32878],[59.15898,56.32797],[59.15847,56.32743],[59.15817,56.32686],[59.15816,56.32636],[59.15847,56.32584],[59.15919,56.32553],[59.16074,56.32528],[59.16172,56.32531],[59.16266,56.32546],[59.16336,56.32566],[59.1644,56.32635],[59.16513,56.32714],[59.16538,56.3278],[59.16538,56.32875],[59.1652,56.32927],[59.1645,56.32994],[59.16365,56.33056],[59.16317,56.33123],[59.16297,56.33197],[59.16309,56.33232],[59.16517,56.33366],[59.16538,56.33409],[59.16581,56.33518],[59.16579,56.33627],[59.16611,56.33716],[59.16672,56.33779],[59.16788,56.33853],[59.16794,56.33885],[59.16776,56.33971],[59.16685,56.34146],[59.16606,56.34245],[59.16523,56.34311],[59.16406,56.34371],[59.16214,56.34453],[59.15948,56.34547],[59.16318,56.34617],[59.16942,56.34719],[59.18347,56.34931],[59.1982,56.35166],[59.2228,56.35533],[59.23814,56.35081],[59.26238,56.3436],[59.27481,56.34384],[59.2844,56.34447],[59.28372,56.34271],[59.28207,56.3396],[59.27837,56.33362],[59.27819,56.33251],[59.27846,56.33104],[59.27915,56.33],[59.28035,56.32921],[59.28244,56.32852],[59.28457,56.32813],[59.28717,56.32769],[59.28884,56.32748],[59.29494,56.32725],[59.30167,56.32695],[59.31198,56.32641],[59.32191,56.32594],[59.34782,56.32483],[59.38511,56.32292],[59.42038,56.32078],[59.41374,56.33376],[59.41269,56.33607],[59.44315,56.33659],[59.47163,56.33701],[59.50455,56.3377],[59.55477,56.33891],[59.55655,56.33816],[59.57114,56.33849],[59.57176,56.33787],[59.57235,56.32098],[59.60599,56.32171],[59.62149,56.32217],[59.63779,56.3223],[59.66817,56.32285],[59.69783,56.32356],[59.71401,56.32352],[59.70574,56.31561],[59.65847,56.27036],[59.63471,56.24805],[59.646,56.24574],[59.72562,56.23035],[59.73179,56.22921],[59.73997,56.2283],[59.75764,56.22324],[59.75758,56.22386],[59.75723,56.22398],[59.75684,56.22427],[59.75677,56.22467],[59.75692,56.22476],[59.75737,56.22478],[59.75766,56.22493],[59.7578,56.22524],[59.75765,56.22543],[59.75808,56.22615],[59.75879,56.2269],[59.76058,56.22734],[59.76122,56.2275],[59.76247,56.2276],[59.76533,56.2272],[59.76725,56.2268],[59.77025,56.22587],[59.77216,56.22558],[59.77349,56.22554],[59.77396,56.22541],[59.77418,56.22548],[59.77418,56.22581],[59.77442,56.22601],[59.77512,56.22609],[59.77584,56.22602],[59.77677,56.22634],[59.77823,56.22666],[59.77861,56.22657],[59.77872,56.22627],[59.77893,56.22614],[59.77915,56.22581],[59.77965,56.22566],[59.78041,56.22574],[59.78237,56.22577],[59.78298,56.22561],[59.7833,56.2256],[59.78335,56.22564],[59.78338,56.22571],[59.78335,56.22576],[59.78326,56.22587],[59.78329,56.22593],[59.78343,56.22603],[59.78401,56.22605],[59.78416,56.22614],[59.78419,56.2263],[59.784,56.22648],[59.78398,56.22674],[59.78404,56.22685],[59.78438,56.22684],[59.78454,56.22694],[59.78449,56.22702],[59.78424,56.2271],[59.78422,56.22718],[59.78464,56.22749],[59.78471,56.2276],[59.78455,56.22771],[59.78442,56.2279],[59.78429,56.2281],[59.78435,56.22819],[59.78452,56.22831],[59.78466,56.22842],[59.78485,56.22872],[59.78506,56.22911],[59.78503,56.22934],[59.78491,56.22952],[59.78487,56.22989],[59.78459,56.23011],[59.78436,56.23071],[59.78453,56.23082],[59.7848,56.23078],[59.78513,56.23054],[59.78532,56.23058],[59.78536,56.23068],[59.78524,56.23084],[59.78527,56.23095],[59.78545,56.23106],[59.78595,56.23123],[59.78607,56.23135],[59.78607,56.23167],[59.78656,56.23239],[59.7864,56.23254],[59.78554,56.2325],[59.78536,56.23262],[59.78539,56.23271],[59.78573,56.23294],[59.78588,56.23299],[59.78614,56.23296],[59.7864,56.23286],[59.78663,56.23285],[59.78683,56.233],[59.78708,56.23313],[59.78766,56.23311],[59.78822,56.23304],[59.78892,56.23307],[59.78943,56.23329],[59.78971,56.23353],[59.78993,56.2335],[59.79028,56.23341],[59.79041,56.23355],[59.79041,56.2338],[59.7907,56.23391],[59.79134,56.23378],[59.79193,56.23377],[59.79204,56.23356],[59.79184,56.2333],[59.79227,56.23315],[59.79263,56.23334],[59.793,56.23371],[59.79339,56.23384],[59.79353,56.23392],[59.79356,56.23402],[59.79345,56.23407],[59.79327,56.23412],[59.79316,56.23421],[59.7932,56.23432],[59.79341,56.23438],[59.7935,56.2345],[59.79344,56.23459],[59.79323,56.23468],[59.79306,56.23477],[59.79306,56.23485],[59.79317,56.23491],[59.79351,56.23491],[59.79364,56.23502],[59.79363,56.23537],[59.79404,56.23558],[59.79474,56.23575],[59.79502,56.23575],[59.79551,56.23549],[59.79608,56.23534],[59.79665,56.23527],[59.79713,56.23503],[59.79755,56.23499],[59.79807,56.23483],[59.79821,56.23472],[59.79842,56.23471],[59.7986,56.23495],[59.79887,56.235],[59.79902,56.2353],[59.79893,56.23552],[59.79902,56.23557],[59.79965,56.23569],[59.79992,56.23558],[59.79996,56.23543],[59.79944,56.23525],[59.79961,56.23509],[59.79989,56.23495],[59.8,56.23482],[59.8002,56.23486],[59.8007,56.23546],[59.80043,56.23566],[59.80042,56.23617],[59.80019,56.2364],[59.80026,56.23649],[59.80043,56.23661],[59.80084,56.23658],[59.80095,56.23664],[59.80133,56.23682],[59.80166,56.23678],[59.80179,56.23665],[59.80208,56.23661],[59.80221,56.23666],[59.80234,56.23685],[59.80268,56.23704],[59.80272,56.23716],[59.80253,56.2374],[59.8026,56.23751],[59.80293,56.23741],[59.80312,56.23747],[59.80316,56.23755],[59.80292,56.23771],[59.8027,56.23781],[59.8026,56.23794],[59.80276,56.23802],[59.80296,56.23798],[59.80307,56.23802],[59.80308,56.2381],[59.80314,56.23823],[59.80336,56.23838],[59.80377,56.23848],[59.80433,56.23839],[59.80459,56.2384],[59.80481,56.23846],[59.80492,56.23858],[59.80528,56.23907],[59.80568,56.23951],[59.8062,56.2397],[59.80643,56.23992],[59.8065,56.24022],[59.80685,56.24033],[59.80712,56.24015],[59.80801,56.24032],[59.80827,56.24043],[59.80838,56.24078],[59.80969,56.241],[59.81068,56.24142],[59.81105,56.2414],[59.81129,56.24146],[59.81181,56.24131],[59.81189,56.24111],[59.81235,56.24115],[59.81294,56.24118],[59.81329,56.24138],[59.81334,56.24155],[59.81357,56.24156],[59.81395,56.2414],[59.81411,56.24145],[59.81411,56.24179],[59.8144,56.24196],[59.81457,56.24196],[59.81543,56.24165],[59.8157,56.24159],[59.81602,56.24155],[59.8164,56.24172],[59.81667,56.24185],[59.81666,56.24214],[59.81683,56.24217],[59.81754,56.242],[59.81839,56.24207],[59.81963,56.24219],[59.82108,56.24264],[59.82191,56.24299],[59.82274,56.24298],[59.82349,56.24301],[59.82412,56.24292],[59.82445,56.24305],[59.82508,56.24329],[59.82545,56.24314],[59.82644,56.24329],[59.82692,56.24332],[59.82717,56.24354],[59.82721,56.24373],[59.82743,56.24377],[59.82771,56.24369],[59.82781,56.24393],[59.82811,56.24396],[59.8283,56.24388],[59.8291,56.24397],[59.82924,56.24393],[59.82928,56.24383],[59.8295,56.24382],[59.82984,56.24396],[59.83005,56.24394],[59.83029,56.24396],[59.83034,56.24413],[59.8309,56.24416],[59.83103,56.24424],[59.83102,56.24437],[59.83109,56.24442],[59.83132,56.24443],[59.83146,56.2444],[59.83193,56.24417],[59.83212,56.24416],[59.83299,56.24466],[59.83331,56.24468],[59.83371,56.24483],[59.83402,56.245],[59.83462,56.24538],[59.835,56.2458],[59.83607,56.24665],[59.83578,56.24696],[59.83553,56.24702],[59.83565,56.24731],[59.83602,56.24727],[59.83632,56.24713],[59.83704,56.2473],[59.8375,56.24771],[59.83868,56.24785],[59.84048,56.24823],[59.84124,56.24825],[59.84202,56.24844],[59.84348,56.24912],[59.84387,56.24942],[59.84353,56.24964],[59.84378,56.24979],[59.84453,56.24987],[59.84579,56.25034],[59.84726,56.25064],[59.84731,56.25072],[59.84672,56.25088],[59.84674,56.25105],[59.84706,56.25097],[59.84721,56.25101],[59.84734,56.25116],[59.84694,56.25138],[59.84698,56.25158],[59.84675,56.25162],[59.84698,56.25182],[59.84717,56.25198],[59.8477,56.25184],[59.84801,56.25163],[59.84778,56.25154],[59.84756,56.25146],[59.84753,56.25136],[59.84777,56.25133],[59.84798,56.25123],[59.84844,56.2513],[59.84862,56.25145],[59.84851,56.25156],[59.84877,56.25176],[59.84886,56.25191],[59.84927,56.25191],[59.8495,56.2519],[59.84966,56.25205],[59.85027,56.25219],[59.85066,56.25225],[59.8515,56.25227],[59.85202,56.25241],[59.85217,56.25253],[59.85251,56.25261],[59.85266,56.25251],[59.85286,56.25259],[59.85329,56.25287],[59.85349,56.25299],[59.85359,56.25319],[59.8535,56.25332],[59.85336,56.25361],[59.85308,56.25364],[59.85327,56.25397],[59.85357,56.2541],[59.85384,56.25411],[59.85395,56.25421],[59.85455,56.25432],[59.85469,56.2544],[59.85506,56.25448],[59.85538,56.25459],[59.856,56.25469],[59.8565,56.25496],[59.85677,56.25512],[59.85686,56.25539],[59.85749,56.25587],[59.85819,56.25624],[59.8588,56.25646],[59.85883,56.25675],[59.85872,56.25689],[59.85907,56.25706],[59.85975,56.25727],[59.86002,56.25745],[59.86079,56.25771],[59.86164,56.25809],[59.8619,56.25821],[59.86198,56.25833],[59.86182,56.25848],[59.86199,56.25865],[59.86225,56.25867],[59.86244,56.25882],[59.86268,56.259],[59.86265,56.25906],[59.86238,56.25913],[59.8625,56.25947],[59.86232,56.25961],[59.86239,56.25971],[59.86268,56.2597],[59.86272,56.25978],[59.86286,56.25986],[59.86301,56.25997],[59.86327,56.25991],[59.86351,56.25999],[59.86333,56.26012],[59.86351,56.26028],[59.86376,56.26034],[59.8639,56.26029],[59.86389,56.2602],[59.86406,56.26013],[59.86426,56.26023],[59.86586,56.25983],[59.87629,56.25703],[59.87917,56.25697],[59.88502,56.25701],[59.90125,56.25733],[59.91537,56.25748],[59.94349,56.2465],[59.9612,56.23926],[59.96314,56.23907],[59.96998,56.23884],[59.97719,56.2385],[59.97938,56.23772],[59.99209,56.23067],[59.99855,56.22715],[59.99965,56.22644],[60.00153,56.22353],[60.00401,56.22064],[60.01838,56.22502],[60.02285,56.22423],[60.02924,56.22306],[60.03223,56.22173],[60.05096,56.21355],[60.05688,56.21359],[60.06313,56.2135],[60.0645,56.21361],[60.07358,56.21747],[60.07702,56.21779],[60.10261,56.21884],[60.13033,56.21497],[60.14055,56.21389],[60.14499,56.21435],[60.15105,56.21505],[60.15789,56.2161],[60.16201,56.2167],[60.1706,56.21708],[60.17555,56.21553],[60.19016,56.20939],[60.1927,56.20827],[60.2006,56.20266],[60.21241,56.20232],[60.22248,56.20128],[60.22505,56.2011],[60.22787,56.20064],[60.23029,56.20056],[60.23233,56.2005],[60.23524,56.20017],[60.23966,56.19998],[60.24715,56.19983],[60.25895,56.19975],[60.26037,56.20176],[60.25985,56.20969],[60.26024,56.21216],[60.26072,56.21277],[60.26156,56.21353],[60.26558,56.21563],[60.26958,56.2174],[60.2708,56.21883],[60.27392,56.22162],[60.27869,56.22449],[60.28157,56.22595],[60.28616,56.22743],[60.29006,56.22846],[60.29044,56.22852],[60.29076,56.22797],[60.29134,56.22729],[60.29221,56.22659],[60.29306,56.22617],[60.2939,56.22593],[60.29451,56.22571],[60.29519,56.2254],[60.29581,56.22504],[60.29631,56.22491],[60.29698,56.22491],[60.29779,56.22501],[60.29882,56.22509],[60.2991,56.22503],[60.29972,56.22477],[60.30003,56.22459],[60.30056,56.22455],[60.30128,56.22457],[60.30257,56.22468],[60.30326,56.2247],[60.30371,56.22467],[60.30436,56.22465],[60.30488,56.22478],[60.3059,56.22515],[60.30645,56.22526],[60.30694,56.22544],[60.30755,56.22581],[60.30828,56.22632],[60.30877,56.22684],[60.309,56.22725],[60.30968,56.22798],[60.31043,56.22849],[60.31085,56.22862],[60.31147,56.2286],[60.31203,56.22852],[60.31316,56.22819],[60.31376,56.22812],[60.31445,56.22818],[60.31539,56.22841],[60.3171,56.22909],[60.31783,56.22936],[60.31886,56.2301],[60.31995,56.23079],[60.32064,56.23113],[60.32156,56.23131],[60.32303,56.23146],[60.32359,56.23141],[60.325,56.23105],[60.32693,56.23072],[60.32856,56.23036],[60.32983,56.23008],[60.33127,56.22988],[60.33278,56.22983],[60.33536,56.22987],[60.3372,56.23006],[60.33817,56.23015],[60.3392,56.2302],[60.33987,56.23017],[60.34096,56.23003],[60.34175,56.23004],[60.34272,56.23012],[60.34363,56.23028],[60.34519,56.23059],[60.34631,56.23095],[60.34728,56.23145],[60.34774,56.23177],[60.3483,56.2321],[60.34856,56.23215],[60.34942,56.23216],[60.35049,56.23215],[60.35169,56.23221],[60.35241,56.23233],[60.35292,56.23253],[60.35348,56.23274],[60.35408,56.23285],[60.35501,56.23285],[60.35571,56.23283],[60.35661,56.23282],[60.35724,56.23292],[60.35777,56.23305],[60.35862,56.2332],[60.3592,56.23321],[60.36014,56.23315],[60.36101,56.23299],[60.36151,56.23301],[60.36197,56.23308],[60.36236,56.23319],[60.36334,56.2333],[60.36381,56.23327],[60.36483,56.23308],[60.36727,56.23244],[60.37081,56.23173],[60.37524,56.23101],[60.38345,56.22989],[60.39146,56.22904],[60.40292,56.22749],[60.4093,56.22727],[60.42315,56.22678],[60.43455,56.22631],[60.43788,56.22612],[60.43795,56.22584],[60.43799,56.22516],[60.43782,56.22452],[60.43768,56.22412],[60.43846,56.22383],[60.44044,56.22371],[60.44601,56.22338],[60.45036,56.22321],[60.45332,56.22297],[60.45684,56.22243],[60.46522,56.22106],[60.4677,56.2223],[60.47106,56.22366],[60.47782,56.22628],[60.48571,56.22977],[60.49743,56.23458],[60.50262,56.23684],[60.50527,56.23548],[60.50682,56.23437],[60.50809,56.23376],[60.50928,56.23362],[60.51131,56.23347],[60.51274,56.23341],[60.51381,56.23315],[60.51502,56.23264],[60.51683,56.23206],[60.51855,56.23142],[60.52196,56.23003],[60.52462,56.22922],[60.52625,56.22871],[60.52734,56.22813],[60.52838,56.22719],[60.52915,56.22684],[60.52999,56.22658],[60.53137,56.22609],[60.53231,56.22562],[60.53373,56.22504],[60.53509,56.22451],[60.53621,56.2243],[60.53734,56.2242],[60.53815,56.22409],[60.54028,56.22357],[60.54212,56.22308],[60.54365,56.22254],[60.54557,56.22195],[60.54664,56.22171],[60.54839,56.22152],[60.55131,56.22135],[60.55384,56.22131],[60.57636,56.31808],[60.6131,56.31525],[60.67979,56.31009],[60.65546,56.21497],[60.67023,56.22235],[60.67628,56.22597],[60.68617,56.23197],[60.705,56.2427],[60.70638,56.24155],[60.70779,56.24038],[60.70889,56.23965],[60.71107,56.23976],[60.71335,56.23962],[60.71768,56.23963],[60.72085,56.23938],[60.72714,56.23903],[60.7406,56.23836],[60.75308,56.23786],[60.76725,56.23725],[60.77049,56.23715],[60.77014,56.22925],[60.76836,56.21878],[60.77146,56.21859],[60.78206,56.21843],[60.8084,56.21774],[60.80956,56.2206],[60.8185,56.21978],[60.82435,56.22111],[60.83128,56.22236],[60.83699,56.2162],[60.8439,56.21998],[60.84636,56.22445],[60.87906,56.22041],[60.87446,56.21478],[60.94091,56.19728],[60.96387,56.19095],[60.9737,56.19937],[60.97609,56.2006],[60.98243,56.19863],[60.99915,56.18858],[61.00118,56.18724],[61.00504,56.18804],[61.00998,56.18882],[61.0112,56.18831],[61.01414,56.18509],[61.04596,56.19983],[61.07922,56.18387],[61.09448,56.18239],[61.10353,56.18144],[61.10308,56.18301],[61.10311,56.18361],[61.10334,56.18414],[61.10393,56.18478],[61.1048,56.18501],[61.1058,56.18534],[61.10727,56.18606],[61.10866,56.18728],[61.10932,56.18792],[61.11032,56.18865],[61.11112,56.18891],[61.11188,56.18888],[61.113,56.18889],[61.1136,56.18907],[61.11534,56.18962],[61.11739,56.19019],[61.1196,56.1907],[61.12291,56.19117],[61.12511,56.19153],[61.12873,56.19194],[61.13155,56.19214],[61.13227,56.19226],[61.13296,56.1924],[61.1338,56.19241],[61.13478,56.19236],[61.13579,56.19235],[61.136,56.19263],[61.13681,56.19324],[61.13854,56.19409],[61.14078,56.19522],[61.14141,56.19557],[61.1421,56.19567],[61.14297,56.19569],[61.14428,56.19571],[61.14503,56.19587],[61.14569,56.19612],[61.14668,56.19659],[61.14802,56.19726],[61.14887,56.19752],[61.15037,56.19789],[61.153,56.19937],[61.1562,56.20108],[61.15813,56.20197],[61.16073,56.2029],[61.1647,56.20425],[61.16796,56.20503],[61.16918,56.20536],[61.16966,56.20537],[61.17036,56.20528],[61.17118,56.20517],[61.17205,56.20517],[61.17286,56.20526],[61.17349,56.20549],[61.17484,56.20601],[61.17563,56.20642],[61.17611,56.20654],[61.17666,56.20655],[61.17882,56.2066],[61.17982,56.20672],[61.1812,56.20705],[61.18325,56.2076],[61.185,56.20802],[61.18588,56.20826],[61.17453,56.22953],[61.17352,56.23012],[61.17288,56.2304],[61.17256,56.23084],[61.17231,56.23177],[61.17202,56.23249],[61.17135,56.23335],[61.17061,56.23385],[61.16886,56.23443],[61.16664,56.23501],[61.16558,56.23528],[61.16484,56.23571],[61.16439,56.23627],[61.16397,56.23729],[61.16353,56.23768],[61.16042,56.23944],[61.15894,56.24302],[61.15856,56.24473],[61.15815,56.24542],[61.15747,56.24736],[61.15674,56.24934],[61.15614,56.25052],[61.15344,56.25845],[61.1494,56.26907],[61.14564,56.28019],[61.14409,56.28093],[61.11154,56.30447],[61.10579,56.30913],[61.09178,56.31924],[61.09168,56.32247],[61.09271,56.33233],[61.0933,56.33929],[61.11993,56.35292],[61.1225,56.35344],[61.1318,56.35461],[61.1548,56.35722],[61.15615,56.36509],[61.16103,56.36629],[61.18016,56.36235],[61.17295,56.35864],[61.18012,56.35345],[61.19352,56.35208],[61.20856,56.35064],[61.21991,56.34965],[61.22988,56.34654],[61.23847,56.34413],[61.24202,56.34303],[61.24653,56.34134],[61.25382,56.33959],[61.25473,56.33904],[61.25956,56.33206],[61.26632,56.3326],[61.27795,56.3337],[61.2823,56.33442],[61.28471,56.33445],[61.29106,56.33576],[61.30041,56.3379],[61.30889,56.33968],[61.31038,56.34026],[61.31094,56.34003],[61.31105,56.33943],[61.31184,56.33864],[61.31268,56.33786],[61.31398,56.33698],[61.31515,56.33623],[61.31578,56.33567],[61.31592,56.33509],[61.3162,56.33442],[61.31666,56.33384],[61.31684,56.3334],[61.31686,56.33283],[61.31713,56.33179],[61.31768,56.33097],[61.31846,56.32984],[61.31972,56.32854],[61.31985,56.32812],[61.32002,56.32677],[61.31993,56.32582],[61.31977,56.32493],[61.31943,56.32421],[61.31901,56.32308],[61.31877,56.32196],[61.31841,56.32126],[61.31751,56.3201],[61.31654,56.31911],[61.31597,56.31855],[61.31579,56.31822],[61.31562,56.31777],[61.31557,56.31742],[61.31544,56.31673],[61.31521,56.31614],[61.31435,56.31521],[61.31345,56.31341],[61.31676,56.31349],[61.32742,56.31384],[61.3378,56.31424],[61.33831,56.3147],[61.34274,56.32208],[61.3465,56.32217],[61.35108,56.32213],[61.35419,56.32241],[61.35634,56.32276],[61.3578,56.32341],[61.36073,56.32459],[61.36528,56.32647],[61.36804,56.3276],[61.37078,56.3287],[61.37345,56.3308],[61.37729,56.33353],[61.3796,56.33552],[61.3829,56.33787],[61.38452,56.3382],[61.38687,56.33898],[61.39379,56.34102],[61.39856,56.34254],[61.40356,56.34391],[61.40876,56.3454],[61.40928,56.3456],[61.42088,56.33585],[61.42894,56.34546],[61.43371,56.35114],[61.44406,56.35324],[61.45945,56.34542],[61.4716,56.34594],[61.47274,56.34416],[61.47189,56.34301],[61.47046,56.34078],[61.46915,56.339],[61.46758,56.33682],[61.46757,56.33646],[61.46842,56.33544],[61.46932,56.33403],[61.46943,56.33349],[61.46963,56.33298],[61.47022,56.33218],[61.47054,56.33139],[61.47096,56.33059],[61.47158,56.33001],[61.47263,56.33026],[61.47321,56.33067],[61.4739,56.33093],[61.47468,56.33108],[61.47571,56.33123],[61.47685,56.33154],[61.47925,56.33201],[61.48302,56.33276],[61.48575,56.33329],[61.48712,56.33338],[61.4887,56.33333],[61.49198,56.3329],[61.49506,56.33244],[61.49843,56.33179],[61.50493,56.3303],[61.50554,56.32624],[61.50543,56.32413],[61.50491,56.32117],[61.5199,56.32117],[61.52829,56.31594],[61.52914,56.31212],[61.52978,56.30868],[61.54124,56.30357],[61.54608,56.30617],[61.55039,56.30747],[61.56098,56.30955],[61.56173,56.30924],[61.55941,56.30722],[61.56456,56.30481],[61.56476,56.30399],[61.56531,56.29689],[61.57025,56.29546],[61.57019,56.29246],[61.56365,56.28952],[61.5666,56.28488],[61.57245,56.28456],[61.57419,56.28822],[61.57653,56.28799],[61.58146,56.28768],[61.58395,56.29401],[61.59191,56.30427],[61.60454,56.30222],[61.60665,56.30606],[61.60903,56.31096],[61.61321,56.31569],[61.61805,56.32023],[61.62919,56.31999],[61.63167,56.31972],[61.63534,56.31968],[61.63813,56.31965],[61.6393,56.31932],[61.64208,56.31926],[61.64453,56.31901],[61.64786,56.31878],[61.65216,56.31851],[61.65803,56.31803],[61.66245,56.31769],[61.66836,56.31742],[61.67024,56.31669],[61.67411,56.31449],[61.67674,56.31309],[61.68264,56.30966],[61.68996,56.30855],[61.69174,56.30824],[61.69324,56.3079],[61.69437,56.30755],[61.69489,56.30717],[61.6964,56.3049],[61.69697,56.3031],[61.69783,56.30162],[61.69856,56.30007],[61.70248,56.29874],[61.70892,56.29676],[61.71618,56.29451],[61.72129,56.29286],[61.72323,56.29216],[61.72596,56.29092],[61.73121,56.28839],[61.73458,56.2867],[61.73343,56.28496],[61.73075,56.28193],[61.72903,56.27979],[61.72618,56.27598],[61.72378,56.27288],[61.72389,56.2722],[61.73062,56.27138],[61.73691,56.27055],[61.7431,56.26994],[61.74607,56.26938],[61.74707,56.25971],[61.75151,56.2578],[61.75042,56.25675],[61.74566,56.25306],[61.74609,56.25178],[61.74801,56.24813],[61.74884,56.2468],[61.74992,56.2445],[61.75352,56.24426],[61.75767,56.24403],[61.75942,56.24378],[61.76019,56.24334],[61.76087,56.24239],[61.76327,56.23842],[61.76356,56.23805],[61.76592,56.23798],[61.76923,56.23781],[61.76945,56.23606],[61.77064,56.23325],[61.77149,56.23043],[61.77307,56.22636],[61.77692,56.22622],[61.77969,56.22614],[61.78187,56.22641],[61.7848,56.22681],[61.78805,56.22702],[61.78925,56.22712],[61.7903,56.22944],[61.79165,56.23275],[61.79633,56.2327],[61.79859,56.2323],[61.7987,56.23042],[61.80518,56.22856],[61.81071,56.23559],[61.81226,56.23629],[61.81871,56.23893],[61.82278,56.23763],[61.83038,56.24127],[61.83166,56.24085],[61.85272,56.2323],[61.87074,56.22268],[61.871,56.2215],[61.87092,56.2134],[61.87263,56.21236],[61.87116,56.20933],[61.87172,56.20907],[61.87801,56.20728],[61.87511,56.20346],[61.87097,56.19859],[61.86792,56.19946],[61.86741,56.19951],[61.86666,56.19941],[61.86544,56.1988],[61.86079,56.19607],[61.86022,56.19552],[61.85938,56.19548],[61.85843,56.19544],[61.85796,56.1953],[61.85741,56.19501],[61.85681,56.19438],[61.85507,56.19166],[61.85304,56.18935],[61.83983,56.18264],[61.83698,56.17783],[61.83845,56.17805],[61.84093,56.17835],[61.84208,56.17834],[61.84411,56.17794],[61.84529,56.1777],[61.85116,56.17788],[61.85237,56.17693],[61.85298,56.17615],[61.85387,56.17546],[61.85551,56.17479],[61.85981,56.17326],[61.86778,56.17352],[61.86963,56.17348],[61.87543,56.1722],[61.88016,56.17129],[61.88397,56.17013],[61.89149,56.16748],[61.89735,56.16625],[61.90458,56.16483],[61.90882,56.16342],[61.91825,56.16047],[61.91941,56.15972],[61.92355,56.15791],[61.92565,56.15671],[61.9287,56.15575],[61.93605,56.15316],[61.94009,56.15248],[61.94828,56.15091],[61.95322,56.14998],[61.95572,56.14963],[61.96038,56.14911],[61.96853,56.14774],[61.97374,56.14705],[61.97934,56.14628],[61.98204,56.14593],[61.98711,56.14459],[61.99238,56.14341],[61.99436,56.14294],[61.99801,56.14158],[62.00052,56.14083],[62.0063,56.13957],[62.01553,56.13777],[62.02,56.13682],[62.02809,56.13524],[62.04967,56.13424],[62.05889,56.13101],[62.06106,56.13082],[62.07008,56.12943],[62.07688,56.12829],[62.08543,56.12712],[62.10146,56.12414],[62.11001,56.12275],[62.1239,56.1201],[62.13275,56.11811],[62.13726,56.11685],[62.14237,56.11664],[62.14854,56.11632],[62.14976,56.11572],[62.15138,56.11398],[62.15178,56.11176],[62.14578,56.10846],[62.13797,56.10426],[62.12463,56.09671],[62.11387,56.09067],[62.11954,56.08569],[62.12498,56.08165],[62.13767,56.07527],[62.16716,56.06053],[62.19266,56.04761],[62.21051,56.03906],[62.22162,56.03801],[62.2223,56.03577],[62.2237,56.03298],[62.22668,56.03017],[62.23042,56.028],[62.22795,56.02125],[62.22503,56.01314],[62.22286,56.00741],[62.22039,56.00126],[62.219,55.99634],[62.21907,55.9935],[62.21983,55.98993],[62.22088,55.98094],[62.22224,55.96987],[62.22259,55.96727],[62.22455,55.96476],[62.22754,55.95295],[62.23033,55.93963],[62.23859,55.93374],[62.2414,55.93412],[62.28556,55.94177],[62.31766,55.9476],[62.32622,55.94284],[62.33092,55.94335],[62.36433,55.93339],[62.36734,55.92757],[62.36997,55.92333],[62.36777,55.92214],[62.35857,55.91673],[62.35514,55.91329],[62.34746,55.9055],[62.34456,55.90152],[62.31357,55.90065],[62.31217,55.88831],[62.31006,55.86677],[62.29181,55.86657],[62.29181,55.86593],[62.29406,55.86055],[62.29948,55.84875],[62.30429,55.83798],[62.30528,55.83781],[62.3166,55.83101],[62.3329,55.82162],[62.34362,55.81529],[62.35825,55.80717],[62.36074,55.80543],[62.39094,55.81319],[62.40164,55.82208],[62.41601,55.83483],[62.42191,55.8346],[62.44032,55.82757],[62.43926,55.82647],[62.43332,55.82059],[62.42648,55.81441],[62.42229,55.81005],[62.42008,55.80632],[62.45375,55.80078],[62.46925,55.80075],[62.47006,55.79833],[62.48105,55.79275],[62.48729,55.7882],[62.49894,55.78071],[62.50301,55.77917],[62.52589,55.76991],[62.52484,55.7602],[62.52475,55.75935],[62.52418,55.75464],[62.52333,55.75219],[62.52163,55.74799],[62.51993,55.74291],[62.52346,55.74158],[62.5245,55.73967],[62.52479,55.73823],[62.52456,55.73742],[62.52046,55.73523],[62.52015,55.73413],[62.51878,55.73197],[62.51701,55.72815],[62.51593,55.72578],[62.51653,55.72535],[62.53456,55.71615],[62.54385,55.70955],[62.54406,55.70772],[62.54464,55.70585],[62.54319,55.70391],[62.53819,55.70061],[62.52902,55.69529],[62.52461,55.69123],[62.52011,55.68429],[62.51737,55.68069],[62.51743,55.6792],[62.53178,55.67493],[62.53451,55.66801],[62.53675,55.66448],[62.55179,55.66281],[62.55253,55.66166],[62.55213,55.65963],[62.55242,55.65116],[62.55395,55.64704],[62.55402,55.64607],[62.55175,55.63866],[62.5504,55.63519],[62.54765,55.62813],[62.54625,55.62415],[62.53219,55.62501],[62.52535,55.62605],[62.52459,55.62525],[62.52198,55.61242],[62.51915,55.60832],[62.51949,55.60417],[62.5234,55.5903],[62.49938,55.58577],[62.4724,55.58598],[62.4708,55.57502],[62.46897,55.56363],[62.46979,55.56324],[62.4713,55.56366],[62.47935,55.56537],[62.49793,55.56811],[62.5014,55.5689],[62.53467,55.57488],[62.55157,55.56741],[62.5649,55.55702],[62.57502,55.54889],[62.59325,55.53479],[62.59786,55.53121],[62.59741,55.5307],[62.59787,55.52566],[62.59953,55.52031],[62.60237,55.51344],[62.60591,55.50825],[62.61166,55.49971],[62.62009,55.49057],[62.61738,55.48986],[62.60318,55.4873],[62.58508,55.48449],[62.54196,55.48394],[62.53249,55.48203],[62.50821,55.47529],[62.49964,55.47214],[62.47483,55.47201],[62.45492,55.46725],[62.45781,55.46262],[62.46535,55.45095],[62.46912,55.44521],[62.47584,55.43511],[62.47628,55.43396],[62.45212,55.4276],[62.44712,55.42757],[62.42718,55.42746],[62.38324,55.42703],[62.38159,55.42648],[62.37801,55.41797],[62.36513,55.41614],[62.33616,55.41574],[62.33279,55.4149],[62.32611,55.41228],[62.31953,55.41374],[62.30791,55.40851],[62.29951,55.40382],[62.29454,55.41429],[62.28831,55.4276],[62.28361,55.43054],[62.26325,55.43324],[62.26305,55.43802],[62.20855,55.44631],[62.18825,55.44544],[62.18517,55.43892],[62.18179,55.43308],[62.17984,55.42999],[62.17578,55.42232],[62.17143,55.41631],[62.16686,55.40941],[62.16671,55.40678],[62.16895,55.40165],[62.17657,55.3991],[62.18031,55.39724],[62.19899,55.38557],[62.21974,55.37237],[62.24168,55.35909],[62.24204,55.35515],[62.24402,55.34375],[62.24445,55.33718],[62.23914,55.33575],[62.2378,55.33719],[62.23564,55.33812],[62.23318,55.33817],[62.23198,55.33817],[62.23146,55.33868],[62.23131,55.33914],[62.23258,55.33944],[62.2334,55.33944],[62.2346,55.33965],[62.23497,55.3402],[62.2349,55.34045],[62.23408,55.34084],[62.23229,55.34084],[62.23034,55.34071],[62.22863,55.34046],[62.22473,55.33674],[62.22398,55.33648],[62.22369,55.33678],[62.22369,55.33729],[62.22354,55.33843],[62.22324,55.33907],[62.22242,55.33924],[62.22085,55.33911],[62.22018,55.33848],[62.21936,55.33801],[62.21809,55.33759],[62.21704,55.33789],[62.2145,55.33857],[62.21256,55.33955],[62.21256,55.34006],[62.21271,55.34035],[62.21428,55.34073],[62.21451,55.34124],[62.2125,55.34264],[62.21115,55.34408],[62.21048,55.34391],[62.21018,55.34353],[62.21011,55.3429],[62.20854,55.34247],[62.20816,55.34235],[62.20712,55.3421],[62.20607,55.34222],[62.20592,55.34265],[62.20592,55.34324],[62.20555,55.34421],[62.20451,55.34468],[62.20398,55.34464],[62.20324,55.3443],[62.20279,55.34367],[62.20152,55.34286],[62.19897,55.3424],[62.19621,55.34228],[62.19462,55.34284],[62.19225,55.34368],[62.19181,55.34512],[62.19017,55.34808],[62.18621,55.34911],[62.18375,55.34923],[62.17934,55.34742],[62.17814,55.34721],[62.17344,55.34996],[62.17239,55.34996],[62.17202,55.34975],[62.17127,55.34869],[62.16774,55.33794],[62.16115,55.31268],[62.14072,55.31158],[62.11609,55.30691],[62.10608,55.30446],[62.10319,55.29773],[62.06635,55.30363],[62.06089,55.29354],[62.05424,55.28096],[62.04897,55.27118],[62.04316,55.26057],[62.04405,55.25979],[62.06743,55.25992],[62.07168,55.25933],[62.09931,55.25114],[62.11943,55.24541],[62.13288,55.24121],[62.16081,55.23113],[62.16132,55.22133],[62.1683,55.21487],[62.17632,55.20587],[62.17437,55.2025],[62.21446,55.2033],[62.22594,55.20321],[62.22737,55.20127],[62.22696,55.19826],[62.22556,55.19547],[62.21768,55.18794],[62.20804,55.17772],[62.2017,55.1706],[62.20606,55.15948],[62.20864,55.15034],[62.22401,55.15073],[62.22738,55.14066],[62.22937,55.13432],[62.23711,55.10857],[62.25727,55.11085],[62.27419,55.1134],[62.28037,55.11016],[62.28339,55.10739],[62.28184,55.10636],[62.27849,55.10571],[62.28128,55.09921],[62.27113,55.09699],[62.26391,55.08468],[62.27411,55.08481],[62.28233,55.07971],[62.28477,55.07821],[62.28016,55.0744],[62.27542,55.07722],[62.25832,55.07398],[62.25291,55.06417],[62.22395,55.06591],[62.22195,55.05866],[62.21976,55.05043],[62.22092,55.05006],[62.21949,55.04447],[62.21674,55.03499],[62.21387,55.02334],[62.21304,55.02205],[62.20905,55.00708],[62.20646,55.00207],[62.20174,54.99259],[62.19382,54.99019],[62.18482,55.00051],[62.16705,55.01825],[62.15826,55.02702],[62.14724,55.03827],[62.14017,55.03534],[62.13783,55.03489],[62.12243,55.03568],[62.10342,55.03565],[62.08827,55.03395],[62.08141,55.03242],[62.06913,55.02158],[62.06292,55.02144],[62.05618,55.02261],[62.05293,55.02236],[62.04635,55.0213],[62.02884,55.02737],[62.01631,55.02987],[62.01455,55.03022],[62.0032,55.03015],[61.99897,55.0298],[61.99005,55.02993],[61.96619,55.03031],[61.97187,55.02013],[61.98365,55.00046],[61.98783,54.99421],[61.99537,54.98188],[61.99556,54.98073],[61.99252,54.97708],[61.98787,54.97068],[61.98839,54.96994],[61.99197,54.96431],[61.99423,54.96121],[61.99924,54.9519],[62.00149,54.94945],[62.00796,54.94345],[62.00596,54.94042],[62.00416,54.93749],[62.0028,54.93503],[62.00086,54.93175],[62.00443,54.92248],[62.01033,54.90606],[62.03504,54.90767],[62.05476,54.90012],[62.06082,54.89314],[62.07112,54.881],[62.08232,54.8774],[62.08207,54.8768],[62.07399,54.86715],[62.08883,54.85516],[62.10879,54.83965],[62.11362,54.83981],[62.11544,54.83096],[62.11607,54.82691],[62.11879,54.81415],[62.11481,54.8124],[62.1119,54.79804],[62.10112,54.79896],[62.0981,54.79812],[62.09574,54.79664],[62.08853,54.79348],[62.07437,54.78768],[62.07267,54.78677],[62.06321,54.78026],[62.05846,54.77614],[62.05363,54.77184],[62.05003,54.76991],[62.04652,54.76803],[62.03715,54.76426],[62.03076,54.75366],[62.02867,54.74129],[62.02271,54.73494],[62.0147,54.72983],[62.01696,54.72388],[62.02956,54.72307],[62.05436,54.72705],[62.06386,54.72046],[62.08481,54.71989],[62.08199,54.70985],[62.07736,54.69138],[62.07772,54.68398],[62.07785,54.67561],[62.08068,54.67514],[62.11805,54.66889],[62.13086,54.66873],[62.1554,54.66839],[62.15594,54.67958],[62.15647,54.68031],[62.15728,54.68036],[62.16558,54.67964],[62.18041,54.67709],[62.18844,54.67667],[62.19094,54.67792],[62.19746,54.6823],[62.20192,54.68653],[62.20263,54.68929],[62.21049,54.69049],[62.23782,54.69127],[62.23916,54.67292],[62.27602,54.66932],[62.31914,54.67085],[62.34156,54.67417],[62.39553,54.68584],[62.39938,54.70782],[62.39262,54.71419],[62.40382,54.72204],[62.40579,54.72298],[62.43099,54.72116],[62.44115,54.71573],[62.44741,54.71686],[62.49838,54.72036],[62.50376,54.72196],[62.51374,54.71859],[62.55058,54.72914],[62.55666,54.72894],[62.56248,54.72837],[62.56986,54.72232],[62.57825,54.71492],[62.538,54.70167],[62.51994,54.68839],[62.52414,54.67836],[62.54904,54.67738],[62.55101,54.66719],[62.55025,54.65203],[62.60067,54.6346],[62.62182,54.63561],[62.62438,54.65041],[62.62988,54.66388],[62.63106,54.66573],[62.63182,54.67017],[62.63281,54.67027],[62.6386,54.66975],[62.64225,54.6688],[62.64786,54.66695],[62.6596,54.66363],[62.6627,54.6537],[62.66928,54.64366],[62.66486,54.63959],[62.67172,54.62401],[62.6845,54.62623],[62.69863,54.62956],[62.70884,54.63278],[62.73196,54.64081],[62.74979,54.64677],[62.78835,54.65387],[62.79237,54.65471],[62.794,54.65503],[62.8271,54.66102],[62.8419,54.66571],[62.84569,54.66808],[62.85295,54.67034],[62.86335,54.6727],[62.86964,54.67534],[62.88542,54.68461],[62.90057,54.69277],[62.91045,54.69613],[62.92327,54.6987],[62.95856,54.70359],[62.97843,54.70545],[62.98163,54.69984],[62.99918,54.69583],[63.01437,54.69289],[63.03973,54.69702],[63.06144,54.70051],[63.11093,54.69738],[63.19982,54.69908],[63.20072,54.69778],[63.20419,54.69286],[63.21265,54.68201],[63.22359,54.66789],[63.22537,54.66457],[63.23195,54.65492],[63.2371,54.64693],[63.23386,54.63541],[63.23151,54.62696],[63.22908,54.61783],[63.22701,54.61129],[63.22629,54.60906],[63.22958,54.60351],[63.24314,54.58124],[63.2851,54.58136],[63.28292,54.56964],[63.28047,54.56067],[63.27259,54.54724],[63.29474,54.54379],[63.28982,54.53897],[63.28017,54.52944],[63.27679,54.52809],[63.26467,54.52447],[63.25159,54.52298],[63.24403,54.52262],[63.24233,54.52034],[63.23981,54.51022],[63.23423,54.48724],[63.23299,54.48709],[63.22251,54.48881],[63.20792,54.48394],[63.2182,54.47143],[63.20647,54.47024],[63.20522,54.46796],[63.20389,54.46698],[63.20033,54.46599],[63.1958,54.46532],[63.16703,54.47285],[63.16838,54.4907],[63.15345,54.49381],[63.14207,54.48395],[63.13744,54.47399],[63.137,54.47373],[63.12989,54.46813],[63.13246,54.45645],[63.14408,54.43856],[63.17373,54.4342],[63.18171,54.43186],[63.18241,54.4248],[63.18292,54.40908],[63.18255,54.40234],[63.18202,54.40089],[63.18121,54.39492],[63.16392,54.39487],[63.16392,54.39591],[63.14831,54.39643],[63.13989,54.40322],[63.13892,54.40328],[63.13696,54.40053],[63.13138,54.39368],[63.12712,54.38802],[63.12517,54.38257],[63.12517,54.38091],[63.13163,54.37142],[63.14253,54.35565],[63.15413,54.35508],[63.16183,54.34289],[63.16563,54.33599],[63.15943,54.33537],[63.15473,54.33479],[63.14721,54.33454],[63.14331,54.33308],[63.14198,54.33262],[63.14136,54.33272],[63.14012,54.33339],[63.13906,54.33438],[63.13711,54.33469],[63.13481,54.33443],[63.12967,54.33287],[63.12055,54.3322],[63.11648,54.33235],[63.11365,54.33344],[63.11267,54.3352],[63.11002,54.33614],[63.09922,54.33426],[63.09753,54.33349],[63.09992,54.33073],[63.10347,54.32552],[63.11746,54.32828],[63.12762,54.31476],[63.15522,54.32098],[63.17163,54.30811],[63.20854,54.31324],[63.21394,54.31519],[63.21547,54.29429],[63.26338,54.29376],[63.26129,54.29174],[63.25723,54.28856],[63.25158,54.28538],[63.25572,54.278],[63.26604,54.25587],[63.2749,54.23735],[63.28203,54.24486],[63.30929,54.2619],[63.344,54.25151],[63.35201,54.24102],[63.3455,54.23633],[63.33898,54.23135],[63.34323,54.22577],[63.34745,54.21499],[63.35067,54.20147],[63.35108,54.1948],[63.35148,54.19407],[63.35083,54.19405],[63.35045,54.19391],[63.35026,54.19371],[63.35019,54.19347],[63.34997,54.19326],[63.34963,54.19314],[63.34922,54.19321],[63.34884,54.1934],[63.34861,54.19368],[63.34837,54.19386],[63.3479,54.19396],[63.34726,54.19415],[63.34696,54.19439],[63.34692,54.19465],[63.34687,54.19488],[63.34652,54.19502],[63.34607,54.19495],[63.34585,54.19473],[63.34548,54.19459],[63.34501,54.19445],[63.3442,54.19436],[63.3437,54.19442],[63.34314,54.1946],[63.34255,54.1948],[63.34214,54.19497],[63.34161,54.19494],[63.34103,54.19488],[63.34052,54.19506],[63.3401,54.19531],[63.3399,54.19562],[63.33992,54.19588],[63.34015,54.19612],[63.34057,54.19634],[63.34137,54.19656],[63.34217,54.19695],[63.34245,54.19726],[63.34255,54.19752],[63.34245,54.19778],[63.34226,54.19803],[63.34185,54.1981],[63.34148,54.19803],[63.34107,54.19785],[63.34077,54.19754],[63.34049,54.19724],[63.3404,54.19694],[63.34033,54.19671],[63.33992,54.1965],[63.33944,54.19651],[63.33875,54.19681],[63.33861,54.19718],[63.33845,54.19743],[63.33796,54.19756],[63.33737,54.19782],[63.33727,54.19811],[63.33754,54.1983],[63.33791,54.19835],[63.33825,54.19819],[63.33861,54.19803],[63.33915,54.19802],[63.33947,54.19816],[63.33961,54.19838],[63.33961,54.1986],[63.33952,54.19882],[63.33929,54.19901],[63.33889,54.19911],[63.33825,54.19908],[63.33778,54.19902],[63.33733,54.19904],[63.33685,54.19912],[63.33642,54.19937],[63.33643,54.1996],[63.33676,54.1998],[63.33705,54.20003],[63.33722,54.2004],[63.33724,54.20059],[63.33714,54.20078],[63.33671,54.20085],[63.33631,54.20076],[63.3358,54.20067],[63.33535,54.20075],[63.33506,54.20081],[63.3348,54.20067],[63.33488,54.20047],[63.33474,54.20033],[63.33438,54.20032],[63.33398,54.20043],[63.33398,54.20075],[63.33346,54.20081],[63.33308,54.20086],[63.33243,54.20108],[63.33155,54.20112],[63.33095,54.20123],[63.33069,54.20146],[63.33049,54.20181],[63.33021,54.20193],[63.32978,54.20196],[63.32924,54.20197],[63.32867,54.20194],[63.32793,54.20208],[63.32699,54.20209],[63.3266,54.20184],[63.32657,54.20145],[63.32648,54.2011],[63.32591,54.20044],[63.32534,54.20026],[63.32481,54.20018],[63.32432,54.20014],[63.32395,54.19992],[63.32347,54.19984],[63.3229,54.19978],[63.3219,54.19977],[63.32119,54.19982],[63.32062,54.19966],[63.3202,54.19939],[63.32011,54.199],[63.31974,54.19837],[63.31931,54.19815],[63.31888,54.19805],[63.31838,54.19798],[63.31806,54.19792],[63.31774,54.19773],[63.3175,54.19762],[63.31692,54.19767],[63.31701,54.19789],[63.31669,54.19812],[63.31633,54.19814],[63.31598,54.19798],[63.31589,54.1978],[63.31545,54.19784],[63.31516,54.19805],[63.31515,54.19845],[63.31466,54.1987],[63.31416,54.19862],[63.31395,54.19822],[63.31353,54.19786],[63.31261,54.19742],[63.31287,54.19716],[63.31252,54.19683],[63.3128,54.19653],[63.31376,54.1964],[63.31412,54.19606],[63.31412,54.19556],[63.31334,54.1954],[63.31195,54.19554],[63.31113,54.19563],[63.31045,54.19551],[63.30939,54.19559],[63.30831,54.19551],[63.30725,54.19567],[63.30628,54.19671],[63.30525,54.19664],[63.30428,54.19631],[63.30412,54.19584],[63.30431,54.19533],[63.30365,54.19497],[63.30278,54.19492],[63.30221,54.19525],[63.30196,54.19579],[63.30158,54.19616],[63.30054,54.19607],[63.29953,54.19634],[63.29836,54.19689],[63.29734,54.19689],[63.29669,54.19658],[63.29546,54.19585],[63.294,54.19565],[63.29295,54.19581],[63.29257,54.19566],[63.29208,54.19528],[63.29083,54.19504],[63.28975,54.19515],[63.28902,54.19552],[63.28833,54.1961],[63.28779,54.19628],[63.28641,54.19636],[63.28572,54.19616],[63.28504,54.1957],[63.28435,54.19558],[63.28375,54.19559],[63.28364,54.19539],[63.28367,54.19523],[63.2833,54.19501],[63.28226,54.19501],[63.28179,54.19491],[63.28147,54.19511],[63.2815,54.19535],[63.28193,54.19551],[63.28235,54.19533],[63.28269,54.19533],[63.28304,54.19555],[63.28313,54.19589],[63.28283,54.19614],[63.28232,54.19623],[63.28187,54.19607],[63.28149,54.19588],[63.2808,54.1957],[63.28087,54.19548],[63.28105,54.19526],[63.28091,54.19502],[63.28059,54.19486],[63.28008,54.19489],[63.27968,54.19508],[63.27965,54.19541],[63.27939,54.19556],[63.27877,54.19563],[63.27834,54.19561],[63.27779,54.19604],[63.27784,54.19645],[63.27801,54.19671],[63.27844,54.1968],[63.27886,54.19663],[63.2793,54.19668],[63.27966,54.19684],[63.27969,54.19707],[63.2796,54.1973],[63.27962,54.19753],[63.27933,54.1977],[63.27877,54.19765],[63.27843,54.19751],[63.27814,54.1973],[63.27797,54.19705],[63.27766,54.19693],[63.27703,54.19693],[63.27647,54.19667],[63.27627,54.19645],[63.27545,54.19629],[63.27447,54.19527],[63.2735,54.19437],[63.27349,54.194],[63.2732,54.1937],[63.27268,54.19347],[63.27164,54.19331],[63.27137,54.19299],[63.27103,54.19269],[63.2705,54.19254],[63.26907,54.19276],[63.26865,54.19292],[63.26876,54.19337],[63.26825,54.19366],[63.26765,54.19358],[63.26769,54.19324],[63.26772,54.19282],[63.26706,54.19268],[63.26612,54.19272],[63.26539,54.193],[63.26541,54.19349],[63.26567,54.19375],[63.26622,54.19373],[63.26646,54.19397],[63.26618,54.19431],[63.26556,54.19447],[63.26486,54.19441],[63.26394,54.19391],[63.26355,54.19379],[63.26392,54.19344],[63.26388,54.19311],[63.26284,54.19306],[63.26233,54.19305],[63.26279,54.19266],[63.26365,54.1924],[63.26407,54.19232],[63.26435,54.19263],[63.26489,54.19256],[63.26518,54.19217],[63.2649,54.19181],[63.26459,54.19183],[63.26429,54.19202],[63.26382,54.19198],[63.26335,54.19163],[63.26334,54.19135],[63.26344,54.19095],[63.26296,54.1907],[63.2624,54.19067],[63.26207,54.19078],[63.26224,54.1913],[63.26204,54.19163],[63.2615,54.19163],[63.26135,54.1914],[63.26103,54.19129],[63.26049,54.19137],[63.2604,54.19175],[63.26043,54.19204],[63.26014,54.19221],[63.26025,54.1925],[63.25989,54.19284],[63.2593,54.19268],[63.25933,54.19245],[63.25915,54.19219],[63.25847,54.19189],[63.25813,54.19163],[63.25769,54.19174],[63.25765,54.19199],[63.25736,54.19226],[63.25674,54.19219],[63.25656,54.19196],[63.25647,54.19169],[63.25606,54.19141],[63.25557,54.19122],[63.25491,54.19108],[63.25451,54.19127],[63.25456,54.19159],[63.25438,54.19192],[63.25408,54.1921],[63.25378,54.19196],[63.2537,54.19172],[63.2534,54.19152],[63.25305,54.19142],[63.25214,54.19136],[63.25134,54.19145],[63.25107,54.19171],[63.25064,54.19172],[63.2504,54.19156],[63.24988,54.19155],[63.2494,54.19172],[63.24908,54.19205],[63.24905,54.19232],[63.2498,54.19325],[63.25018,54.19342],[63.25025,54.19368],[63.25004,54.1939],[63.24961,54.19387],[63.24911,54.19374],[63.24843,54.19396],[63.24839,54.1943],[63.24863,54.19448],[63.24851,54.19481],[63.24786,54.19492],[63.24751,54.19479],[63.24644,54.19505],[63.24658,54.19529],[63.24696,54.19546],[63.24697,54.19579],[63.24672,54.19626],[63.24635,54.19669],[63.24557,54.19681],[63.24473,54.19675],[63.24453,54.19647],[63.24447,54.19617],[63.24474,54.19595],[63.24518,54.19572],[63.24533,54.1953],[63.245,54.19483],[63.2444,54.19465],[63.24382,54.19461],[63.243,54.1948],[63.24267,54.19476],[63.2425,54.19454],[63.24173,54.19445],[63.24133,54.19461],[63.24128,54.19485],[63.24163,54.19505],[63.24208,54.19525],[63.24274,54.19599],[63.24276,54.19623],[63.24239,54.19635],[63.24205,54.19623],[63.24148,54.19594],[63.24149,54.19567],[63.2413,54.19543],[63.24086,54.19523],[63.24009,54.1953],[63.23988,54.19562],[63.23997,54.19592],[63.23953,54.19604],[63.23908,54.19596],[63.23875,54.19611],[63.23873,54.19647],[63.23844,54.19683],[63.23804,54.19705],[63.23755,54.19683],[63.23703,54.19661],[63.23687,54.19625],[63.23713,54.19607],[63.2375,54.19592],[63.23814,54.19585],[63.23877,54.19557],[63.23891,54.19519],[63.23866,54.19491],[63.23814,54.1948],[63.23748,54.19485],[63.2372,54.19505],[63.23708,54.19527],[63.23661,54.19522],[63.23635,54.19497],[63.23581,54.19487],[63.23454,54.1948],[63.23364,54.19482],[63.23329,54.19474],[63.23303,54.19451],[63.23188,54.19431],[63.23116,54.19434],[63.23083,54.19466],[63.23089,54.19505],[63.23139,54.19521],[63.23207,54.19521],[63.23246,54.19534],[63.23294,54.19532],[63.23341,54.19545],[63.23392,54.1959],[63.23381,54.19624],[63.23343,54.19655],[63.23347,54.19689],[63.23307,54.19724],[63.23232,54.19742],[63.23166,54.19811],[63.23131,54.19837],[63.23082,54.19824],[63.23102,54.19797],[63.23099,54.19704],[63.23059,54.1968],[63.22948,54.19647],[63.22892,54.19617],[63.22792,54.19598],[63.22749,54.19573],[63.22739,54.19551],[63.22653,54.19531],[63.22647,54.195],[63.22589,54.19484],[63.22525,54.19486],[63.22504,54.19508],[63.22502,54.19541],[63.22541,54.19564],[63.22541,54.19597],[63.22589,54.19659],[63.22585,54.19688],[63.22519,54.19714],[63.22468,54.19756],[63.2243,54.19762],[63.22406,54.19739],[63.22432,54.19694],[63.22412,54.19652],[63.22363,54.19636],[63.22295,54.19639],[63.22254,54.19555],[63.22205,54.19538],[63.2219,54.19482],[63.22129,54.19444],[63.2209,54.19421],[63.22022,54.19416],[63.21988,54.19395],[63.22001,54.19368],[63.22045,54.19357],[63.22035,54.19322],[63.22,54.19259],[63.21994,54.19219],[63.22052,54.19194],[63.22112,54.19219],[63.22143,54.19255],[63.22163,54.19288],[63.22218,54.19303],[63.22282,54.19289],[63.22321,54.19267],[63.22351,54.19236],[63.22355,54.19204],[63.22334,54.19169],[63.22356,54.19146],[63.22402,54.19124],[63.22486,54.1913],[63.2253,54.19104],[63.22521,54.19075],[63.2248,54.19038],[63.22415,54.19032],[63.22379,54.19052],[63.2231,54.1909],[63.22254,54.19111],[63.22213,54.19138],[63.22153,54.19155],[63.22096,54.1914],[63.22072,54.19107],[63.22073,54.19073],[63.22126,54.19045],[63.22182,54.19039],[63.22242,54.1905],[63.22299,54.19037],[63.22371,54.18992],[63.2237,54.18953],[63.22311,54.18913],[63.22216,54.1889],[63.22004,54.18839],[63.21685,54.18788],[63.21527,54.18778],[63.21512,54.18796],[63.2154,54.18821],[63.21546,54.18856],[63.21518,54.18889],[63.2147,54.18883],[63.21355,54.18856],[63.21196,54.18771],[63.21067,54.18745],[63.2094,54.18721],[63.20896,54.18689],[63.20584,54.1858],[63.20411,54.18616],[63.20314,54.18625],[63.20208,54.1862],[63.20117,54.18599],[63.20049,54.18625],[63.20029,54.18671],[63.20073,54.18685],[63.2013,54.18693],[63.20158,54.18718],[63.2017,54.18749],[63.20121,54.18815],[63.20094,54.18856],[63.20055,54.18885],[63.19997,54.18884],[63.19959,54.18869],[63.19904,54.18834],[63.19884,54.18781],[63.19887,54.18714],[63.19878,54.18662],[63.19842,54.18613],[63.19767,54.18594],[63.19684,54.18587],[63.19598,54.18589],[63.19547,54.1859],[63.19492,54.1861],[63.19411,54.18637],[63.19306,54.18645],[63.19148,54.18627],[63.18962,54.18627],[63.18852,54.18665],[63.18741,54.18644],[63.1864,54.1861],[63.18585,54.18641],[63.18566,54.18693],[63.18562,54.18782],[63.18461,54.18869],[63.18388,54.18904],[63.18329,54.18908],[63.18292,54.18949],[63.18346,54.18982],[63.18353,54.19025],[63.18306,54.19066],[63.18247,54.19084],[63.18231,54.19101],[63.18251,54.19127],[63.18249,54.19154],[63.18213,54.19181],[63.18155,54.19209],[63.18099,54.19214],[63.18043,54.19216],[63.18015,54.19197],[63.1802,54.19178],[63.18048,54.19152],[63.18058,54.19109],[63.1804,54.19068],[63.1801,54.19047],[63.17967,54.19054],[63.17919,54.19072],[63.17816,54.19151],[63.17825,54.19185],[63.17816,54.19223],[63.17751,54.19256],[63.17693,54.19262],[63.17662,54.1924],[63.17673,54.19207],[63.17679,54.19165],[63.17671,54.19135],[63.1765,54.19121],[63.17614,54.19117],[63.17568,54.19131],[63.17545,54.19176],[63.17528,54.19209],[63.17473,54.19235],[63.17331,54.19277],[63.17245,54.19322],[63.17179,54.19352],[63.17118,54.19366],[63.1706,54.19363],[63.17003,54.1934],[63.16931,54.19287],[63.16832,54.19183],[63.16746,54.1913],[63.1666,54.19107],[63.16494,54.19087],[63.16307,54.1909],[63.16196,54.19078],[63.161,54.19053],[63.16018,54.19071],[63.1597,54.19078],[63.15936,54.19064],[63.15894,54.19039],[63.15787,54.18949],[63.15745,54.18852],[63.15699,54.18777],[63.15572,54.18662],[63.15519,54.18589],[63.1542,54.18449],[63.15416,54.18405],[63.15327,54.1835],[63.15197,54.18316],[63.151,54.18263],[63.15085,54.1821],[63.151,54.18153],[63.15227,54.18017],[63.15253,54.1793],[63.15354,54.17923],[63.15422,54.17956],[63.15493,54.17999],[63.15575,54.17996],[63.15611,54.17971],[63.15601,54.17937],[63.15519,54.17934],[63.15446,54.17893],[63.15441,54.17845],[63.15493,54.17757],[63.15578,54.17724],[63.15625,54.17725],[63.15693,54.17684],[63.15677,54.17634],[63.15613,54.17593],[63.15505,54.17568],[63.15303,54.17284],[63.15251,54.17092],[63.15107,54.16637],[63.15025,54.16382],[63.15032,54.16305],[63.15128,54.16272],[63.15265,54.16298],[63.15305,54.1633],[63.15269,54.16357],[63.15241,54.16394],[63.15276,54.16419],[63.15319,54.16433],[63.15387,54.16425],[63.15479,54.16398],[63.15516,54.16368],[63.15507,54.16314],[63.15491,54.16258],[63.15512,54.16215],[63.1558,54.16207],[63.15625,54.16255],[63.157,54.16272],[63.15785,54.16265],[63.15808,54.1624],[63.1581,54.16193],[63.15825,54.16146],[63.15846,54.1612],[63.15902,54.16106],[63.15966,54.16101],[63.16027,54.16073],[63.16057,54.16013],[63.16032,54.15952],[63.15961,54.15827],[63.15975,54.15792],[63.16034,54.15768],[63.16163,54.15747],[63.16184,54.15724],[63.16246,54.15713],[63.16276,54.15725],[63.16276,54.15758],[63.16246,54.15798],[63.16276,54.15827],[63.16321,54.1583],[63.16375,54.15825],[63.16417,54.15798],[63.16429,54.15755],[63.16439,54.15708],[63.1645,54.15617],[63.16528,54.15572],[63.16566,54.15528],[63.16544,54.15484],[63.16474,54.15456],[63.16462,54.15405],[63.16493,54.15368],[63.16547,54.15345],[63.16641,54.15341],[63.16728,54.15349],[63.16836,54.15342],[63.16886,54.15324],[63.16907,54.15301],[63.16888,54.15248],[63.16857,54.15215],[63.16768,54.15174],[63.16735,54.15124],[63.16716,54.15082],[63.16669,54.15065],[63.16608,54.1505],[63.16446,54.1504],[63.16349,54.15039],[63.16304,54.15055],[63.16279,54.1508],[63.16224,54.15069],[63.16173,54.15003],[63.1618,54.14929],[63.16243,54.14885],[63.1633,54.14821],[63.16382,54.14803],[63.16432,54.14777],[63.16436,54.14729],[63.16392,54.14693],[63.16307,54.14642],[63.16319,54.14598],[63.16279,54.14559],[63.16213,54.1454],[63.16135,54.14558],[63.16029,54.14595],[63.16015,54.1463],[63.15961,54.14641],[63.15907,54.14624],[63.15907,54.14595],[63.15933,54.14565],[63.15909,54.14464],[63.15836,54.14404],[63.15719,54.1435],[63.15655,54.14338],[63.15608,54.14305],[63.15599,54.14274],[63.15648,54.14252],[63.1574,54.14231],[63.15999,54.14161],[63.16032,54.14139],[63.16028,54.1409],[63.16075,54.13963],[63.16046,54.13931],[63.1595,54.13926],[63.15906,54.13939],[63.15884,54.14008],[63.15936,54.14053],[63.15906,54.14114],[63.15803,54.14135],[63.15704,54.14197],[63.15646,54.14194],[63.15627,54.14162],[63.15672,54.14133],[63.15672,54.14094],[63.15638,54.14077],[63.1558,54.14079],[63.15546,54.14104],[63.1555,54.14136],[63.15493,54.14137],[63.15431,54.14113],[63.15401,54.14076],[63.15401,54.1404],[63.15437,54.14025],[63.15441,54.13986],[63.15401,54.13958],[63.15401,54.13926],[63.15444,54.13887],[63.15512,54.13883],[63.15555,54.13897],[63.15655,54.1387],[63.15663,54.13834],[63.1564,54.13784],[63.15557,54.13725],[63.1549,54.1371],[63.15476,54.13657],[63.15533,54.13647],[63.15587,54.13665],[63.15634,54.13708],[63.1571,54.13725],[63.1577,54.13723],[63.15808,54.13699],[63.15821,54.13662],[63.15787,54.13633],[63.15736,54.13612],[63.15674,54.13615],[63.15602,54.13609],[63.15563,54.13567],[63.1557,54.13521],[63.15572,54.13481],[63.15544,54.13451],[63.15552,54.13413],[63.15655,54.13402],[63.15706,54.13373],[63.1572,54.1333],[63.15692,54.13288],[63.15711,54.13245],[63.15774,54.13223],[63.15824,54.13234],[63.15878,54.13219],[63.15836,54.13139],[63.15838,54.13068],[63.15843,54.12975],[63.15739,54.12896],[63.15624,54.12816],[63.15593,54.12738],[63.1556,54.12662],[63.15492,54.12634],[63.15412,54.12516],[63.15304,54.12434],[63.15252,54.12361],[63.15175,54.12289],[63.15078,54.12252],[63.14914,54.12218],[63.14812,54.12238],[63.14704,54.12289],[63.14704,54.12317],[63.14598,54.1236],[63.14575,54.12385],[63.14492,54.12356],[63.14445,54.12316],[63.14403,54.12276],[63.14387,54.12226],[63.1434,54.12194],[63.14238,54.12211],[63.1418,54.12241],[63.14137,54.12261],[63.14095,54.12245],[63.14015,54.12251],[63.14003,54.123],[63.13907,54.12343],[63.13855,54.12342],[63.13846,54.12313],[63.13864,54.12289],[63.13831,54.12252],[63.13763,54.12211],[63.13714,54.12204],[63.13667,54.12234],[63.1365,54.12285],[63.13629,54.1231],[63.13584,54.1232],[63.13537,54.123],[63.13464,54.12303],[63.13424,54.12329],[63.13403,54.1236],[63.1334,54.12363],[63.13295,54.12324],[63.13217,54.12316],[63.13236,54.12283],[63.13286,54.12259],[63.13286,54.12201],[63.13314,54.12174],[63.13297,54.12132],[63.13234,54.12116],[63.13201,54.12149],[63.13166,54.12174],[63.13114,54.12183],[63.13088,54.12223],[63.13025,54.12237],[63.12977,54.12233],[63.1297,54.12207],[63.12999,54.12179],[63.1297,54.1216],[63.12916,54.12164],[63.12846,54.12154],[63.12815,54.12134],[63.1272,54.12149],[63.12684,54.12127],[63.12703,54.12095],[63.12735,54.12077],[63.12742,54.12049],[63.12689,54.12006],[63.12695,54.11968],[63.12729,54.11943],[63.12721,54.11894],[63.12704,54.11856],[63.12663,54.11841],[63.12586,54.11846],[63.1249,54.11907],[63.12403,54.11918],[63.12366,54.11961],[63.12366,54.12003],[63.12312,54.12074],[63.12338,54.12103],[63.12328,54.12142],[63.12267,54.12172],[63.12199,54.12165],[63.12154,54.12147],[63.12126,54.12085],[63.12135,54.12036],[63.1218,54.1199],[63.12225,54.11957],[63.12241,54.11925],[63.123,54.11899],[63.12293,54.11848],[63.12258,54.11799],[63.1221,54.1176],[63.12114,54.11764],[63.12048,54.11801],[63.12018,54.11836],[63.1198,54.1187],[63.11963,54.11907],[63.11914,54.11918],[63.11865,54.11935],[63.11719,54.11921],[63.11669,54.11912],[63.11615,54.11952],[63.11596,54.11913],[63.11594,54.11873],[63.11533,54.11826],[63.11477,54.11821],[63.11415,54.11776],[63.11378,54.11753],[63.11312,54.11732],[63.11244,54.1173],[63.11154,54.11738],[63.11072,54.11721],[63.11025,54.11692],[63.11065,54.11665],[63.11112,54.11654],[63.11135,54.11622],[63.1111,54.11582],[63.11013,54.11556],[63.10928,54.11548],[63.10841,54.11572],[63.10837,54.11617],[63.10855,54.11654],[63.1082,54.11698],[63.10754,54.11712],[63.10667,54.11702],[63.10641,54.11651],[63.10554,54.11617],[63.10493,54.11592],[63.1046,54.11559],[63.10401,54.11549],[63.10333,54.1156],[63.103,54.11596],[63.10202,54.11612],[63.10143,54.1159],[63.10089,54.11575],[63.10077,54.11535],[63.1014,54.11513],[63.10169,54.1148],[63.10154,54.11428],[63.10171,54.11389],[63.10157,54.1135],[63.10105,54.11323],[63.10027,54.11328],[63.09985,54.11315],[63.09999,54.1128],[63.1002,54.11237],[63.09973,54.11182],[63.09933,54.11152],[63.09849,54.11138],[63.09762,54.11172],[63.09668,54.11177],[63.09562,54.11175],[63.09442,54.11207],[63.09364,54.11217],[63.09298,54.11186],[63.09312,54.11146],[63.09333,54.11104],[63.0931,54.11048],[63.09204,54.11035],[63.08957,54.1103],[63.0888,54.10983],[63.08898,54.1094],[63.09008,54.10936],[63.09115,54.10903],[63.09269,54.10847],[63.09306,54.10804],[63.09177,54.1078],[63.08891,54.1075],[63.08762,54.10701],[63.08641,54.10621],[63.08317,54.10526],[63.0813,54.10436],[63.07957,54.10412],[63.07799,54.10423],[63.07674,54.10455],[63.07571,54.10531],[63.07402,54.1055],[63.0719,54.10528],[63.07068,54.10463],[63.07,54.10418],[63.06957,54.10341],[63.06892,54.10287],[63.05564,54.10109],[63.05288,54.10104],[63.05121,54.10069],[63.04991,54.10076],[63.04774,54.10107],[63.0465,54.10124],[63.04483,54.10136],[63.04245,54.10138],[63.04118,54.10186],[63.03992,54.10214],[63.03936,54.10305],[63.03867,54.10359],[63.03782,54.10353],[63.03697,54.10309],[63.03604,54.10273],[63.03451,54.10275],[63.0335,54.10293],[63.0326,54.10319],[63.03084,54.10411],[63.02992,54.10472],[63.02889,54.10504],[63.02677,54.10523],[63.02435,54.1053],[63.02304,54.10572],[63.02207,54.10565],[63.02125,54.10624],[63.02043,54.10644],[63.01954,54.10636],[63.01863,54.1066],[63.01757,54.10705],[63.01707,54.10715],[63.01704,54.10731],[63.01724,54.10752],[63.01704,54.10774],[63.01668,54.10779],[63.01625,54.10773],[63.01594,54.10761],[63.01564,54.10768],[63.01561,54.10788],[63.01536,54.10807],[63.01485,54.10804],[63.0147,54.10787],[63.01466,54.10763],[63.01444,54.10742],[63.01394,54.10734],[63.01336,54.10734],[63.01296,54.10724],[63.01229,54.10728],[63.01188,54.10749],[63.01187,54.10779],[63.01204,54.10802],[63.01248,54.10841],[63.0121,54.10873],[63.01093,54.1088],[63.00966,54.10851],[63.00928,54.10813],[63.0093,54.10778],[63.00923,54.10735],[63.00966,54.10711],[63.01041,54.10718],[63.01112,54.10717],[63.01149,54.10689],[63.01208,54.10629],[63.01215,54.10591],[63.01182,54.10558],[63.01112,54.10538],[63.00999,54.10553],[63.00862,54.106],[63.00792,54.10644],[63.00752,54.10653],[63.00716,54.10685],[63.00747,54.10717],[63.00747,54.10754],[63.0073,54.10786],[63.007,54.10816],[63.00641,54.1084],[63.00573,54.10838],[63.00519,54.10833],[63.00474,54.10851],[63.00418,54.10873],[63.00354,54.1088],[63.00298,54.10874],[63.00243,54.10852],[63.00218,54.10815],[63.00232,54.10783],[63.00293,54.10736],[63.00272,54.10684],[63.00194,54.1066],[63.00095,54.10638],[62.99995,54.10619],[62.99931,54.10619],[62.99891,54.1064],[62.99875,54.10672],[62.99797,54.1067],[62.99755,54.10632],[62.99724,54.10597],[62.99656,54.10536],[62.99557,54.10523],[62.99461,54.10531],[62.99442,54.10547],[62.99468,54.1056],[62.99465,54.10579],[62.99414,54.10615],[62.99454,54.10648],[62.9946,54.10677],[62.99438,54.10699],[62.994,54.10693],[62.99366,54.10679],[62.9936,54.10655],[62.99334,54.10638],[62.99281,54.10628],[62.99232,54.10595],[62.99223,54.10565],[62.99174,54.10537],[62.99121,54.10548],[62.99121,54.10579],[62.99153,54.10605],[62.99153,54.10636],[62.99123,54.10659],[62.99071,54.10674],[62.99012,54.10672],[62.9896,54.10648],[62.9892,54.10619],[62.98805,54.10558],[62.98786,54.10535],[62.98754,54.10521],[62.98739,54.10544],[62.98766,54.10568],[62.98754,54.10595],[62.9873,54.10622],[62.98679,54.10639],[62.98662,54.10677],[62.9869,54.10695],[62.98696,54.10727],[62.98634,54.10742],[62.98595,54.10765],[62.98596,54.10803],[62.98596,54.10825],[62.98556,54.10818],[62.98511,54.10825],[62.98507,54.10794],[62.9847,54.10777],[62.98413,54.10769],[62.98351,54.1076],[62.98281,54.10767],[62.98233,54.10789],[62.98214,54.10815],[62.98185,54.10837],[62.98144,54.10837],[62.98091,54.10834],[62.98041,54.10852],[62.98041,54.10889],[62.98024,54.1093],[62.98067,54.11014],[62.98069,54.11053],[62.97997,54.11082],[62.9792,54.11106],[62.97807,54.1115],[62.97724,54.11119],[62.97682,54.11128],[62.97585,54.11159],[62.97513,54.11147],[62.97519,54.11116],[62.9744,54.11061],[62.97338,54.11066],[62.97278,54.11049],[62.9721,54.11018],[62.9718,54.10973],[62.9712,54.10915],[62.9705,54.10889],[62.96941,54.10848],[62.96899,54.10795],[62.96751,54.1082],[62.9668,54.10816],[62.96574,54.10765],[62.96246,54.10739],[62.9601,54.10827],[62.95903,54.10806],[62.95686,54.10842],[62.95624,54.10887],[62.95628,54.10965],[62.95546,54.11011],[62.95534,54.11064],[62.95448,54.11073],[62.95348,54.11034],[62.9517,54.11032],[62.95127,54.11072],[62.95141,54.11109],[62.95198,54.11124],[62.95359,54.11113],[62.95389,54.11161],[62.95349,54.11236],[62.95279,54.1126],[62.95263,54.11318],[62.95172,54.11327],[62.95138,54.11283],[62.95032,54.11272],[62.94993,54.11315],[62.94865,54.11374],[62.94811,54.11362],[62.9483,54.11274],[62.94765,54.11257],[62.94716,54.11294],[62.94662,54.11291],[62.94632,54.11251],[62.9455,54.1124],[62.94442,54.11285],[62.94254,54.11268],[62.94292,54.11345],[62.94188,54.11395],[62.94161,54.11464],[62.94001,54.11565],[62.93749,54.11631],[62.93617,54.11639],[62.93397,54.11582],[62.93322,54.1162],[62.93307,54.11689],[62.93218,54.11697],[62.93038,54.11616],[62.93025,54.11552],[62.93155,54.11519],[62.9317,54.11473],[62.93046,54.11366],[62.92914,54.11297],[62.92774,54.11343],[62.92764,54.11379],[62.92727,54.11396],[62.92558,54.11359],[62.92472,54.1139],[62.9247,54.1143],[62.92561,54.11508],[62.92645,54.11512],[62.92701,54.11548],[62.9269,54.11588],[62.92632,54.11603],[62.92526,54.11575],[62.92435,54.11475],[62.92233,54.11485],[62.92162,54.11465],[62.92038,54.11472],[62.91993,54.11515],[62.92025,54.1155],[62.92162,54.11567],[62.92195,54.11617],[62.92147,54.11653],[62.92175,54.11701],[62.92381,54.11811],[62.92388,54.11866],[62.92315,54.11884],[62.92163,54.11869],[62.92061,54.11885],[62.92008,54.11883],[62.91929,54.11791],[62.91808,54.11783],[62.91683,54.11818],[62.91634,54.11893],[62.91561,54.1192],[62.91505,54.1189],[62.91518,54.11792],[62.91356,54.11644],[62.91186,54.11628],[62.91129,54.11671],[62.91129,54.11766],[62.91028,54.11792],[62.90818,54.1178],[62.90749,54.11749],[62.90731,54.11641],[62.90625,54.11555],[62.9048,54.11537],[62.90442,54.11585],[62.90606,54.11724],[62.90577,54.11768],[62.905,54.1179],[62.90389,54.11755],[62.90261,54.11772],[62.8998,54.11696],[62.89909,54.11639],[62.89802,54.11603],[62.8984,54.11555],[62.90115,54.11616],[62.90167,54.11586],[62.90046,54.11403],[62.90119,54.11301],[62.90061,54.11255],[62.89955,54.11253],[62.89632,54.11465],[62.89398,54.115],[62.89377,54.11598],[62.89196,54.11736],[62.88962,54.11741],[62.88806,54.11749],[62.8865,54.11852],[62.8825,54.11857],[62.87873,54.11846],[62.87694,54.11873],[62.87597,54.11844],[62.87639,54.1176],[62.8762,54.11682],[62.87496,54.11596],[62.87414,54.11542],[62.87395,54.11437],[62.87313,54.11359],[62.87156,54.1137],[62.87042,54.11475],[62.86945,54.11459],[62.86835,54.11399],[62.86761,54.11445],[62.8677,54.11526],[62.8666,54.11596],[62.86476,54.11628],[62.86118,54.11731],[62.85902,54.11771],[62.8576,54.1172],[62.85695,54.11585],[62.85466,54.11477],[62.85273,54.11526],[62.84566,54.11609],[62.843,54.11614],[62.84121,54.11538],[62.84042,54.11382],[62.83798,54.11374],[62.83597,54.11319],[62.83417,54.11328],[62.83267,54.11349],[62.83051,54.1134],[62.82814,54.11416],[62.82613,54.11504],[62.82348,54.11534],[62.8224,54.11483],[62.82262,54.11391],[62.8214,54.11302],[62.81896,54.11281],[62.81666,54.11218],[62.814,54.11121],[62.81242,54.1114],[62.81143,54.11194],[62.80996,54.11196],[62.80794,54.11183],[62.80606,54.11181],[62.80558,54.11127],[62.80569,54.11056],[62.80647,54.11017],[62.80731,54.10967],[62.80797,54.10886],[62.80779,54.10836],[62.80742,54.10799],[62.80456,54.10783],[62.8035,54.10691],[62.80359,54.10629],[62.80281,54.10519],[62.80291,54.10487],[62.80212,54.10468],[62.80212,54.10422],[62.80249,54.10371],[62.80187,54.10349],[62.80128,54.10377],[62.80047,54.1033],[62.79933,54.10321],[62.7986,54.10375],[62.79779,54.10375],[62.79782,54.10341],[62.79856,54.10308],[62.79878,54.10252],[62.79819,54.10244],[62.79724,54.10295],[62.79628,54.1028],[62.79668,54.10177],[62.79771,54.10209],[62.79821,54.10195],[62.79824,54.10145],[62.79857,54.10083],[62.7983,54.10044],[62.7978,54.10035],[62.79757,54.10061],[62.79692,54.10042],[62.7966,54.09997],[62.79615,54.09969],[62.79548,54.09978],[62.79518,54.10013],[62.79539,54.10045],[62.79489,54.10073],[62.79427,54.10083],[62.79377,54.10073],[62.79392,54.10031],[62.79442,54.10018],[62.79454,54.09985],[62.79398,54.0998],[62.79386,54.09949],[62.79421,54.09918],[62.79404,54.09876],[62.79348,54.09854],[62.79313,54.09888],[62.7926,54.09899],[62.79221,54.09885],[62.79183,54.0983],[62.79142,54.09821],[62.79074,54.09833],[62.79024,54.09826],[62.7906,54.09788],[62.79071,54.0975],[62.79019,54.09709],[62.78924,54.09692],[62.7886,54.09711],[62.78863,54.09752],[62.78913,54.09787],[62.78892,54.09831],[62.78839,54.09869],[62.78757,54.09861],[62.78707,54.09837],[62.78633,54.09847],[62.78583,54.09826],[62.78595,54.09797],[62.78675,54.09787],[62.78689,54.09757],[62.7868,54.09704],[62.7866,54.09666],[62.78583,54.09688],[62.7853,54.0968],[62.78498,54.09638],[62.78439,54.09602],[62.78372,54.09588],[62.78316,54.09604],[62.78328,54.09633],[62.78389,54.09654],[62.7843,54.09694],[62.78419,54.09726],[62.78339,54.09752],[62.78313,54.0973],[62.7833,54.09694],[62.78278,54.09673],[62.78225,54.0968],[62.78231,54.09721],[62.78189,54.0975],[62.78122,54.09747],[62.78031,54.09709],[62.78036,54.09671],[62.78016,54.09635],[62.77907,54.09583],[62.77881,54.09549],[62.77886,54.09518],[62.77872,54.09475],[62.77798,54.09459],[62.77737,54.09476],[62.77675,54.095],[62.77698,54.09578],[62.77672,54.09609],[62.77628,54.09602],[62.77607,54.09556],[62.77581,54.09531],[62.7751,54.09535],[62.77431,54.09569],[62.7741,54.09607],[62.77354,54.09614],[62.77281,54.09593],[62.77175,54.09578],[62.77137,54.09552],[62.77137,54.09525],[62.77178,54.09499],[62.77157,54.09447],[62.77072,54.09416],[62.76975,54.09406],[62.76863,54.09399],[62.76798,54.09371],[62.7676,54.09328],[62.7664,54.09306],[62.76596,54.09264],[62.76528,54.09243],[62.76457,54.09249],[62.7639,54.09268],[62.76316,54.09261],[62.76281,54.09288],[62.76193,54.0928],[62.76107,54.09278],[62.76069,54.09307],[62.76116,54.09333],[62.76166,54.09335],[62.76205,54.09319],[62.76284,54.09335],[62.7634,54.09362],[62.7636,54.09392],[62.76334,54.09423],[62.76278,54.09443],[62.76122,54.09461],[62.76022,54.09485],[62.75952,54.09495],[62.75925,54.09464],[62.75931,54.09443],[62.75887,54.09414],[62.75837,54.09447],[62.75863,54.09476],[62.75834,54.09507],[62.75775,54.09514],[62.75728,54.09488],[62.75665,54.0944],[62.75536,54.09399],[62.75416,54.09404],[62.7535,54.09431],[62.75296,54.09478],[62.75192,54.09491],[62.75068,54.09466],[62.75014,54.09446],[62.74971,54.09442],[62.74884,54.09351],[62.74811,54.09302],[62.74621,54.09239],[62.74562,54.0921],[62.74463,54.0922],[62.7435,54.09184],[62.74298,54.09157],[62.7416,54.09116],[62.74167,54.09156],[62.74153,54.092],[62.74089,54.09211],[62.73971,54.09168],[62.73896,54.09177],[62.73908,54.09222],[62.73934,54.0925],[62.73915,54.09276],[62.7388,54.09284],[62.7388,54.09308],[62.73922,54.09335],[62.73976,54.09359],[62.73971,54.09393],[62.73894,54.09403],[62.73854,54.09378],[62.73856,54.09348],[62.73826,54.09312],[62.73687,54.09289],[62.73677,54.09251],[62.73677,54.09221],[62.73616,54.09195],[62.73546,54.09225],[62.73567,54.09253],[62.73529,54.09283],[62.73532,54.09326],[62.7347,54.09352],[62.73379,54.09352],[62.73292,54.09342],[62.73233,54.09305],[62.7323,54.09275],[62.73183,54.0924],[62.73087,54.09192],[62.72986,54.09162],[62.72878,54.09148],[62.72831,54.09117],[62.72624,54.0908],[62.72593,54.09057],[62.72529,54.09053],[62.72464,54.0908],[62.72395,54.09099],[62.72412,54.09131],[62.72407,54.09159],[62.72457,54.09178],[62.72489,54.09159],[62.72555,54.09153],[62.72579,54.09182],[62.72529,54.09261],[62.72544,54.09287],[62.72591,54.0929],[62.72619,54.09275],[62.72711,54.09293],[62.72755,54.09295],[62.72826,54.09269],[62.72894,54.09272],[62.72911,54.09297],[62.72866,54.09341],[62.72786,54.09367],[62.72612,54.09386],[62.72464,54.09406],[62.72374,54.09428],[62.72264,54.09442],[62.72162,54.09426],[62.72106,54.09381],[62.72101,54.09331],[62.72125,54.09313],[62.72087,54.09235],[62.7204,54.09182],[62.71951,54.09173],[62.71866,54.09167],[62.71686,54.09226],[62.71618,54.09233],[62.71552,54.09283],[62.71453,54.09302],[62.71385,54.09294],[62.71331,54.09327],[62.71309,54.09397],[62.71154,54.09479],[62.71037,54.09491],[62.70971,54.09526],[62.70985,54.09557],[62.70914,54.09579],[62.70912,54.09607],[62.70808,54.09624],[62.70658,54.09589],[62.70627,54.09613],[62.70554,54.09608],[62.70498,54.09584],[62.69541,54.09579],[62.69423,54.0955],[62.69338,54.09494],[62.69253,54.09462],[62.691,54.09455],[62.69038,54.09443],[62.68976,54.09462],[62.6892,54.09435],[62.68929,54.09396],[62.6895,54.09378],[62.68922,54.09348],[62.68823,54.09344],[62.68753,54.09327],[62.68706,54.09294],[62.6864,54.09276],[62.68475,54.09291],[62.68398,54.09273],[62.68329,54.09271],[62.68275,54.09294],[62.68217,54.09276],[62.68195,54.09242],[62.68115,54.09197],[62.68052,54.09219],[62.67979,54.09225],[62.67948,54.09196],[62.67885,54.09156],[62.67866,54.09182],[62.6788,54.09206],[62.6785,54.09233],[62.67805,54.09231],[62.67645,54.09184],[62.67621,54.09138],[62.67556,54.09062],[62.67508,54.09077],[62.6753,54.09122],[62.67494,54.0915],[62.67426,54.09139],[62.67367,54.09102],[62.67294,54.09087],[62.67229,54.09102],[62.67224,54.09146],[62.67189,54.0917],[62.67132,54.09152],[62.67087,54.09091],[62.67022,54.09064],[62.66897,54.0905],[62.66786,54.09068],[62.66742,54.09106],[62.66716,54.09146],[62.66669,54.09173],[62.66612,54.09173],[62.66553,54.09159],[62.66488,54.09174],[62.66457,54.09204],[62.66386,54.09217],[62.66332,54.09218],[62.66281,54.09239],[62.66208,54.09237],[62.66144,54.09213],[62.66111,54.09127],[62.66182,54.09076],[62.66149,54.09035],[62.66151,54.08996],[62.66215,54.08981],[62.66259,54.08974],[62.66297,54.08939],[62.66304,54.08895],[62.66273,54.08872],[62.66172,54.08877],[62.66095,54.08879],[62.66019,54.08861],[62.65998,54.08815],[62.65951,54.0879],[62.65883,54.08778],[62.65909,54.08746],[62.65968,54.08741],[62.65975,54.08702],[62.65951,54.08662],[62.65881,54.08598],[62.65704,54.08516],[62.65594,54.08484],[62.65476,54.08432],[62.65223,54.08357],[62.64969,54.0826],[62.64807,54.08216],[62.64749,54.08196],[62.64701,54.08164],[62.64627,54.08148],[62.64582,54.08099],[62.64538,54.08084],[62.64514,54.08092],[62.64494,54.08134],[62.6453,54.08156],[62.64582,54.08167],[62.64598,54.08188],[62.6457,54.08225],[62.64564,54.08256],[62.64535,54.08293],[62.64473,54.08308],[62.6444,54.08295],[62.64434,54.08262],[62.64449,54.08239],[62.64442,54.08201],[62.64448,54.0818],[62.64411,54.08122],[62.64365,54.0811],[62.64323,54.08113],[62.64294,54.08132],[62.64297,54.08159],[62.64276,54.08193],[62.64226,54.08207],[62.64217,54.08236],[62.64174,54.08276],[62.64177,54.08315],[62.64166,54.08355],[62.64142,54.08379],[62.64038,54.08383],[62.63911,54.08335],[62.63947,54.0826],[62.63924,54.08251],[62.63928,54.08218],[62.63913,54.08196],[62.63855,54.08192],[62.63806,54.08208],[62.63731,54.08195],[62.63682,54.08172],[62.63708,54.08151],[62.63755,54.0817],[62.63802,54.08165],[62.63836,54.08154],[62.63859,54.08121],[62.63855,54.08092],[62.63816,54.08076],[62.63768,54.08095],[62.63726,54.08094],[62.63685,54.08079],[62.63647,54.08053],[62.63583,54.08016],[62.6356,54.07979],[62.6356,54.0795],[62.63515,54.07921],[62.63452,54.07938],[62.63382,54.07927],[62.63336,54.07907],[62.63327,54.07877],[62.63339,54.07843],[62.63306,54.07805],[62.63208,54.0776],[62.6311,54.07689],[62.63029,54.07709],[62.63033,54.07752],[62.63018,54.0778],[62.62949,54.07825],[62.62911,54.07814],[62.62893,54.07774],[62.62884,54.07698],[62.62827,54.07663],[62.62765,54.07658],[62.62723,54.07681],[62.62667,54.07699],[62.62621,54.07702],[62.62592,54.07727],[62.62595,54.07753],[62.62578,54.0778],[62.62551,54.07811],[62.62511,54.0783],[62.62441,54.07817],[62.62419,54.07775],[62.62458,54.07754],[62.62478,54.07731],[62.62487,54.07695],[62.62452,54.07656],[62.62371,54.07622],[62.62224,54.07572],[62.6218,54.07488],[62.62086,54.07452],[62.61957,54.07419],[62.61848,54.07388],[62.61771,54.07341],[62.6173,54.07305],[62.61654,54.07288],[62.61601,54.07283],[62.61519,54.07216],[62.61467,54.0721],[62.61448,54.07239],[62.61478,54.07254],[62.61473,54.07282],[62.61439,54.07293],[62.61379,54.0728],[62.61322,54.0725],[62.61205,54.07192],[62.61141,54.0718],[62.61079,54.07201],[62.6101,54.07207],[62.6097,54.07177],[62.60923,54.07177],[62.6088,54.07204],[62.60889,54.07229],[62.60865,54.0725],[62.6079,54.07274],[62.60731,54.07253],[62.60677,54.07253],[62.60583,54.07276],[62.60598,54.07301],[62.60596,54.07369],[62.60549,54.07362],[62.60535,54.07339],[62.6056,54.0731],[62.60551,54.07286],[62.6049,54.0728],[62.60456,54.07307],[62.60464,54.07326],[62.60424,54.0733],[62.60392,54.07322],[62.60391,54.07298],[62.60347,54.07272],[62.60291,54.07266],[62.60259,54.07295],[62.60274,54.07329],[62.60248,54.0735],[62.60214,54.07354],[62.60187,54.07347],[62.60202,54.07286],[62.60165,54.07257],[62.60116,54.07255],[62.60065,54.07276],[62.60007,54.07326],[62.59973,54.07331],[62.59943,54.07358],[62.59903,54.07369],[62.59852,54.07357],[62.59831,54.07322],[62.59781,54.07328],[62.59763,54.07358],[62.59791,54.07403],[62.59728,54.0741],[62.5968,54.07393],[62.59644,54.07369],[62.596,54.07354],[62.59557,54.07369],[62.59537,54.07387],[62.59477,54.07388],[62.59447,54.07365],[62.59457,54.07342],[62.59502,54.07346],[62.59537,54.07331],[62.59523,54.07275],[62.59549,54.07253],[62.59593,54.07251],[62.59642,54.07243],[62.59663,54.07219],[62.59672,54.07182],[62.5966,54.07148],[62.59614,54.07101],[62.59557,54.07071],[62.5952,54.07058],[62.5946,54.07066],[62.59429,54.07086],[62.5937,54.07086],[62.5929,54.0707],[62.59261,54.07045],[62.59258,54.07017],[62.59302,54.06985],[62.59388,54.06951],[62.59401,54.06903],[62.59364,54.06875],[62.59361,54.06852],[62.5933,54.06833],[62.59254,54.06837],[62.5923,54.06813],[62.5927,54.06793],[62.59307,54.06784],[62.59316,54.06753],[62.59306,54.06726],[62.59248,54.06718],[62.59203,54.06723],[62.59197,54.06692],[62.59214,54.0667],[62.59271,54.06663],[62.59303,54.06654],[62.59325,54.06623],[62.59336,54.06572],[62.59277,54.06541],[62.59164,54.06552],[62.59074,54.06553],[62.58998,54.06516],[62.58996,54.06481],[62.58955,54.06443],[62.58886,54.06428],[62.58757,54.06422],[62.58724,54.06409],[62.58736,54.0637],[62.58796,54.06353],[62.5882,54.06316],[62.58893,54.06297],[62.58983,54.06291],[62.59015,54.06294],[62.5903,54.06285],[62.59114,54.06285],[62.59139,54.06275],[62.59179,54.06271],[62.59198,54.06256],[62.59192,54.06233],[62.59164,54.0621],[62.58894,54.06114],[62.58793,54.06063],[62.58707,54.06044],[62.58659,54.06023],[62.58631,54.06004],[62.58564,54.05987],[62.58473,54.05982],[62.584,54.06003],[62.58373,54.06031],[62.584,54.06056],[62.58396,54.06088],[62.58363,54.06109],[62.58314,54.06105],[62.58277,54.06089],[62.58272,54.06069],[62.5828,54.06021],[62.58244,54.05989],[62.58158,54.05965],[62.58016,54.05945],[62.57969,54.05921],[62.57966,54.05893],[62.57984,54.05878],[62.57969,54.05833],[62.57916,54.05818],[62.57847,54.05815],[62.57752,54.05836],[62.57717,54.05834],[62.57588,54.05879],[62.5757,54.0592],[62.5751,54.05915],[62.5748,54.05892],[62.57483,54.05865],[62.57448,54.05843],[62.57419,54.05797],[62.57349,54.05761],[62.56869,54.04667],[62.5771,54.03806],[62.58096,54.00584],[62.58369,54.00608],[62.58836,54.00366],[62.59504,53.99551],[62.59375,53.99387],[62.59441,53.98974],[62.59796,53.98934],[62.59828,53.98879],[62.59804,53.98821],[62.5964,53.98749],[62.59114,53.98843],[62.5885,53.98769],[62.58739,53.98675],[62.5872,53.98264],[62.5861,53.97926],[62.58423,53.97546],[62.5848,53.97355],[62.58457,53.97188],[62.58306,53.97106],[62.58029,53.97096],[62.57838,53.97019],[62.57952,53.96883],[62.58185,53.96813],[62.58217,53.96698],[62.58471,53.96503],[62.58419,53.96367],[62.58274,53.96335],[62.57969,53.96402],[62.57837,53.96345],[62.57943,53.96085],[62.57957,53.95932],[62.57795,53.95745],[62.57357,53.95695],[62.57048,53.95619],[62.56808,53.95417],[62.56722,53.95205],[62.56701,53.95025],[62.56469,53.9496],[62.56262,53.94868],[62.56302,53.94739],[62.56247,53.94584],[62.56291,53.94386],[62.56245,53.94124],[62.56007,53.93816],[62.55813,53.93651],[62.55688,53.93611],[62.5543,53.93369],[62.55206,53.93265],[62.54523,53.93062],[62.54353,53.93074],[62.54267,53.93054],[62.54193,53.93047],[62.5396,53.9305],[62.53876,53.92999],[62.53694,53.92832],[62.53229,53.92651],[62.53041,53.92545],[62.52618,53.9237],[62.52583,53.92293],[62.52583,53.9213],[62.52523,53.91975],[62.52388,53.91829],[62.51907,53.91496],[62.51661,53.91353],[62.51058,53.91322],[62.4748,53.93145],[62.46396,53.92689],[62.44583,53.92713],[62.43988,53.93598],[62.43555,53.94277],[62.39468,54.00339],[62.45671,54.01378],[62.46422,54.01655],[62.48669,54.02772],[62.49391,54.03249],[62.41925,54.04721],[62.4065,54.04672],[62.40274,54.04662],[62.40154,54.04673],[62.40107,54.04711],[62.40008,54.04748],[62.39888,54.04764],[62.39845,54.04788],[62.39831,54.04825],[62.39721,54.04824],[62.39702,54.04849],[62.39636,54.04856],[62.39542,54.04836],[62.39516,54.04803],[62.39462,54.04781],[62.39413,54.04722],[62.3934,54.04715],[62.3921,54.04734],[62.39036,54.04777],[62.3894,54.0478],[62.38855,54.04744],[62.38808,54.04708],[62.38686,54.04681],[62.38564,54.04644],[62.3847,54.04612],[62.38394,54.0456],[62.38315,54.04499],[62.38193,54.04433],[62.38117,54.04375],[62.37978,54.04319],[62.37813,54.04316],[62.3767,54.04278],[62.37497,54.04202],[62.37437,54.04148],[62.37279,54.04057],[62.37172,54.04017],[62.37079,54.04013],[62.37023,54.04085],[62.36989,54.04124],[62.36921,54.04157],[62.36843,54.0417],[62.36808,54.04127],[62.36805,54.0405],[62.36803,54.03905],[62.36735,54.03876],[62.36482,54.03809],[62.36382,54.03809],[62.36363,54.03843],[62.36414,54.03883],[62.36341,54.03937],[62.36239,54.03956],[62.36141,54.03936],[62.35784,54.03788],[62.35765,54.03746],[62.3566,54.03706],[62.35553,54.03696],[62.35446,54.03715],[62.35385,54.03738],[62.35287,54.03723],[62.35188,54.03755],[62.35185,54.03817],[62.35333,54.0393],[62.35279,54.03981],[62.35167,54.03997],[62.34985,54.0391],[62.34608,54.03818],[62.34523,54.03766],[62.34601,54.03603],[62.34656,54.0359],[62.34754,54.03606],[62.34854,54.03585],[62.34926,54.03534],[62.34921,54.03448],[62.34831,54.03409],[62.34703,54.03362],[62.3453,54.0332],[62.34404,54.0331],[62.34279,54.03316],[62.34143,54.03272],[62.33922,54.03227],[62.33804,54.03219],[62.3366,54.03211],[62.33555,54.03227],[62.33475,54.03247],[62.33218,54.03204],[62.33188,54.03229],[62.33201,54.03263],[62.33093,54.03328],[62.33055,54.03357],[62.32972,54.03366],[62.32866,54.03348],[62.32816,54.0331],[62.32736,54.0327],[62.32324,54.03238],[62.32206,54.0321],[62.32163,54.03267],[62.32083,54.03294],[62.31912,54.03285],[62.31859,54.03292],[62.31809,54.03304],[62.31763,54.0327],[62.31743,54.03242],[62.31673,54.03238],[62.31525,54.03294],[62.31442,54.03312],[62.31263,54.03266],[62.30937,54.03213],[62.30866,54.03213],[62.30798,54.03228],[62.30778,54.03249],[62.30789,54.03273],[62.30746,54.03311],[62.30666,54.03319],[62.30586,54.03296],[62.3044,54.03242],[62.30379,54.03233],[62.30329,54.03252],[62.30342,54.03287],[62.30214,54.03324],[62.3003,54.03329],[62.2997,54.03269],[62.29908,54.03262],[62.29842,54.03265],[62.29727,54.03305],[62.29588,54.03283],[62.29524,54.03319],[62.29551,54.03355],[62.29616,54.03385],[62.29657,54.03421],[62.29657,54.03457],[62.29616,54.03482],[62.29533,54.03495],[62.29418,54.03508],[62.29334,54.03538],[62.29039,54.03517],[62.28894,54.0358],[62.28798,54.03571],[62.28728,54.03541],[62.2869,54.03474],[62.2851,54.03462],[62.28373,54.03441],[62.28261,54.03454],[62.28188,54.03493],[62.28167,54.03538],[62.28196,54.03572],[62.28253,54.0359],[62.28269,54.03627],[62.28255,54.03657],[62.28188,54.03692],[62.28113,54.03695],[62.28022,54.03687],[62.27955,54.03645],[62.27936,54.03585],[62.2789,54.03509],[62.27751,54.03416],[62.27673,54.03386],[62.27542,54.03375],[62.27434,54.03383],[62.27252,54.034],[62.27128,54.0338],[62.27045,54.03356],[62.26938,54.03347],[62.2683,54.03353],[62.26747,54.03361],[62.2668,54.03385],[62.26637,54.03424],[62.26559,54.03438],[62.26307,54.03413],[62.26197,54.03392],[62.26014,54.03388],[62.25912,54.0341],[62.25837,54.03476],[62.25802,54.03534],[62.25818,54.03593],[62.25829,54.03616],[62.25805,54.03656],[62.25674,54.03689],[62.25564,54.03706],[62.25539,54.03722],[62.25491,54.03717],[62.25472,54.03678],[62.25381,54.03659],[62.25322,54.03657],[62.25287,54.03621],[62.25284,54.03585],[62.25161,54.03569],[62.25059,54.03591],[62.25021,54.03571],[62.24723,54.03544],[62.24415,54.03501],[62.24206,54.03495],[62.24031,54.03471],[62.23803,54.03435],[62.23583,54.03424],[62.23341,54.0337],[62.23298,54.03405],[62.23277,54.03449],[62.23184,54.03456],[62.23087,54.03401],[62.2297,54.03375],[62.2281,54.03375],[62.22772,54.03417],[62.22779,54.03446],[62.22692,54.03501],[62.22595,54.0354],[62.22547,54.03617],[62.22592,54.03674],[62.22713,54.03668],[62.22765,54.03715],[62.22807,54.03794],[62.22793,54.03863],[62.22744,54.03912],[62.22647,54.03932],[62.22547,54.03932],[62.22505,54.03898],[62.22411,54.03898],[62.22373,54.03865],[62.22248,54.03853],[62.22113,54.03884],[62.21742,54.03935],[62.2142,54.03916],[62.2133,54.03898],[62.21312,54.03855],[62.21271,54.03821],[62.21198,54.0379],[62.21115,54.03774],[62.2108,54.03735],[62.21094,54.03637],[62.2108,54.03601],[62.21007,54.03564],[62.20931,54.03544],[62.20882,54.03472],[62.20862,54.03379],[62.20858,54.03305],[62.2083,54.03254],[62.20768,54.03204],[62.20674,54.03177],[62.20629,54.03147],[62.20577,54.0312],[62.20511,54.03132],[62.20515,54.03163],[62.20556,54.03193],[62.20543,54.03277],[62.20529,54.03338],[62.20459,54.03368],[62.20383,54.03342],[62.20303,54.03283],[62.20234,54.0322],[62.20165,54.03169],[62.20054,54.03151],[62.19964,54.03153],[62.1989,54.03175],[62.19688,54.03159],[62.19417,54.03184],[62.19324,54.03146],[62.19233,54.03132],[62.19126,54.03076],[62.19015,54.03061],[62.18955,54.03081],[62.1898,54.03114],[62.19053,54.0317],[62.1904,54.03218],[62.19005,54.03277],[62.19031,54.03316],[62.1901,54.0336],[62.18886,54.03361],[62.18569,54.03279],[62.18514,54.03252],[62.1845,54.03237],[62.1832,54.03131],[62.18237,54.0309],[62.18178,54.03032],[62.17979,54.03009],[62.17837,54.02949],[62.17668,54.02898],[62.17637,54.02872],[62.17546,54.02857],[62.17465,54.02865],[62.17399,54.02892],[62.17349,54.0294],[62.17316,54.02978],[62.17338,54.03045],[62.17343,54.03113],[62.17313,54.03164],[62.1726,54.03198],[62.17199,54.03214],[62.17135,54.03216],[62.17063,54.03214],[62.16963,54.03183],[62.1688,54.0316],[62.16825,54.03173],[62.16766,54.03234],[62.16664,54.03322],[62.16625,54.03375],[62.16642,54.03419],[62.16703,54.03447],[62.16805,54.03463],[62.16883,54.03499],[62.16911,54.03553],[62.16897,54.03582],[62.16753,54.03623],[62.16675,54.03652],[62.16631,54.03701],[62.16545,54.03739],[62.16431,54.03739],[62.16342,54.03713],[62.16312,54.03665],[62.16284,54.03568],[62.16278,54.0352],[62.16192,54.03499],[62.16106,54.03545],[62.16012,54.03577],[62.15893,54.03595],[62.15801,54.03553],[62.15657,54.03498],[62.15587,54.0343],[62.15594,54.03375],[62.15521,54.03326],[62.15417,54.03316],[62.15358,54.03345],[62.15382,54.03428],[62.15354,54.03485],[62.15264,54.0353],[62.15198,54.03522],[62.15108,54.03495],[62.15035,54.03463],[62.14945,54.03446],[62.14845,54.03467],[62.14727,54.03503],[62.14571,54.03487],[62.14446,54.03493],[62.14439,54.0356],[62.14467,54.0363],[62.14432,54.03717],[62.14342,54.0374],[62.14252,54.03729],[62.14189,54.03683],[62.14158,54.03642],[62.14082,54.03613],[62.13978,54.03605],[62.13836,54.0363],[62.13725,54.03656],[62.13428,54.03707],[62.13137,54.03739],[62.1302,54.0377],[62.13034,54.03815],[62.13065,54.03865],[62.1298,54.03991],[62.13029,54.04031],[62.13146,54.04007],[62.13249,54.04039],[62.13271,54.04081],[62.13195,54.04146],[62.13074,54.04149],[62.12836,54.04141],[62.12644,54.04189],[62.12415,54.04157],[62.122,54.04228],[62.1212,54.04178],[62.12106,54.04112],[62.11918,54.04115],[62.11699,54.04225],[62.11533,54.04273],[62.11481,54.04308],[62.11488,54.04377],[62.11417,54.04409],[62.11313,54.04386],[62.11316,54.0431],[62.11255,54.04279],[62.11047,54.0427],[62.10915,54.04308],[62.10886,54.04352],[62.1094,54.04413],[62.11026,54.04466],[62.11029,54.04539],[62.10822,54.04602],[62.107,54.04563],[62.1064,54.04489],[62.10592,54.04443],[62.10392,54.0443],[62.10192,54.04389],[62.10148,54.04348],[62.10018,54.04324],[62.09959,54.04284],[62.09892,54.04265],[62.09785,54.04311],[62.09722,54.04276],[62.09533,54.04263],[62.09426,54.04291],[62.09292,54.04365],[62.0917,54.04367],[62.091,54.04324],[62.08981,54.04313],[62.08889,54.04343],[62.08941,54.04378],[62.08981,54.04382],[62.08967,54.04428],[62.089,54.04469],[62.08796,54.045],[62.08737,54.04556],[62.08763,54.04613],[62.089,54.04641],[62.08959,54.04691],[62.0897,54.04741],[62.08911,54.04774],[62.08804,54.0478],[62.08718,54.04758],[62.08678,54.04706],[62.08596,54.04708],[62.08489,54.04732],[62.08455,54.04793],[62.08511,54.04813],[62.08574,54.04824],[62.086,54.04856],[62.08559,54.04882],[62.085,54.04865],[62.08437,54.04863],[62.0837,54.049],[62.08418,54.04939],[62.08444,54.04978],[62.084,54.05028],[62.08289,54.05017],[62.08207,54.05022],[62.08174,54.04993],[62.08204,54.04937],[62.08148,54.04878],[62.08052,54.04861],[62.07944,54.04889],[62.07863,54.04952],[62.07833,54.05002],[62.07752,54.04995],[62.07715,54.04958],[62.07626,54.04956],[62.07533,54.05017],[62.07552,54.05072],[62.07511,54.051],[62.07433,54.05102],[62.074,54.05067],[62.07404,54.05026],[62.07348,54.04978],[62.07267,54.04963],[62.07226,54.04913],[62.073,54.04832],[62.07408,54.04795],[62.07482,54.04734],[62.07493,54.04673],[62.07423,54.04647],[62.07315,54.04667],[62.07293,54.04732],[62.07212,54.04749],[62.07108,54.04695],[62.07126,54.04634],[62.07219,54.04582],[62.07319,54.04578],[62.07378,54.04547],[62.07408,54.04502],[62.07345,54.04428],[62.07252,54.04393],[62.07152,54.04371],[62.0716,54.0428],[62.0713,54.04202],[62.06974,54.04082],[62.06926,54.0401],[62.06849,54.03973],[62.06719,54.03975],[62.06645,54.03993],[62.06623,54.04047],[62.06545,54.04073],[62.06449,54.04073],[62.06349,54.04051],[62.06234,54.04058],[62.06156,54.04071],[62.06075,54.0401],[62.06108,54.03867],[62.06023,54.03808],[62.05889,54.03786],[62.0573,54.03793],[62.05589,54.03758],[62.05497,54.03793],[62.05397,54.03767],[62.05289,54.03767],[62.05227,54.03808],[62.05278,54.03886],[62.05252,54.03956],[62.05175,54.0401],[62.05067,54.04051],[62.05027,54.04086],[62.04915,54.04065],[62.04797,54.03967],[62.04712,54.03969],[62.04615,54.03978],[62.04564,54.03958],[62.04445,54.03969],[62.04341,54.03936],[62.04123,54.03827],[62.04012,54.03817],[62.03941,54.03747],[62.03934,54.03686],[62.0409,54.03608],[62.0409,54.03538],[62.04049,54.03503],[62.03967,54.03456],[62.03812,54.03443],[62.03638,54.03456],[62.03408,54.03536],[62.03264,54.03595],[62.03112,54.03634],[62.02891,54.03702],[62.02768,54.03693],[62.02646,54.03662],[62.02496,54.03677],[62.02293,54.03749],[62.02152,54.0379],[62.01911,54.03781],[62.01823,54.03828],[62.01696,54.03927],[62.01536,54.03945],[62.01329,54.03985],[62.01145,54.03925],[62.00962,54.03904],[62.0082,54.03868],[62.00717,54.03801],[62.00606,54.03781],[62.01575,54.00879],[62.02599,53.98579],[62.04419,53.94849],[61.93196,53.95024],[61.92677,53.95501],[61.85745,53.96206],[61.85692,53.96286],[61.85625,53.96337],[61.85633,53.9639],[61.85689,53.96424],[61.8575,53.96388],[61.85798,53.96396],[61.85889,53.96459],[61.85985,53.96475],[61.86,53.96507],[61.85953,53.96538],[61.85953,53.9657],[61.86043,53.96605],[61.86082,53.96675],[61.86194,53.96702],[61.8624,53.96761],[61.86204,53.96792],[61.86192,53.96835],[61.86154,53.96871],[61.8617,53.96933],[61.86239,53.96987],[61.86338,53.96992],[61.86457,53.96976],[61.86492,53.97],[61.86486,53.97049],[61.86553,53.97084],[61.86691,53.971],[61.86743,53.97174],[61.86755,53.97235],[61.8682,53.97252],[61.86945,53.97243],[61.87017,53.97258],[61.87055,53.97286],[61.86985,53.97376],[61.87015,53.97396],[61.87025,53.97439],[61.87139,53.97586],[61.87107,53.97645],[61.87168,53.97709],[61.87346,53.97775],[61.87431,53.97784],[61.87453,53.97859],[61.87496,53.9787],[61.87497,53.97888],[61.87449,53.97942],[61.87502,53.97975],[61.8762,53.97993],[61.87614,53.9809],[61.87657,53.98112],[61.87643,53.98131],[61.87539,53.98197],[61.87539,53.98259],[61.87505,53.98276],[61.87433,53.98263],[61.87396,53.98243],[61.87357,53.98253],[61.87369,53.98327],[61.87431,53.98356],[61.87428,53.98399],[61.8752,53.9843],[61.87611,53.98474],[61.87682,53.98559],[61.87767,53.98604],[61.87821,53.98709],[61.87831,53.98809],[61.87851,53.98812],[61.87933,53.98789],[61.87926,53.98813],[61.87855,53.98862],[61.87844,53.98895],[61.87873,53.98911],[61.87953,53.98926],[61.87962,53.98953],[61.87937,53.98974],[61.8792,53.98995],[61.87954,53.99008],[61.88062,53.99013],[61.88099,53.99053],[61.881,53.99077],[61.88124,53.99101],[61.88098,53.99161],[61.88108,53.99172],[61.8818,53.99179],[61.88231,53.99236],[61.88294,53.99254],[61.88328,53.99314],[61.88386,53.99359],[61.88389,53.99428],[61.88455,53.99521],[61.88439,53.99578],[61.88467,53.99641],[61.88565,53.99712],[61.88601,53.9976],[61.88603,53.99823],[61.88592,53.99836],[61.88548,53.99856],[61.88521,53.99895],[61.88483,53.99923],[61.88451,54.00019],[61.88492,54.00054],[61.88597,54.00077],[61.88614,54.00103],[61.88594,54.00151],[61.88647,54.00174],[61.88699,54.00182],[61.88745,54.00196],[61.88751,54.00226],[61.8877,54.00237],[61.88798,54.00233],[61.88864,54.00195],[61.88893,54.00201],[61.889,54.00215],[61.88891,54.00232],[61.88865,54.00246],[61.88876,54.0027],[61.88911,54.00281],[61.89021,54.00278],[61.8904,54.00302],[61.89035,54.00323],[61.89058,54.00387],[61.89045,54.00468],[61.89075,54.00508],[61.89081,54.0055],[61.8911,54.0061],[61.89156,54.00649],[61.89153,54.00667],[61.89161,54.00695],[61.89223,54.00743],[61.89218,54.00775],[61.89237,54.00811],[61.89267,54.00841],[61.89264,54.00877],[61.89297,54.00908],[61.89199,54.00972],[61.89147,54.01051],[61.89147,54.01138],[61.88954,54.01267],[61.88442,54.0141],[61.88309,54.01418],[61.87978,54.01479],[61.87522,54.01624],[61.87181,54.01638],[61.86867,54.0159],[61.86429,54.01605],[61.85933,54.01306],[61.85822,54.01076],[61.85815,54.00882],[61.85408,54.00792],[61.85026,54.00844],[61.84742,54.01057],[61.84455,54.01177],[61.84431,54.01333],[61.84604,54.01568],[61.84756,54.01814],[61.84871,54.01962],[61.84758,54.02173],[61.85272,54.02505],[61.85245,54.02914],[61.85059,54.03083],[61.84591,54.03172],[61.84146,54.0308],[61.84082,54.02977],[61.83519,54.02761],[61.83245,54.02616],[61.83035,54.02562],[61.82579,54.02396],[61.82209,54.02037],[61.81866,54.01915],[61.7822,53.98456],[61.74609,54.00039],[61.74101,54.01613],[61.72578,54.0299],[61.71278,54.02219],[61.70065,54.01886],[61.68084,54.01716],[61.66723,54.01707],[61.66551,54.0195],[61.66617,54.02217],[61.66675,54.02701],[61.66018,54.02982],[61.65572,54.0249],[61.64256,54.01764],[61.63277,54.00803],[61.63163,54.00384],[61.63022,54.00031],[61.62411,53.99537],[61.61352,53.99001],[61.61732,53.98221],[61.61179,53.96847],[61.57187,53.9685],[61.56978,54.00787],[61.54127,54.00798],[61.54244,54.00894],[61.54322,54.00929],[61.54394,54.00945],[61.54409,54.00974],[61.54463,54.01026],[61.54551,54.0104],[61.54698,54.0112],[61.54917,54.01159],[61.55096,54.01214],[61.52933,54.01758],[61.48,54.02997],[61.48336,54.05054],[61.47356,54.07026],[61.48071,54.07522],[61.48044,54.07859],[61.48078,54.08214],[61.48007,54.08294],[61.47783,54.08322],[61.47491,54.08306],[61.47167,54.08204],[61.46667,54.08224],[61.46309,54.08332],[61.46108,54.08349],[61.45785,54.08315],[61.45628,54.08272],[61.45346,54.0826],[61.44858,54.08371],[61.44483,54.08363],[61.44093,54.0833],[61.43752,54.08378],[61.43654,54.08365],[61.43571,54.08298],[61.43117,54.08258],[61.42831,54.08302],[61.42717,54.08326],[61.42639,54.08321],[61.42578,54.08357],[61.42539,54.08421],[61.42514,54.08441],[61.42456,54.08441],[61.41932,54.08253],[61.41812,54.08244],[61.41522,54.08311],[61.41482,54.08409],[61.40989,54.08587],[61.40702,54.08658],[61.4035,54.08636],[61.40158,54.08651],[61.40094,54.08679],[61.40038,54.08689],[61.39905,54.08645],[61.39844,54.08562],[61.39679,54.08494],[61.39435,54.08449],[61.38969,54.08484],[61.3894,54.08493],[61.38799,54.08534],[61.38484,54.08539],[61.38275,54.0848],[61.38203,54.08481],[61.38126,54.08501],[61.37771,54.08435],[61.37537,54.08348],[61.37433,54.08323],[61.37362,54.08274],[61.37255,54.08202],[61.36953,54.0818],[61.3658,54.08042],[61.36337,54.07699],[61.36028,54.07514],[61.35303,54.07594],[61.35049,54.07523],[61.34893,54.07318],[61.34616,54.07375],[61.34473,54.07449],[61.34284,54.0753],[61.3396,54.07782],[61.33725,54.07942],[61.33317,54.07888],[61.32972,54.07886],[61.32884,54.07858],[61.32418,54.0783],[61.31866,54.07672],[61.31334,54.07387],[61.30947,54.07217],[61.30612,54.07144],[61.30478,54.07099],[61.30183,54.07072],[61.30013,54.07208],[61.29905,54.07274],[61.29357,54.07388],[61.26595,54.0412],[61.24615,54.0378],[61.24286,54.02837],[61.24851,54.02345],[61.25808,54.00934],[61.27289,53.99139],[61.26415,53.96874],[61.26756,53.96143],[61.26916,53.95612],[61.27993,53.92886],[61.2065,53.91814],[61.17185,53.94252],[61.18091,53.97197],[61.09996,53.97456],[61.09969,53.97059],[61.08006,53.97052],[61.08763,53.96377],[61.08826,53.95621],[61.08632,53.95358],[61.07988,53.94463],[61.06457,53.94493],[61.05565,53.95869],[61.03698,53.95857],[61.02843,53.95528],[60.99726,53.93603],[60.99553,53.92051],[60.99538,53.90662],[61.03652,53.9085],[61.05747,53.89413],[61.13536,53.90424],[61.17969,53.85239],[61.20759,53.84705],[61.21043,53.8383],[61.23673,53.84173],[61.23262,53.82113],[61.22719,53.79567],[61.19618,53.77986],[61.16958,53.77248],[61.13401,53.73774],[61.11518,53.72155],[61.05841,53.72143],[61.04228,53.65297],[60.99845,53.65075],[60.9953,53.67294],[60.89634,53.66761],[60.90044,53.62841],[60.90042,53.6278],[61.01876,53.61985],[61.03074,53.61888],[61.09016,53.61503],[61.12091,53.61549],[61.12674,53.58967],[61.16278,53.57761],[61.16214,53.57476],[61.16517,53.57502],[61.16877,53.57474],[61.1713,53.57397],[61.18005,53.57335],[61.18547,53.57272],[61.18825,53.57234],[61.19116,53.57078],[61.19243,53.57021],[61.19388,53.56898],[61.19713,53.56769],[61.199,53.56689],[61.20079,53.5664],[61.20315,53.56631],[61.20475,53.56618],[61.20847,53.56624],[61.20909,53.56581],[61.21069,53.56484],[61.21289,53.5641],[61.21555,53.56364],[61.22007,53.56374],[61.22347,53.56438],[61.22731,53.56445],[61.22833,53.56484],[61.2283,53.56554],[61.22783,53.56717],[61.22935,53.56765],[61.22991,53.56747],[61.23158,53.56697],[61.233,53.56548],[61.23603,53.56548],[61.23804,53.56506],[61.23981,53.56427],[61.24182,53.56405],[61.24664,53.56472],[61.24741,53.56506],[61.2493,53.56485],[61.25122,53.56456],[61.25229,53.56491],[61.25558,53.56531],[61.25786,53.5654],[61.26045,53.56476],[61.26289,53.56405],[61.26428,53.56391],[61.26606,53.56421],[61.26737,53.5649],[61.26857,53.56602],[61.26992,53.56683],[61.27217,53.56712],[61.27398,53.56629],[61.27398,53.56589],[61.27504,53.56477],[61.27606,53.56517],[61.2773,53.56518],[61.27895,53.56402],[61.27994,53.56368],[61.28313,53.56402],[61.28435,53.56402],[61.28757,53.56516],[61.29008,53.56453],[61.29047,53.56281],[61.29206,53.56209],[61.29714,53.56284],[61.30023,53.56229],[61.30688,53.55989],[61.30888,53.55988],[61.30956,53.56017],[61.31097,53.56151],[61.31214,53.56086],[61.31249,53.56081],[61.3139,53.56084],[61.31536,53.56087],[61.31798,53.56184],[61.31981,53.56092],[61.32159,53.56034],[61.323,53.56018],[61.32451,53.5609],[61.32612,53.56045],[61.32919,53.559],[61.33077,53.55852],[61.33352,53.55909],[61.33434,53.55902],[61.33537,53.55877],[61.33651,53.55846],[61.33872,53.5578],[61.34008,53.5579],[61.34161,53.55814],[61.34349,53.55867],[61.34522,53.55942],[61.34636,53.56002],[61.34705,53.5598],[61.34749,53.55936],[61.34951,53.55871],[61.35109,53.55929],[61.35181,53.56036],[61.35234,53.56067],[61.35317,53.56088],[61.35446,53.56115],[61.35589,53.56156],[61.35765,53.56141],[61.38452,53.59367],[61.3909,53.60188],[61.50704,53.59582],[61.51044,53.58989],[61.55276,53.59266],[61.56417,53.53875],[61.58094,53.5405],[61.59232,53.526],[61.55851,53.50736],[61.56079,53.50507],[61.56831,53.50446],[61.56602,53.49725],[61.55546,53.49786],[61.55611,53.50223],[61.5487,53.5071],[61.53128,53.50482],[61.51574,53.49269],[61.5175,53.47347],[61.50542,53.47302],[61.48989,53.47585],[61.4648,53.46165],[61.45425,53.46835],[61.42634,53.46239],[61.42752,53.45575],[61.36632,53.46736],[61.36745,53.48021],[61.3577,53.49328],[61.31385,53.507],[61.32428,53.51703],[61.32391,53.51937],[61.32207,53.51949],[61.31912,53.51868],[61.31493,53.51695],[61.31245,53.51682],[61.30651,53.51482],[61.30373,53.51275],[61.29964,53.51236],[61.29885,53.51189],[61.29756,53.51171],[61.29587,53.51194],[61.29482,53.51237],[61.29423,53.51466],[61.29296,53.51511],[61.28906,53.51359],[61.28772,53.51222],[61.28686,53.51197],[61.28441,53.51185],[61.28345,53.51197],[61.28335,53.51238],[61.28269,53.51242],[61.28239,53.51219],[61.28196,53.51148],[61.28131,53.51098],[61.2806,53.5112],[61.27998,53.51135],[61.27925,53.51121],[61.27856,53.51087],[61.27719,53.51035],[61.27584,53.51022],[61.27544,53.51042],[61.27377,53.5103],[61.27337,53.50998],[61.27276,53.50951],[61.27218,53.50918],[61.27101,53.50828],[61.27027,53.50813],[61.26949,53.50886],[61.26845,53.50899],[61.26679,53.50905],[61.26159,53.50865],[61.25865,53.50804],[61.25773,53.50693],[61.25653,53.50642],[61.24193,53.49191],[61.22912,53.48413],[61.22098,53.45522],[61.22185,53.44319],[61.21667,53.43722],[61.2157,53.4314],[61.20322,53.42899],[61.20384,53.42488],[61.15471,53.40555],[61.16907,53.35688],[61.17705,53.31096],[61.22514,53.28283],[61.28852,53.28566],[61.34094,53.28491],[61.40036,53.27369],[61.45647,53.23865],[61.52671,53.21525],[61.63016,53.22328],[61.63834,53.25009],[61.6636,53.26526],[61.6731,53.2659],[61.70183,53.24982],[61.71983,53.24474],[61.73151,53.23905],[61.74995,53.2066],[61.78336,53.1843],[61.91505,53.14181],[62.02511,53.14246],[62.11886,53.11197],[62.14704,53.0683],[62.1438,53.05309],[62.13568,53.01485],[62.13027,52.98936],[62.03001,52.95095],[61.99065,52.95042],[61.96069,52.95003],[61.89869,52.97935],[61.84972,53.00397],[61.84232,52.99791],[61.84132,52.99662],[61.84126,52.99517],[61.83794,52.99364],[61.83418,52.99286],[61.82842,52.99346],[61.82155,52.99364],[61.81796,52.99381],[61.8166,52.99482],[61.81572,52.99729],[61.81331,52.99811],[61.8116,52.99811],[61.80645,52.99729],[61.80439,52.99646],[61.80215,52.99656],[61.79636,52.99769],[61.78671,52.99646],[61.77898,52.99646],[61.77692,52.99636],[61.77435,52.99636],[61.7702,52.99623],[61.76444,52.99676],[61.75594,52.99622],[61.75044,52.99495],[61.74406,52.99294],[61.73514,52.99148],[61.7263,52.99135],[61.71656,52.99144],[61.7122,52.99191],[61.70963,52.99253],[61.7066,52.99425],[61.7041,52.99586],[61.70328,52.99729],[61.70177,52.99821],[61.67319,52.96854],[61.6576,52.96722],[61.63213,52.95393],[61.57301,53.00101],[61.55715,53.01212],[61.55101,53.01164],[61.54792,53.01216],[61.53904,53.01515],[61.53406,53.01618],[61.52393,53.01515],[61.5205,53.0168],[61.51586,53.01814],[61.51312,53.01959],[61.51243,53.02124],[61.50814,53.02258],[61.4932,53.03043],[61.47295,53.03518],[61.46969,53.03621],[61.38909,52.99196],[61.30592,52.99622],[61.25043,53.03591],[61.24086,53.0295],[61.23743,53.02898],[61.23314,53.02609],[61.23142,53.02506],[61.22558,53.02434],[61.21322,53.02455],[61.20035,53.01969],[61.1952,53.01577],[61.19211,53.01102],[61.18971,53.01019],[61.18421,53.00957],[61.18044,53.00813],[61.17546,53.00461],[61.16567,53.00089],[61.16121,53.00048],[61.15761,53.00141],[61.15091,52.99966],[61.1437,52.99873],[61.13855,52.99552],[61.13289,52.99263],[61.12276,52.98839],[61.12077,52.98666],[61.12023,52.98597],[61.11606,52.97733],[61.11572,52.97454],[61.11225,52.96921],[61.10417,52.96768],[61.09219,52.9671],[61.08534,52.97322],[61.08155,52.97469],[61.07025,52.97523],[61.06467,52.97624],[61.06064,52.97912],[61.04929,52.98082],[61.04447,52.9796],[61.03736,52.97973],[61.03426,52.97811],[61.02679,52.97723],[61.01679,52.97822],[61.00796,52.97828],[61.0291,52.95088],[61.05491,52.93946],[61.07666,52.92817],[61.07332,52.92324],[61.06937,52.92159],[61.06439,52.92169],[61.06251,52.91952],[61.05512,52.91838],[61.04688,52.91703],[61.04448,52.91548],[61.04585,52.91393],[61.04517,52.91237],[61.04191,52.91144],[61.04191,52.90999],[61.03779,52.90658],[61.03847,52.90544],[61.03727,52.90378],[61.03435,52.90306],[61.02903,52.90005],[61.02594,52.89985],[61.02543,52.89829],[61.01478,52.89446],[61.01169,52.89519],[61.00706,52.89332],[60.99985,52.88887],[60.99504,52.88794],[60.99161,52.88669],[60.9868,52.88659],[60.98423,52.88524],[60.98354,52.88296],[60.98028,52.88079],[60.97788,52.87768],[60.97822,52.87437],[60.97616,52.87022],[60.97376,52.86763],[60.97067,52.86649],[60.96586,52.86649],[60.96157,52.85996],[60.9602,52.85789],[60.95196,52.85416],[60.94904,52.8525],[60.94097,52.84794],[60.93479,52.84732],[60.93153,52.84628],[60.92552,52.84607],[60.92174,52.84472],[60.9099,52.83995],[60.90235,52.83446],[60.89737,52.83321],[60.89342,52.83456],[60.88878,52.83249],[60.88792,52.83069],[60.88345,52.83051],[60.87222,52.83278],[60.88526,52.82167],[60.83415,52.77415],[60.82308,52.77531],[60.73381,52.761],[60.71222,52.76453],[60.71395,52.69871],[60.71489,52.66261],[60.74436,52.65147],[60.74425,52.63179],[60.74727,52.63097],[60.74753,52.6297],[60.7492,52.62909],[60.7534,52.62899],[60.75609,52.62858],[60.76146,52.62669],[60.76499,52.62685],[60.7686,52.62756],[60.77313,52.62888],[60.77599,52.62975],[60.77884,52.63041],[60.78623,52.63067],[60.78967,52.63046],[60.79286,52.62955],[60.7958,52.62919],[60.79924,52.62868],[60.80092,52.62975],[60.80377,52.63097],[60.80554,52.63153],[60.80772,52.63153],[60.80931,52.63057],[60.81102,52.63185],[60.8143,52.63136],[60.81543,52.63166],[60.8171,52.6312],[60.81874,52.63258],[60.82046,52.63331],[60.82286,52.63508],[60.82578,52.63581],[60.83093,52.63696],[60.83316,52.63904],[60.8354,52.63821],[60.83608,52.63748],[60.84003,52.63821],[60.84165,52.64047],[60.84341,52.64111],[60.84144,52.52173],[60.98097,52.50769],[60.9826,52.49274],[60.99118,52.42363],[61.06735,52.3476],[61.06044,52.34492],[61.05598,52.34262],[61.0534,52.34104],[61.04654,52.33842],[61.04276,52.33517],[61.03606,52.33223],[61.03469,52.33055],[61.0316,52.32992],[61.02885,52.33024],[61.02361,52.33002],[61.0194,52.32928],[61.01065,52.32607],[61.00961,52.32379],[61.00955,52.32244],[61.00877,52.31859],[61.00705,52.31576],[61.00431,52.31345],[60.99744,52.30925],[60.99057,52.30768],[60.98869,52.3061],[60.9868,52.30243],[60.9868,52.29981],[60.98663,52.29844],[60.98354,52.29487],[60.98182,52.29309],[60.98148,52.29036],[60.98045,52.28899],[60.97701,52.287],[60.97547,52.28584],[60.97361,52.28359],[60.97156,52.28304],[60.96778,52.28168],[60.96418,52.2801],[60.96331,52.27708],[60.95782,52.27477],[60.95232,52.27067],[60.94975,52.2692],[60.94547,52.2675],[60.94425,52.26637],[60.94082,52.26637],[60.93843,52.26529],[60.93327,52.26342],[60.93018,52.2629],[60.92778,52.26395],[60.92469,52.26277],[60.92314,52.26143],[60.91902,52.26027],[60.91576,52.25838],[60.90941,52.25691],[60.90272,52.25447],[60.89962,52.25271],[60.8967,52.25145],[60.89327,52.25134],[60.88812,52.25029],[60.88332,52.24932],[60.87937,52.24955],[60.87765,52.24924],[60.87456,52.24829],[60.87199,52.24693],[60.87044,52.24609],[60.86769,52.24346],[60.86375,52.24167],[60.86014,52.24041],[60.85396,52.24031],[60.84984,52.23925],[60.84847,52.23747],[60.84675,52.23568],[60.84503,52.234],[60.8404,52.23242],[60.83835,52.23176],[60.8368,52.23011],[60.83182,52.22948],[60.82718,52.22937],[60.82512,52.228],[60.82049,52.22811],[60.81706,52.22871],[60.81328,52.2279],[60.80641,52.228],[60.80246,52.22811],[60.79817,52.22737],[60.79268,52.2279],[60.78924,52.22969],[60.78667,52.22927],[60.78358,52.23011],[60.78049,52.22906],[60.77873,52.22635],[60.77947,52.22368],[60.77614,52.22103],[60.77663,52.21874],[60.77453,52.21712],[60.77396,52.21479],[60.77484,52.21433],[60.77323,52.2109],[60.77219,52.21003],[60.772,52.20815],[60.7706,52.20702],[60.77005,52.20565],[60.76664,52.20265],[60.76346,52.20178],[60.7627,52.20002],[60.76034,52.1976],[60.7584,52.19398],[60.75455,52.19112],[60.7442,52.18315],[60.74251,52.17948],[60.73797,52.17614],[60.73279,52.17338],[60.72735,52.17042],[60.72432,52.16226],[60.72005,52.15959],[60.71666,52.15606],[60.5104,52.15692],[60.41192,52.10186],[60.40604,52.09811],[60.39056,52.08807],[60.34025,52.05485],[60.26157,52.01632],[60.1981,51.99078],[60.00169,51.9933],[59.99988,51.99679],[59.97557,52.03357],[59.90792,52.04017],[59.91947,52.06426],[59.90544,52.08224],[59.93308,52.08497],[59.96814,52.15187],[60.01607,52.17555],[60.05683,52.17654],[60.05501,52.18232],[60.06739,52.19634],[60.08257,52.21614],[60.12291,52.22167],[60.14436,52.24477],[60.17389,52.26028],[60.17146,52.26445],[60.17253,52.26684],[60.16016,52.28293],[60.163,52.40012],[60.07621,52.4115],[60.03756,52.42293],[60.02114,52.41344],[60.00377,52.41967],[59.95728,52.42103],[59.91826,52.42202],[59.86014,52.46463],[59.83473,52.47593],[59.82417,52.48006],[59.73346,52.43406],[59.73404,52.4226],[59.72562,52.42243],[59.72562,52.42045],[59.70401,52.41624],[59.67756,52.40869],[59.66948,52.42387],[59.67253,52.43897],[59.67049,52.43978],[59.66348,52.43912],[59.65828,52.44126],[59.54765,52.44217],[59.52343,52.41193],[59.52319,52.40962],[59.52022,52.40904],[59.51989,52.40706],[59.51815,52.40649],[59.51667,52.40475],[59.51279,52.40343],[59.51139,52.40335],[59.50817,52.40137],[59.50636,52.40154],[59.50462,52.39989],[59.50174,52.39898],[59.48919,52.42744],[59.46762,52.44217],[59.44328,52.45743],[59.41907,52.45937],[59.41626,52.46126],[59.41453,52.46085],[59.41362,52.479],[59.41527,52.48321],[59.41849,52.48709],[59.41486,52.48511],[59.4123,52.48469],[59.40603,52.47958],[59.39935,52.47455],[59.39572,52.4724],[59.39374,52.4705],[59.39151,52.46918],[59.38722,52.46885],[59.38289,52.47063],[59.37002,52.47244],[59.35245,52.47193],[59.34535,52.47186],[59.34255,52.47294],[59.33422,52.47252],[59.32131,52.47149],[59.31809,52.47067],[59.31239,52.47108],[59.30546,52.4729],[59.3053,52.4738],[59.30018,52.47686],[59.29845,52.47917],[59.29614,52.47983],[59.29358,52.47859],[59.29169,52.47834],[59.29078,52.4795],[59.28971,52.48098],[59.28797,52.48139],[59.28542,52.48032],[59.28311,52.47834],[59.28253,52.47677],[59.27977,52.475],[59.27457,52.47467],[59.27259,52.47508],[59.2697,52.47731],[59.26954,52.48053],[59.26772,52.48259],[59.26541,52.48391],[59.26409,52.48391],[59.26434,52.48168],[59.26252,52.47995],[59.26087,52.47937],[59.25906,52.47904],[59.25502,52.47978],[59.25419,52.47888],[59.2513,52.47822],[59.24924,52.47657],[59.24941,52.47467],[59.24759,52.47318],[59.24751,52.47153],[59.24495,52.47005],[59.2452,52.4665],[59.24413,52.46436],[59.24454,52.4632],[59.24668,52.46312],[59.24883,52.46337],[59.24957,52.46262],[59.24965,52.46081],[59.24891,52.45891],[59.25023,52.45817],[59.25213,52.45743],[59.25213,52.45578],[59.25139,52.4538],[59.24924,52.45248],[59.24648,52.45169],[59.24549,52.44946],[59.24384,52.44798],[59.24351,52.44592],[59.24557,52.44443],[59.24557,52.44154],[59.24887,52.44121],[59.25036,52.43998],[59.2497,52.43816],[59.25011,52.43643],[59.24879,52.43503],[59.24673,52.43478],[59.244,52.43296],[59.24277,52.43189],[59.23889,52.4314],[59.23691,52.42991],[59.23501,52.42752],[59.23287,52.42628],[59.23089,52.42562],[59.22742,52.42488],[59.23027,52.39926],[59.22874,52.38033],[59.22825,52.36375],[59.22994,52.3609],[59.23027,52.35711],[59.23027,52.3529],[59.22408,52.33145],[59.22144,52.32897],[59.22326,52.32774],[59.2221,52.32089],[59.21711,52.30476],[59.21373,52.29948],[59.20985,52.29841],[59.19038,52.28801],[59.18758,52.28479],[59.1752,52.27927],[59.16567,52.2765],[59.07647,52.33243],[59.05706,52.34698],[59.05376,52.34708],[59.02942,52.34848],[59.00191,52.36189],[59.00383,52.37647],[59.00733,52.38439],[59.00754,52.38583],[58.98914,52.40827],[58.98918,52.4098],[58.99215,52.40988],[58.99372,52.41129],[58.99661,52.41846],[58.99826,52.41987],[59.00172,52.42061],[59.00222,52.42292],[59.00189,52.42465],[58.99875,52.42663],[58.99702,52.42696],[58.99141,52.42886],[58.98802,52.42878],[58.98328,52.42997],[58.97412,52.42981],[58.96942,52.43055],[58.96274,52.43228],[58.95804,52.43261],[58.95531,52.43352],[58.95441,52.435],[58.95325,52.44012],[58.90544,52.44709],[58.90107,52.44742],[58.89851,52.44329],[58.85903,52.4468],[58.85493,52.42581],[58.79615,52.43179],[58.79785,52.44605],[58.79593,52.45968],[58.79913,52.46436],[58.79785,52.46862],[58.77018,52.47117],[58.78124,52.52039],[58.83829,52.52082],[58.83744,52.5262],[58.83786,52.55642],[58.83893,52.566],[58.83382,52.566],[58.82403,52.5933],[58.78124,52.59208],[58.78103,52.61059],[58.75102,52.61102],[58.75101,52.6579],[58.76102,52.66109],[58.77677,52.66152],[58.78018,52.66519],[58.77975,52.66689],[58.77613,52.67051],[58.77975,52.67285],[58.77847,52.6752],[58.77996,52.67839],[58.78571,52.68009],[58.7855,52.68328],[58.78018,52.6852],[58.77954,52.68882],[58.77656,52.69031],[58.78081,52.6918],[58.78528,52.69435],[58.80466,52.69509],[58.77953,52.78732],[58.76272,52.81063],[58.76208,52.82351],[58.7608,52.84963],[58.7667,52.85697],[58.76915,52.86004],[58.77378,52.86586],[58.78975,52.88252],[58.80295,52.89699],[58.80827,52.91344],[58.81125,52.91918],[58.81103,52.92451],[58.81508,52.92749],[58.81082,52.93089],[58.81231,52.94031],[58.81742,52.93994],[58.86105,52.94441],[58.85999,52.94824],[58.84977,52.98357],[58.84466,53.00018],[58.83913,53.02402],[58.88276,53.02168],[58.91874,53.02061],[58.95216,53.01976],[58.97013,53.01989],[58.98913,53.01965],[58.98451,53.02131],[58.98792,53.02578],[58.98451,53.0262],[58.98706,53.02982],[58.98557,53.03216],[58.98962,53.03237],[58.98685,53.0345],[58.99239,53.03642],[58.98919,53.0377],[58.99175,53.04195],[58.98706,53.04131],[58.97599,53.04855],[58.93321,53.05366],[58.91341,53.05605],[58.91128,53.09165],[58.91064,53.1445],[58.91,53.16754],[58.91107,53.19122],[58.90724,53.19335],[58.90937,53.19995],[58.9083,53.20314],[58.90426,53.2042],[58.90511,53.20654],[58.90426,53.20782],[58.9066,53.21144],[58.87227,53.20182],[58.87382,53.2249],[58.87616,53.22852],[58.87403,53.23108],[58.87531,53.27668],[58.90021,53.27652],[58.8994,53.31117],[58.89932,53.31479],[58.89893,53.33298],[58.89914,53.36778],[58.89829,53.40679],[58.89801,53.42592],[58.89744,53.46562],[58.89722,53.49353],[58.90701,53.4938],[58.90637,53.5477],[58.81378,53.54861],[58.81314,53.54967],[58.81335,53.5916],[58.82584,53.60235],[58.82213,53.60829],[58.82786,53.61184],[58.83979,53.61142],[58.8592,53.62075],[58.87289,53.62725],[58.90687,53.64251],[58.90595,53.64583],[58.9019,53.6454],[58.90637,53.64711],[58.9036,53.64924],[58.90594,53.65136],[58.9019,53.65158],[58.90488,53.65307],[58.90488,53.65562],[58.90765,53.65456],[58.90978,53.65754],[58.9102,53.66158],[58.90616,53.66265],[58.90318,53.66179],[58.90296,53.66371],[58.9085,53.66584],[58.90594,53.6669],[58.90701,53.66967],[58.90765,53.67137],[58.90594,53.67393],[58.91254,53.67818],[58.90914,53.68122],[58.90999,53.68356],[58.90722,53.68675],[58.90914,53.69144],[58.90607,53.69265],[58.90445,53.69333],[58.90387,53.6943],[58.90146,53.69808],[58.90273,53.70306],[58.90085,53.70584],[58.8982,53.70971],[58.89328,53.71733],[58.89126,53.71964],[58.89168,53.72262],[58.89317,53.72964],[58.88934,53.74135],[58.88572,53.74156],[58.88317,53.74646],[58.88593,53.74859],[58.90403,53.75199],[58.90913,53.75971],[58.92127,53.77269],[58.91871,53.77504],[58.92191,53.78142],[58.92552,53.78483],[58.90904,53.85673],[58.90774,53.86266],[58.93659,53.89402],[58.93914,53.89487],[58.94702,53.89764],[58.94872,53.89977],[58.95745,53.90232],[58.9649,53.90786],[58.96128,53.91041],[58.96128,53.91361],[58.96277,53.9151],[58.96107,53.91749],[58.95894,53.91749],[58.95447,53.92366],[58.94531,53.92579],[58.94212,53.9292],[58.94212,53.93154],[58.93616,53.93495],[58.92914,53.93814],[58.93403,53.93154],[58.91062,53.92877],[58.92807,53.94836],[58.92296,53.94963],[58.92914,53.9565],[58.93957,53.9631],[58.94297,53.96288],[58.94829,53.96693],[58.95212,53.96735],[59.00023,53.9516],[59.00789,53.95182],[59.01726,53.95756],[59.02492,53.96395],[59.04514,53.96991],[59.0494,53.9697],[59.05132,53.97076],[59.06856,53.9697],[59.07111,53.96842],[59.09048,53.96735],[59.09261,53.96352],[59.09495,53.96161],[59.09495,53.96012],[59.10475,53.95607],[59.10879,53.95629],[59.13667,53.96565],[59.13987,53.96501],[59.13859,53.96736],[59.14051,53.9697],[59.14519,53.9697],[59.14476,53.97183],[59.14093,53.97268],[59.16009,53.98444],[59.1652,53.98806],[59.16881,53.98912],[59.17328,53.99338],[59.17861,53.99529],[59.18052,53.99614],[59.1818,53.99849],[59.18457,53.99955],[59.18818,54.00359],[59.1884,54.01216],[59.18861,54.0177],[59.19223,54.02451],[59.2133,54.05159],[59.22479,54.06522],[59.2365,54.06969],[59.27183,54.1279],[59.28482,54.14988],[59.29865,54.15542],[59.3093,54.16244],[59.32565,54.18779],[59.32888,54.18485],[59.3491,54.1774],[59.3789,54.17293],[59.39912,54.18357],[59.47064,54.18761],[59.48469,54.18463],[59.49746,54.18463],[59.52535,54.18612],[59.52684,54.1874],[59.53408,54.18357],[59.55472,54.17633],[59.55898,54.1725],[59.57941,54.16697],[59.60049,54.15973],[59.62688,54.1542],[59.6305,54.15292],[59.65583,54.15037],[59.66179,54.14249],[59.70798,54.14164],[59.70862,54.1493],[59.70692,54.15356],[59.70716,54.15764],[59.7067,54.16697],[59.70543,54.17995],[59.71075,54.19001],[59.71522,54.19512],[59.72267,54.19746],[59.73097,54.20257],[59.73842,54.20688],[59.77631,54.22646],[59.78929,54.24434],[59.78291,54.2593],[59.77184,54.27931],[59.75502,54.31427],[59.7414,54.31794],[59.73863,54.31986],[59.71692,54.32603],[59.68946,54.33326],[59.67179,54.33965],[59.69606,54.3612],[59.71223,54.37504],[59.72585,54.38488],[59.73607,54.40069],[59.73735,54.40601],[59.73735,54.43224],[59.74075,54.45076],[59.7399,54.45566],[59.71776,54.46061],[59.68988,54.46614],[59.68498,54.46763],[59.6703,54.46933],[59.67051,54.47466],[59.66221,54.47742],[59.64649,54.48403],[59.65092,54.48578],[59.65667,54.48663],[59.66093,54.48897],[59.66689,54.49067],[59.67008,54.49578],[59.67668,54.49834],[59.67796,54.50281],[59.6803,54.5043],[59.67306,54.5077],[59.67221,54.51068],[59.67689,54.51536],[59.6754,54.51856],[59.68221,54.52244],[59.68903,54.5218],[59.69435,54.52457],[59.6952,54.5267],[59.69924,54.52713],[59.7035,54.5316],[59.71095,54.53351],[59.71137,54.53692],[59.70988,54.53862],[59.71712,54.54123],[59.71797,54.54506],[59.72202,54.5474],[59.72521,54.54846],[59.72691,54.55166],[59.73564,54.55081],[59.73734,54.54932],[59.75778,54.55634],[59.79226,54.57231],[59.83015,54.59407],[59.85378,54.60902],[59.8812,54.65826],[59.8857,54.66655],[59.89124,54.67208],[59.89273,54.67719],[59.8972,54.68464],[59.89762,54.70492],[59.91593,54.7269],[59.93189,54.74797],[59.94692,54.76987],[59.93361,54.78151],[59.93133,54.78449],[59.92896,54.78763],[59.92912,54.78889],[59.93508,54.80831],[59.93785,54.81278],[59.93827,54.81789],[59.96552,54.83476],[59.96786,54.83817],[59.98361,54.84626],[59.99319,54.85328],[60.00181,54.86413],[59.99936,54.86499],[59.97829,54.86584],[59.96914,54.86525],[59.96381,54.86845],[59.95509,54.86866],[59.94444,54.86781],[59.93167,54.86908],[59.92231,54.86887],[59.91528,54.86994],[59.91311,54.86794],[59.90975,54.86781],[59.90954,54.86525],[59.90549,54.86589],[59.90145,54.86142],[59.90187,54.85993],[59.90038,54.86014],[59.90123,54.8578],[59.89719,54.85759],[59.8957,54.85504],[59.89634,54.85248],[59.89315,54.85184],[59.88527,54.84971],[59.88506,54.84801],[59.88612,54.84631],[59.88676,54.84418],[59.8825,54.84269],[59.88165,54.84099],[59.87548,54.83843],[59.86675,54.84205],[59.86867,54.84546],[59.86526,54.84801],[59.86037,54.8512],[59.86186,54.85355],[59.85909,54.85418],[59.8576,54.85184],[59.85143,54.84929],[59.84547,54.84716],[59.84866,54.84482],[59.84312,54.84503],[59.8444,54.84269],[59.84249,54.84184],[59.83972,54.84461],[59.83802,54.84546],[59.83695,54.84546],[59.83567,54.84758],[59.83142,54.84865],[59.83014,54.8495],[59.82503,54.8478],[59.81205,54.84886],[59.8046,54.85205],[59.80417,54.85397],[59.80204,54.85503],[59.8046,54.85823],[59.80076,54.85652],[59.79778,54.85652],[59.79672,54.85871],[59.79331,54.85871],[59.7914,54.85807],[59.78523,54.86062],[59.77671,54.86041],[59.77416,54.86552],[59.7716,54.86616],[59.76926,54.86892],[59.76586,54.86892],[59.76671,54.87126],[59.76394,54.87318],[59.76075,54.87318],[59.76011,54.87403],[59.75734,54.87424],[59.75415,54.87659],[59.75138,54.87722],[59.74478,54.88063],[59.74223,54.88148],[59.74159,54.88361],[59.73882,54.88361],[59.73691,54.88574],[59.7335,54.88574],[59.73116,54.88723],[59.72775,54.88723],[59.72477,54.88574],[59.71988,54.88489],[59.71605,54.8851],[59.7103,54.88467],[59.70774,54.88595],[59.7037,54.88595],[59.70136,54.88553],[59.70008,54.88616],[59.69731,54.88595],[59.69412,54.88787],[59.68837,54.88851],[59.68284,54.89234],[59.66858,54.89792],[59.65942,54.90282],[59.66028,54.90793],[59.65325,54.90878],[59.64814,54.90878],[59.64197,54.90878],[59.6326,54.90644],[59.62303,54.90601],[59.61798,54.90611],[59.61877,54.90175],[59.61345,54.88707],[59.60089,54.86701],[59.58067,54.85807],[59.56662,54.85226],[59.55108,54.84907],[59.53682,54.84141],[59.53618,54.82944],[59.52533,54.81879],[59.52001,54.79559],[59.52277,54.77979],[59.49893,54.76914],[59.49595,54.76595],[59.48659,54.76254],[59.44572,54.73695],[59.44146,54.72072],[59.38101,54.70262],[59.35973,54.69384],[59.33503,54.68128],[59.30502,54.66633],[59.28884,54.65824],[59.29034,54.64563],[59.29161,54.64286],[59.29161,54.63669],[59.2633,54.61689],[59.26628,54.61152],[59.24478,54.61961],[59.23521,54.62301],[59.21647,54.62472],[59.21222,54.62535],[59.19604,54.6245],[59.16347,54.63046],[59.15006,54.62812],[59.12218,54.63514],[59.09493,54.64089],[59.08854,54.64222],[59.08642,54.64605],[59.0818,54.64691],[59.06534,54.64967],[59.04661,54.64052],[59.0249,54.6294],[59.00149,54.61833],[59.00234,54.61535],[58.99616,54.61237],[58.99106,54.61045],[58.97169,54.59981],[58.9537,54.58437],[58.94551,54.58464],[58.91975,54.58315],[58.90847,54.57187],[58.83908,54.56697],[58.83801,54.56506],[58.83141,54.56314],[58.80587,54.55058],[58.77458,54.5525],[58.73925,54.53691],[58.7269,54.50599],[58.71498,54.47789],[58.68284,54.47337],[58.64602,54.46719],[58.61707,54.46272],[58.61707,54.46059],[58.60855,54.45932],[58.59599,54.46251],[58.58727,54.464],[58.56534,54.47592],[58.52618,54.4979],[58.49872,54.5137],[58.48062,54.52307],[58.46083,54.53286],[58.45167,54.53733],[58.43613,54.54393],[58.43677,54.55308],[58.42187,54.55883],[58.3876,54.55691],[58.38526,54.5601],[58.34993,54.55116],[58.33992,54.5452],[58.31991,54.5369],[58.31459,54.53429],[58.31353,54.53536],[58.27649,54.52152],[58.25712,54.5145],[58.25116,54.51599],[58.24541,54.51365],[58.20689,54.5113],[58.16346,54.51024],[58.16921,54.50258],[58.13005,54.46995],[58.11834,54.46011],[58.09663,54.44691],[58.06491,54.42834],[58.02511,54.40423],[58.02128,54.4021],[58.01212,54.39678],[57.99871,54.397],[57.9836,54.39636],[57.95976,54.40296],[57.95593,54.40381],[57.92528,54.41317],[57.91144,54.41727],[57.91016,54.42068],[57.90335,54.42153],[57.90131,54.4207],[57.89697,54.42962],[57.87653,54.4435],[57.86355,54.45202],[57.85652,54.45697],[57.85141,54.46293],[57.82651,54.48549],[57.75336,54.50167],[57.75094,54.50938],[57.75222,54.51279],[57.75115,54.51662],[57.75555,54.52002],[57.75459,54.52013],[57.75336,54.52061],[57.75234,54.52079],[57.75194,54.52104],[57.75229,54.52176],[57.752,54.52202],[57.75092,54.52182],[57.74958,54.52229],[57.74858,54.52285],[57.7476,54.52395],[57.74806,54.52474],[57.748,54.52522],[57.74781,54.52562],[57.74809,54.52602],[57.74849,54.52617],[57.74946,54.52624],[57.75035,54.52695],[57.7506,54.52746],[57.7506,54.52802],[57.75087,54.52871],[57.75151,54.52912],[57.75193,54.52944],[57.75237,54.52965],[57.75269,54.52963],[57.75335,54.52944],[57.75436,54.52948],[57.75516,54.52964],[57.75597,54.5298],[57.75649,54.52996],[57.75755,54.53062],[57.75787,54.5311],[57.75787,54.53138],[57.75782,54.53159],[57.75728,54.53161],[57.75704,54.53158],[57.75685,54.53122],[57.75651,54.53086],[57.75616,54.53071],[57.75571,54.53074],[57.75565,54.53095],[57.75605,54.53172],[57.75559,54.53209],[57.75447,54.53283],[57.75404,54.53344],[57.75362,54.5335],[57.75313,54.53354],[57.75259,54.53379],[57.75267,54.53437],[57.75347,54.5348],[57.75355,54.53518],[57.75409,54.53553],[57.75431,54.53592],[57.75396,54.53619],[57.75353,54.53643],[57.7539,54.53746],[57.7534,54.53825],[57.75212,54.53849],[57.75103,54.5384],[57.75037,54.5383],[57.7497,54.53845],[57.74913,54.53874],[57.74894,54.53928],[57.74887,54.53969],[57.74948,54.54035],[57.75001,54.54097],[57.75014,54.54151],[57.74995,54.54189],[57.74839,54.54288],[57.74748,54.54335],[57.74733,54.54404],[57.74756,54.54486],[57.74794,54.54537],[57.74872,54.54634],[57.75008,54.54714],[57.75054,54.54797],[57.7505,54.54857],[57.75069,54.54921],[57.7518,54.55096],[57.75383,54.55361],[57.75438,54.55498],[57.75471,54.55541],[57.75579,54.55691],[57.75713,54.55764],[57.75802,54.55826],[57.75905,54.55878],[57.76098,54.55987],[57.76201,54.56047],[57.76315,54.56118],[57.7636,54.5619],[57.76347,54.56245],[57.76339,54.56293],[57.76247,54.56328],[57.76175,54.56353],[57.76113,54.56376],[57.75773,54.56453],[57.75653,54.56475],[57.75639,54.56488],[57.75596,54.56524],[57.75555,54.56533],[57.7549,54.5654],[57.75394,54.56538],[57.75243,54.5654],[57.75161,54.56557],[57.74981,54.56611],[57.74954,54.56625],[57.74925,54.56703],[57.74915,54.56772],[57.74902,54.56785],[57.74895,54.56795],[57.74872,54.56795],[57.74843,54.56791],[57.74819,54.56781],[57.74794,54.56775],[57.74772,54.5678],[57.74757,54.56792],[57.74754,54.56808],[57.74749,54.5683],[57.74747,54.56852],[57.74746,54.56873],[57.74753,54.56941],[57.74757,54.56975],[57.74759,54.57005],[57.74773,54.57033],[57.74781,54.57049],[57.74816,54.57084],[57.74836,54.57115],[57.74831,54.57127],[57.74799,54.57137],[57.74745,54.57134],[57.747,54.5713],[57.74658,54.5713],[57.74646,54.57136],[57.74648,54.5715],[57.74652,54.5716],[57.74657,54.5718],[57.74673,54.57198],[57.74695,54.57219],[57.74709,54.57242],[57.74703,54.5727],[57.74714,54.57312],[57.74673,54.57291],[57.74609,54.57252],[57.74529,54.57245],[57.74457,54.57255],[57.74411,54.57278],[57.74407,54.57309],[57.74413,54.57356],[57.74377,54.57383],[57.74347,54.57381],[57.74317,54.57375],[57.74253,54.57342],[57.74166,54.57331],[57.74094,54.57322],[57.74006,54.57328],[57.73964,54.57362],[57.73938,54.57401],[57.73916,54.57431],[57.73875,54.57462],[57.74604,54.58186],[57.69283,54.59766],[57.6609,54.60809],[57.62705,54.61767],[57.62152,54.63497],[57.61194,54.65865],[57.60938,54.66716],[57.60315,54.67859],[57.5978,54.67896],[57.59236,54.67935],[57.5732,54.67142],[57.55723,54.66695],[57.53488,54.65865],[57.52062,54.65375],[57.50657,54.66184],[57.49593,54.66312],[57.48997,54.6661],[57.48486,54.66524],[57.48678,54.67035],[57.50423,54.67546],[57.51189,54.68163],[57.51615,54.69228],[57.49955,54.69909],[57.47613,54.71],[57.45421,54.71617],[57.43824,54.71787],[57.41824,54.71809],[57.39581,54.71987],[57.3846,54.73517],[57.34203,54.74687],[57.28754,54.76135],[57.25583,54.7695],[57.24497,54.77247],[57.21644,54.7953],[57.21772,54.8019],[57.20601,54.80658],[57.20452,54.80466],[57.20133,54.80445],[57.18834,54.82084],[57.18472,54.82515],[57.17472,54.83515],[57.17302,54.83792],[57.16897,54.83962],[57.1628,54.84878],[57.15253,54.85026],[57.14332,54.85159],[57.14109,54.85245],[57.1413,54.85692],[57.15556,54.86352],[57.15684,54.86628],[57.15663,54.87033],[57.17174,54.87735],[57.18291,54.88409],[57.18877,54.88762],[57.21239,54.90785],[57.22588,54.91973],[57.23347,54.92642],[57.24773,54.93876],[57.25113,54.94068],[57.25241,54.94749],[57.25943,54.95026],[57.26071,54.95452],[57.25965,54.96053],[57.23793,54.96628],[57.21409,54.97224],[57.20452,54.98267],[57.1977,54.97841],[57.19366,54.97713],[57.19621,54.97479],[57.19132,54.97309],[57.1877,54.97713],[57.19068,54.98288],[57.19089,54.98565],[57.19328,54.98629],[57.1894,54.9899],[57.19238,54.99267],[57.1921,54.99374],[57.19114,54.99611],[57.18876,54.99906],[57.19004,55.00055],[57.18983,55.00459],[57.19259,55.00651],[57.20026,55.00587],[57.20558,55.00565],[57.20409,55.008],[57.1894,55.00949],[57.18642,55.00927],[57.18472,55.01204],[57.17769,55.01374],[57.18004,55.01422],[57.17918,55.0155],[57.17982,55.01763],[57.18195,55.01827],[57.18067,55.01954],[57.18238,55.02061],[57.17833,55.02082],[57.17918,55.02316],[57.1828,55.02337],[57.1794,55.0255],[57.18003,55.0287],[57.17854,55.03019],[57.18472,55.03189],[57.18387,55.03487],[57.17748,55.03471],[57.17599,55.03577],[57.17791,55.03662],[57.1745,55.04003],[57.16897,55.04046],[57.16854,55.04152],[57.17131,55.04322],[57.1696,55.04365],[57.16982,55.04727],[57.16833,55.05195],[57.16726,55.05392],[57.16449,55.05498],[57.16428,55.05818],[57.14832,55.06925],[57.13533,55.07973],[57.13129,55.08505]]]]}},{"type":"Feature","properties":{"osm_id":-398417,"name":"Ашинский район","admin_level":6},"geometry":{"type":"MultiPolygon","coordinates":[[[[57.13129,55.08505],[57.14295,55.10364],[57.14746,55.11081],[57.1564,55.12725],[57.16981,55.12491],[57.17152,55.13023],[57.19663,55.13364],[57.21068,55.13513],[57.21451,55.13896],[57.24155,55.1496],[57.24963,55.15944],[57.25623,55.16626],[57.26411,55.17009],[57.25474,55.17179],[57.25985,55.17903],[57.23665,55.18036],[57.23303,55.17972],[57.2309,55.18376],[57.22877,55.18419],[57.22771,55.18887],[57.21813,55.19446],[57.21813,55.19765],[57.2126,55.20085],[57.21196,55.23022],[57.22047,55.23661],[57.23984,55.21489],[57.26326,55.21915],[57.25283,55.22724],[57.2326,55.2464],[57.24623,55.26603],[57.26751,55.26816],[57.2773,55.26838],[57.29242,55.26646],[57.30391,55.25752],[57.31562,55.25667],[57.32605,55.25965],[57.33988,55.27971],[57.36245,55.28567],[57.38075,55.29461],[57.38565,55.31233],[57.38926,55.31531],[57.39395,55.31723],[57.40778,55.31489],[57.41289,55.31659],[57.42013,55.31616],[57.45759,55.32638],[57.46275,55.32586],[57.4697,55.32589],[57.4859,55.32787],[57.49335,55.32766],[57.49612,55.32872],[57.50761,55.32745],[57.5301,55.33702],[57.56807,55.31936],[57.57807,55.31957],[57.60702,55.31084],[57.61681,55.30999],[57.64129,55.30148],[57.68663,55.30297],[57.72133,55.30425],[57.73601,55.30127],[57.76219,55.29956],[57.7805,55.29808],[57.79221,55.30233],[57.79817,55.29999],[57.82265,55.30127],[57.84223,55.30063],[57.85074,55.30276],[57.85649,55.30063],[57.86713,55.30063],[57.88289,55.30233],[57.8897,55.30063],[57.90736,55.29978],[57.91588,55.29893],[57.91694,55.29701],[57.93355,55.29446],[57.93866,55.29318],[57.94078,55.29574],[57.95526,55.29169],[57.95292,55.28871],[57.95398,55.28573],[57.96313,55.28552],[57.96973,55.28041],[57.99762,55.28233],[58.00443,55.28334],[58.00528,55.28227],[58.00869,55.2827],[58.02316,55.27653],[58.04104,55.24561],[58.04392,55.23886],[58.06999,55.22645],[58.07872,55.22156],[58.10958,55.21985],[58.1215,55.21858],[58.12661,55.21773],[58.13662,55.21113],[58.13641,55.20298],[58.13194,55.19404],[58.11767,55.1917],[58.09916,55.18079],[58.08042,55.17079],[58.04424,55.15589],[58.04126,55.15397],[58.0204,55.15738],[58.01069,55.16208],[58.00582,55.16342],[57.9947,55.15803],[57.98992,55.1596],[57.98906,55.15882],[57.98816,55.15776],[57.9875,55.15722],[57.98736,55.15663],[57.98687,55.15564],[57.9869,55.15541],[57.98657,55.15496],[57.98698,55.15473],[57.98726,55.15362],[57.98831,55.1532],[57.98977,55.15269],[57.99064,55.15194],[57.99161,55.15121],[57.99372,55.15002],[57.99358,55.14961],[57.99282,55.14901],[57.99271,55.14808],[57.99318,55.14703],[57.99305,55.14639],[57.99322,55.14556],[57.99382,55.14513],[57.99497,55.14496],[57.99534,55.1446],[57.9963,55.14428],[57.99766,55.14433],[57.99802,55.14452],[57.99855,55.14442],[57.99856,55.14431],[57.99822,55.14424],[57.99834,55.14413],[57.99866,55.14422],[57.99886,55.1441],[57.99864,55.14397],[57.99893,55.14355],[57.99971,55.14316],[58.00062,55.14293],[58.00128,55.14273],[58.00234,55.14318],[58.00316,55.14331],[58.00372,55.14326],[58.00388,55.14302],[58.00454,55.14293],[58.00472,55.14255],[58.00479,55.1421],[58.0051,55.14188],[58.00548,55.14161],[58.00613,55.14129],[58.006,55.14073],[58.00561,55.14049],[58.00495,55.13998],[58.00465,55.13966],[58.00458,55.13926],[58.00412,55.1389],[58.00269,55.13815],[58.00286,55.13792],[58.00228,55.13761],[58.00063,55.13713],[58.0001,55.1367],[57.99986,55.1363],[57.99964,55.13601],[57.99995,55.13562],[57.99946,55.13536],[57.99962,55.13477],[57.99902,55.13424],[57.99867,55.13406],[57.99791,55.13331],[57.99772,55.13303],[57.9971,55.1331],[57.99653,55.13238],[57.99707,55.1323],[57.99681,55.13181],[57.9964,55.13167],[57.99658,55.13136],[57.99635,55.13116],[57.99622,55.13069],[57.99621,55.13052],[57.99595,55.13008],[57.99554,55.12997],[57.99492,55.1298],[57.99416,55.12944],[57.99381,55.12916],[57.99397,55.12866],[57.99398,55.12825],[57.99342,55.1277],[57.99276,55.12749],[57.99256,55.1271],[57.99251,55.12688],[57.99296,55.12674],[57.99277,55.12564],[57.99281,55.1255],[57.99314,55.12558],[57.99337,55.12556],[57.99349,55.12515],[57.99349,55.12503],[57.99386,55.12504],[57.99381,55.12481],[57.99353,55.12464],[57.99343,55.12443],[57.99352,55.12434],[57.99359,55.1241],[57.99371,55.12393],[57.99408,55.12339],[57.99467,55.12311],[57.99479,55.12291],[57.99473,55.1228],[57.99445,55.1227],[57.99458,55.12259],[57.99458,55.12238],[57.99467,55.12224],[57.9942,55.12143],[57.99455,55.12101],[57.99501,55.12053],[57.99486,55.11917],[57.99444,55.1189],[57.99441,55.11833],[57.99418,55.11773],[57.99422,55.11749],[57.99406,55.11732],[57.99387,55.1173],[57.99374,55.11706],[57.99401,55.11662],[57.99352,55.11586],[57.99233,55.11487],[57.9918,55.11464],[57.99134,55.11422],[57.9909,55.11398],[57.9901,55.11354],[57.99019,55.11341],[57.99013,55.1132],[57.99009,55.11304],[57.98975,55.11276],[58.00233,55.11123],[58.00717,55.10229],[58.00225,55.10211],[57.99561,55.10134],[57.99518,55.10125],[57.99501,55.10111],[57.99509,55.10089],[57.99543,55.1007],[57.99535,55.10042],[57.99461,55.10007],[57.99379,55.09973],[57.99384,55.09948],[57.9943,55.09936],[57.99414,55.09898],[57.99324,55.0986],[57.99316,55.09841],[57.99331,55.09817],[57.99298,55.098],[57.99313,55.09764],[57.99283,55.09727],[57.99289,55.09687],[57.99267,55.09676],[57.99267,55.09643],[57.99247,55.09637],[57.99211,55.09637],[57.99207,55.0965],[57.99194,55.09658],[57.99182,55.09651],[57.99183,55.09636],[57.99171,55.09619],[57.99203,55.09611],[57.99184,55.0957],[57.99142,55.09544],[57.99177,55.09521],[57.99222,55.09509],[57.99263,55.09503],[57.99313,55.09511],[57.99365,55.09504],[57.99414,55.09498],[57.99401,55.09476],[57.99397,55.09438],[57.99356,55.09428],[57.99304,55.09411],[57.99293,55.09382],[57.99302,55.09347],[57.99268,55.09325],[57.99229,55.09302],[57.99217,55.09284],[57.99196,55.09273],[57.99233,55.09247],[57.99248,55.09212],[57.99251,55.09189],[57.9923,55.09183],[57.9918,55.0918],[57.99179,55.09164],[57.99219,55.09158],[57.99279,55.09151],[57.99335,55.09136],[57.99352,55.09114],[57.99352,55.09089],[57.99374,55.09089],[57.99423,55.0909],[57.99458,55.09101],[57.99487,55.09107],[57.99498,55.09066],[57.99532,55.09051],[57.99575,55.09045],[57.99618,55.09025],[57.99673,55.09032],[57.99674,55.09011],[57.99643,55.08978],[57.99617,55.08955],[57.99567,55.08964],[57.99521,55.08966],[57.99543,55.08942],[57.9959,55.08933],[57.99609,55.08894],[57.99703,55.08865],[57.9981,55.08843],[57.99877,55.08762],[57.99944,55.08755],[57.99985,55.08744],[57.99995,55.08723],[58.00013,55.08719],[58.00035,55.08742],[58.00079,55.08743],[58.00102,55.08725],[58.00113,55.08749],[58.00141,55.08762],[58.00176,55.08744],[58.00177,55.08706],[58.00126,55.08691],[58.00123,55.08671],[58.00176,55.08663],[58.00211,55.08632],[58.00235,55.08595],[58.00211,55.08583],[58.00158,55.086],[58.00153,55.08586],[58.00149,55.08563],[58.00117,55.08551],[58.00149,55.08531],[58.00192,55.08527],[58.00241,55.08511],[58.00188,55.08502],[58.00198,55.08475],[58.00245,55.08468],[58.00255,55.08495],[58.00284,55.08498],[58.00335,55.08529],[58.00352,55.08488],[58.00381,55.08466],[58.0039,55.08432],[58.00404,55.0841],[58.00426,55.08386],[58.00511,55.08353],[58.00568,55.08349],[58.00569,55.08327],[58.0056,55.08297],[58.00499,55.08284],[58.00501,55.08266],[58.00539,55.08249],[58.00575,55.08266],[58.00612,55.08262],[58.00678,55.08259],[58.00711,55.08254],[58.00693,55.08226],[58.00706,55.08195],[58.00761,55.082],[58.00802,55.08212],[58.00751,55.0824],[58.00776,55.08259],[58.00822,55.08268],[58.00865,55.08265],[58.009,55.08237],[58.0089,55.08216],[58.00911,55.0821],[58.0095,55.08228],[58.00986,55.08231],[58.01003,55.08252],[58.01028,55.08252],[58.01044,55.08238],[58.01073,55.08243],[58.01104,55.08258],[58.01127,55.08243],[58.01123,55.08223],[58.01144,55.08211],[58.0116,55.0824],[58.01188,55.08249],[58.0122,55.08248],[58.01261,55.08254],[58.01276,55.08231],[58.01274,55.08198],[58.01307,55.08173],[58.01306,55.08152],[58.01286,55.0815],[58.01238,55.08149],[58.01231,55.08139],[58.01259,55.08118],[58.01273,55.08107],[58.01262,55.08086],[58.01244,55.08066],[58.01272,55.0805],[58.01282,55.08019],[58.01287,55.08005],[58.01315,55.07977],[58.01341,55.07966],[58.0136,55.07949],[58.01339,55.07936],[58.01353,55.07925],[58.01387,55.07934],[58.01425,55.07929],[58.01465,55.07925],[58.01519,55.07939],[58.01554,55.07925],[58.01597,55.07894],[58.01646,55.07876],[58.01681,55.07847],[58.01709,55.0782],[58.01689,55.07797],[58.01738,55.07779],[58.01769,55.07765],[58.01787,55.07735],[58.01783,55.077],[58.01747,55.07673],[58.01771,55.07629],[58.01792,55.0758],[58.01684,55.0757],[58.01697,55.07542],[58.01765,55.07521],[58.01809,55.07515],[58.01862,55.07494],[58.01832,55.07468],[58.01854,55.07448],[58.01897,55.07424],[58.01928,55.07403],[58.01972,55.07381],[58.02027,55.07375],[58.02099,55.07378],[58.0213,55.07369],[58.02215,55.07389],[58.02258,55.07362],[58.02235,55.0733],[58.02259,55.07298],[58.02316,55.07257],[58.02371,55.07274],[58.02445,55.07268],[58.02483,55.07269],[58.02541,55.07251],[58.02561,55.07244],[58.02582,55.07245],[58.02607,55.07241],[58.02634,55.07242],[58.02665,55.07222],[58.02702,55.07211],[58.02745,55.07216],[58.02791,55.07196],[58.02836,55.07192],[58.02928,55.07206],[58.02968,55.072],[58.02997,55.0717],[58.03042,55.07169],[58.03066,55.07186],[58.03216,55.07121],[58.03045,55.06863],[58.04041,55.06819],[58.0402,55.06266],[58.02944,55.05983],[58.02338,55.03898],[58.03275,55.02791],[58.02445,55.0162],[58.01998,55.01237],[58.00878,54.99885],[58.02211,54.99364],[58.027,54.9913],[58.02466,54.9881],[58.00423,54.98426],[57.99933,54.97789],[57.99295,54.97874],[57.98301,54.98443],[57.94704,54.99088],[57.9394,54.98092],[57.92422,54.9724],[57.91616,54.9702],[57.91268,54.97022],[57.90641,54.96968],[57.90494,54.96918],[57.89489,54.96721],[57.89281,54.9652],[57.88818,54.96683],[57.87836,54.95016],[57.8787,54.9496],[57.87866,54.94943],[57.87913,54.94889],[57.88043,54.94799],[57.88136,54.9479],[57.88166,54.94756],[57.88189,54.94731],[57.88079,54.94598],[57.87958,54.94529],[57.87936,54.9448],[57.87946,54.94457],[57.87925,54.94387],[57.87899,54.94364],[57.87844,54.94276],[57.87793,54.94254],[57.87752,54.94209],[57.87753,54.94187],[57.87718,54.94171],[57.87718,54.94145],[57.87625,54.94078],[57.87614,54.94029],[57.87517,54.9399],[57.87495,54.93944],[57.87483,54.93875],[57.87435,54.93828],[57.87413,54.93723],[57.87422,54.93686],[57.87375,54.93591],[57.87334,54.93501],[57.87334,54.93458],[57.87276,54.93445],[57.87254,54.93408],[57.87197,54.93413],[57.87211,54.93389],[57.87173,54.93362],[57.87143,54.93361],[57.87099,54.93326],[57.87001,54.93289],[57.86903,54.93288],[57.869,54.93265],[57.86815,54.9326],[57.86783,54.93278],[57.86679,54.93234],[57.86669,54.93173],[57.86541,54.93139],[57.86519,54.93088],[57.86486,54.93067],[57.86458,54.93074],[57.8632,54.93027],[57.86035,54.93057],[57.85873,54.93049],[57.85725,54.92992],[57.85534,54.92873],[57.8549,54.92813],[57.85435,54.92778],[57.85396,54.92723],[57.85327,54.92669],[57.85186,54.92576],[57.85092,54.92549],[57.84989,54.92485],[57.84883,54.92446],[57.84748,54.9243],[57.84457,54.9246],[57.84375,54.92406],[57.84353,54.92367],[57.84284,54.92351],[57.84264,54.92328],[57.84178,54.92298],[57.83949,54.92152],[57.83797,54.92112],[57.83749,54.92079],[57.83739,54.92052],[57.83682,54.92021],[57.83533,54.91972],[57.83468,54.91966],[57.82942,54.92067],[57.82942,54.92112],[57.82956,54.92158],[57.83,54.9223],[57.82975,54.9228],[57.82999,54.9232],[57.8297,54.92339],[57.8298,54.9237],[57.8295,54.92414],[57.82965,54.92443],[57.82947,54.92488],[57.82826,54.92598],[57.82769,54.92626],[57.82695,54.92648],[57.82623,54.92648],[57.82444,54.92717],[57.82369,54.92712],[57.82254,54.92768],[57.82264,54.92799],[57.82209,54.92852],[57.82225,54.92941],[57.82193,54.92947],[57.82174,54.92981],[57.821,54.93006],[57.81875,54.93149],[57.81847,54.93175],[57.81805,54.93283],[57.81747,54.93309],[57.81706,54.93349],[57.81681,54.93407],[57.8155,54.93536],[57.81484,54.93654],[57.81338,54.93722],[57.81218,54.93817],[57.8111,54.93849],[57.80938,54.93852],[57.80825,54.93883],[57.80685,54.9395],[57.80375,54.94018],[57.80346,54.94025],[57.80182,54.94121],[57.80146,54.94162],[57.80098,54.94173],[57.79945,54.94097],[57.79623,54.9411],[57.79469,54.94064],[57.79278,54.94032],[57.79172,54.93972],[57.79188,54.93905],[57.79154,54.93854],[57.79165,54.93803],[57.79143,54.93751],[57.78935,54.93652],[57.78732,54.93654],[57.78522,54.93709],[57.78391,54.93694],[57.78386,54.93667],[57.78333,54.93649],[57.78103,54.93638],[57.77873,54.93581],[57.77675,54.93631],[57.77655,54.93617],[57.7766,54.93572],[57.77589,54.93513],[57.77521,54.93387],[57.77448,54.93357],[57.77141,54.93377],[57.76925,54.93422],[57.76789,54.93421],[57.76633,54.93421],[57.76517,54.93424],[57.76349,54.93438],[57.76205,54.93405],[57.76114,54.9312],[57.74366,54.92918],[57.71066,54.92525],[57.70702,54.92085],[57.70322,54.91674],[57.68735,54.89795],[57.66654,54.87395],[57.66426,54.85826],[57.66376,54.85621],[57.66158,54.84178],[57.65827,54.82161],[57.65529,54.80069],[57.65169,54.7812],[57.64766,54.75706],[57.61624,54.75628],[57.60398,54.75213],[57.60259,54.75285],[57.56318,54.73649],[57.54708,54.73028],[57.56362,54.71495],[57.58263,54.69697],[57.60315,54.67859],[57.5978,54.67896],[57.59236,54.67935],[57.5732,54.67142],[57.55723,54.66695],[57.53488,54.65865],[57.52062,54.65375],[57.50657,54.66184],[57.49593,54.66312],[57.48997,54.6661],[57.48486,54.66524],[57.48678,54.67035],[57.50423,54.67546],[57.51189,54.68163],[57.51615,54.69228],[57.49955,54.69909],[57.47613,54.71],[57.45421,54.71617],[57.43824,54.71787],[57.41824,54.71809],[57.39581,54.71987],[57.3846,54.73517],[57.34203,54.74687],[57.28754,54.76135],[57.25583,54.7695],[57.24497,54.77247],[57.21644,54.7953],[57.21772,54.8019],[57.20601,54.80658],[57.20452,54.80466],[57.20133,54.80445],[57.18834,54.82084],[57.18472,54.82515],[57.17472,54.83515],[57.17302,54.83792],[57.16897,54.83962],[57.1628,54.84878],[57.15253,54.85026],[57.14332,54.85159],[57.14109,54.85245],[57.1413,54.85692],[57.15556,54.86352],[57.15684,54.86628],[57.15663,54.87033],[57.17174,54.87735],[57.18291,54.88409],[57.18877,54.88762],[57.21239,54.90785],[57.22588,54.91973],[57.23347,54.92642],[57.24773,54.93876],[57.25113,54.94068],[57.25241,54.94749],[57.25943,54.95026],[57.26071,54.95452],[57.25965,54.96053],[57.23793,54.96628],[57.21409,54.97224],[57.20452,54.98267],[57.1977,54.97841],[57.19366,54.97713],[57.19621,54.97479],[57.19132,54.97309],[57.1877,54.97713],[57.19068,54.98288],[57.19089,54.98565],[57.19328,54.98629],[57.1894,54.9899],[57.19238,54.99267],[57.1921,54.99374],[57.19114,54.99611],[57.18876,54.99906],[57.19004,55.00055],[57.18983,55.00459],[57.19259,55.00651],[57.20026,55.00587],[57.20558,55.00565],[57.20409,55.008],[57.1894,55.00949],[57.18642,55.00927],[57.18472,55.01204],[57.17769,55.01374],[57.18004,55.01422],[57.17918,55.0155],[57.17982,55.01763],[57.18195,55.01827],[57.18067,55.01954],[57.18238,55.02061],[57.17833,55.02082],[57.17918,55.02316],[57.1828,55.02337],[57.1794,55.0255],[57.18003,55.0287],[57.17854,55.03019],[57.18472,55.03189],[57.18387,55.03487],[57.17748,55.03471],[57.17599,55.03577],[57.17791,55.03662],[57.1745,55.04003],[57.16897,55.04046],[57.16854,55.04152],[57.17131,55.04322],[57.1696,55.04365],[57.16982,55.04727],[57.16833,55.05195],[57.16726,55.05392],[57.16449,55.05498],[57.16428,55.05818],[57.14832,55.06925],[57.13533,55.07973],[57.13129,55.08505]]]]}},{"type":"Feature","properties":{"osm_id":-398418,"name":"Катав-Ивановский район","admin_level":6},"geometry":{"type":"MultiPolygon","coordinates":[[[[57.54708,54.73028],[57.56318,54.73649],[57.60259,54.75285],[57.60398,54.75213],[57.61624,54.75628],[57.64766,54.75706],[57.65169,54.7812],[57.65529,54.80069],[57.65827,54.82161],[57.66158,54.84178],[57.66376,54.85621],[57.66426,54.85826],[57.66654,54.87395],[57.68735,54.89795],[57.70322,54.91674],[57.70702,54.92085],[57.71066,54.92525],[57.74366,54.92918],[57.76114,54.9312],[57.76205,54.93405],[57.76349,54.93438],[57.76517,54.93424],[57.76633,54.93421],[57.76789,54.93421],[57.76925,54.93422],[57.77141,54.93377],[57.77448,54.93357],[57.77521,54.93387],[57.77589,54.93513],[57.7766,54.93572],[57.77655,54.93617],[57.77675,54.93631],[57.77873,54.93581],[57.78103,54.93638],[57.78333,54.93649],[57.78386,54.93667],[57.78391,54.93694],[57.78522,54.93709],[57.78732,54.93654],[57.78935,54.93652],[57.79143,54.93751],[57.79165,54.93803],[57.79154,54.93854],[57.79188,54.93905],[57.79172,54.93972],[57.79278,54.94032],[57.79469,54.94064],[57.79623,54.9411],[57.79945,54.94097],[57.80098,54.94173],[57.80146,54.94162],[57.80182,54.94121],[57.80346,54.94025],[57.80375,54.94018],[57.80685,54.9395],[57.80825,54.93883],[57.80938,54.93852],[57.8111,54.93849],[57.81218,54.93817],[57.81338,54.93722],[57.81484,54.93654],[57.8155,54.93536],[57.81681,54.93407],[57.81706,54.93349],[57.81747,54.93309],[57.81805,54.93283],[57.81847,54.93175],[57.81875,54.93149],[57.821,54.93006],[57.82174,54.92981],[57.82193,54.92947],[57.82225,54.92941],[57.82209,54.92852],[57.82264,54.92799],[57.82254,54.92768],[57.82369,54.92712],[57.82444,54.92717],[57.82623,54.92648],[57.82695,54.92648],[57.82769,54.92626],[57.82826,54.92598],[57.82947,54.92488],[57.82965,54.92443],[57.8295,54.92414],[57.8298,54.9237],[57.8297,54.92339],[57.82999,54.9232],[57.82975,54.9228],[57.83,54.9223],[57.82956,54.92158],[57.82942,54.92112],[57.82942,54.92067],[57.83468,54.91966],[57.83533,54.91972],[57.83682,54.92021],[57.83739,54.92052],[57.83749,54.92079],[57.83797,54.92112],[57.83949,54.92152],[57.84178,54.92298],[57.84264,54.92328],[57.84284,54.92351],[57.84353,54.92367],[57.84375,54.92406],[57.84457,54.9246],[57.84748,54.9243],[57.84883,54.92446],[57.84989,54.92485],[57.85092,54.92549],[57.85186,54.92576],[57.85327,54.92669],[57.85396,54.92723],[57.85435,54.92778],[57.8549,54.92813],[57.85534,54.92873],[57.85725,54.92992],[57.85873,54.93049],[57.86035,54.93057],[57.8632,54.93027],[57.86458,54.93074],[57.86486,54.93067],[57.86519,54.93088],[57.86541,54.93139],[57.86669,54.93173],[57.86679,54.93234],[57.86783,54.93278],[57.86815,54.9326],[57.869,54.93265],[57.86903,54.93288],[57.87001,54.93289],[57.87099,54.93326],[57.87143,54.93361],[57.87173,54.93362],[57.87211,54.93389],[57.87197,54.93413],[57.87254,54.93408],[57.87276,54.93445],[57.87334,54.93458],[57.87334,54.93501],[57.87375,54.93591],[57.87422,54.93686],[57.87413,54.93723],[57.87435,54.93828],[57.87483,54.93875],[57.87495,54.93944],[57.87517,54.9399],[57.87614,54.94029],[57.87625,54.94078],[57.87718,54.94145],[57.87718,54.94171],[57.87753,54.94187],[57.87752,54.94209],[57.87793,54.94254],[57.87844,54.94276],[57.87899,54.94364],[57.87925,54.94387],[57.87946,54.94457],[57.87936,54.9448],[57.87958,54.94529],[57.88079,54.94598],[57.88189,54.94731],[57.88166,54.94756],[57.88136,54.9479],[57.88043,54.94799],[57.87913,54.94889],[57.87866,54.94943],[57.8787,54.9496],[57.87836,54.95016],[57.88818,54.96683],[57.89281,54.9652],[57.89489,54.96721],[57.90494,54.96918],[57.90641,54.96968],[57.91268,54.97022],[57.91616,54.9702],[57.92422,54.9724],[57.9394,54.98092],[57.94704,54.99088],[57.98301,54.98443],[57.97975,54.98103],[57.95889,54.97592],[57.95293,54.96011],[57.93292,54.94862],[57.96379,54.92111],[57.98294,54.92792],[57.99848,54.91254],[58.00168,54.91254],[57.99997,54.91084],[58.00104,54.90764],[58.00508,54.90615],[58.0441,54.91613],[58.0477,54.90758],[58.05159,54.90259],[58.06074,54.89983],[58.06095,54.89971],[58.06473,54.89818],[58.06694,54.89862],[58.07008,54.89851],[58.07201,54.89811],[58.07375,54.89716],[58.08068,54.89588],[58.08042,54.89519],[58.08433,54.89496],[58.08649,54.89453],[58.09197,54.89287],[58.10997,54.89319],[58.11233,54.89092],[58.11611,54.88769],[58.1188,54.88456],[58.11924,54.88397],[58.12066,54.88206],[58.12099,54.88139],[58.12106,54.88067],[58.12027,54.87844],[58.11977,54.87754],[58.11862,54.8768],[58.11594,54.87548],[58.15247,54.8756],[58.15251,54.85801],[58.18348,54.8579],[58.18357,54.83841],[58.21467,54.83801],[58.2146,54.83462],[58.25533,54.8403],[58.27611,54.84528],[58.29075,54.84643],[58.29404,54.85508],[58.30003,54.87169],[58.34796,54.86654],[58.34851,54.86849],[58.35004,54.87272],[58.35464,54.88484],[58.37174,54.88278],[58.37226,54.88371],[58.37533,54.89142],[58.37597,54.89349],[58.37943,54.89357],[58.38068,54.89376],[58.38125,54.89421],[58.38156,54.89506],[58.38206,54.89545],[58.38396,54.89648],[58.3857,54.89708],[58.38795,54.89817],[58.39016,54.89984],[58.39306,54.90119],[58.39477,54.90234],[58.39554,54.90244],[58.39713,54.90179],[58.39989,54.89968],[58.40274,54.898],[58.40546,54.89588],[58.40957,54.89218],[58.41923,54.91671],[58.45017,54.91294],[58.45103,54.91694],[58.45371,54.92323],[58.45694,54.93159],[58.47115,54.92988],[58.47314,54.92928],[58.48817,54.92639],[58.49685,54.92544],[58.50241,54.9236],[58.53542,54.92023],[58.54972,54.91894],[58.5563,54.9385],[58.57283,54.93666],[58.60528,54.93272],[58.65553,54.92629],[58.66268,54.94785],[58.66976,54.93925],[58.68231,54.92175],[58.68032,54.86015],[58.68022,54.84936],[58.68208,54.84991],[58.68394,54.84937],[58.68459,54.84901],[58.68522,54.84822],[58.68517,54.84692],[58.68446,54.84598],[58.68422,54.84494],[58.68447,54.84306],[58.68467,54.84259],[58.68698,54.84198],[58.68782,54.84159],[58.68834,54.84114],[58.69127,54.84371],[58.69319,54.84188],[58.69894,54.83565],[58.70355,54.83121],[58.70485,54.83045],[58.7053,54.82998],[58.70605,54.82967],[58.70654,54.82902],[58.70757,54.8286],[58.70815,54.82881],[58.70864,54.82877],[58.70897,54.8286],[58.70907,54.82807],[58.71016,54.82778],[58.71063,54.82732],[58.71133,54.82719],[58.71134,54.82699],[58.7105,54.82628],[58.70974,54.82599],[58.7102,54.82554],[58.70957,54.82506],[58.70928,54.82451],[58.70893,54.82434],[58.70831,54.82436],[58.70815,54.82467],[58.70828,54.82506],[58.70774,54.82521],[58.70722,54.82511],[58.70662,54.82457],[58.70661,54.82441],[58.70701,54.82413],[58.70646,54.82388],[58.70644,54.82358],[58.70585,54.82298],[58.70649,54.82255],[58.70642,54.82215],[58.70603,54.82196],[58.70538,54.82199],[58.70539,54.82121],[58.70413,54.82039],[58.70384,54.81959],[58.70313,54.81929],[58.69805,54.81817],[58.69586,54.81749],[58.69518,54.81725],[58.69399,54.81644],[58.69288,54.81603],[58.69162,54.81588],[58.68944,54.81526],[58.68883,54.81551],[58.68715,54.81535],[58.68655,54.81495],[58.68525,54.81476],[58.68397,54.81657],[58.67349,54.82383],[58.67196,54.82456],[58.65272,54.83192],[58.64854,54.8328],[58.64813,54.83166],[58.64679,54.83107],[58.64551,54.82979],[58.64382,54.83255],[58.64006,54.83068],[58.63965,54.83148],[58.63841,54.8324],[58.63497,54.83417],[58.63302,54.83435],[58.62938,54.83437],[58.62722,54.83421],[58.62163,54.83285],[58.62119,54.83306],[58.61971,54.83279],[58.61991,54.83257],[58.61621,54.8316],[58.61475,54.82608],[58.61434,54.8241],[58.61448,54.82363],[58.61353,54.82077],[58.61131,54.81187],[58.61072,54.80977],[58.60902,54.80503],[58.59299,54.80696],[58.59247,54.80584],[58.59113,54.8045],[58.5911,54.80027],[58.58917,54.79646],[58.57033,54.79857],[58.56377,54.79907],[58.56129,54.79912],[58.55999,54.79879],[58.55902,54.79887],[58.54105,54.80102],[58.52682,54.81107],[58.52552,54.81184],[58.5168,54.81835],[58.52026,54.82686],[58.51272,54.82748],[58.49371,54.83009],[58.46071,54.83424],[58.45194,54.83554],[58.45197,54.83457],[58.42988,54.83406],[58.42716,54.83412],[58.42501,54.83379],[58.421,54.83412],[58.41978,54.83405],[58.41126,54.83454],[58.4097,54.83419],[58.40846,54.83364],[58.40439,54.83107],[58.40345,54.83069],[58.39684,54.82919],[58.39273,54.82755],[58.38955,54.82677],[58.38682,54.82631],[58.38155,54.82663],[58.38016,54.8264],[58.37906,54.826],[58.37543,54.82407],[58.37397,54.82293],[58.37305,54.82211],[58.37226,54.82097],[58.36551,54.81481],[58.36134,54.81343],[58.36036,54.81293],[58.35948,54.81272],[58.3567,54.8126],[58.34646,54.81163],[58.34463,54.8061],[58.34386,54.80495],[58.34328,54.80341],[58.34013,54.79394],[58.33877,54.79064],[58.33806,54.78837],[58.33632,54.78505],[58.32444,54.75219],[58.35531,54.74871],[58.36633,54.74839],[58.38109,54.74682],[58.38986,54.74567],[58.39289,54.74503],[58.42019,54.74069],[58.42653,54.75978],[58.4926,54.75159],[58.49811,54.75077],[58.50838,54.7496],[58.50827,54.75071],[58.50935,54.75592],[58.51217,54.76483],[58.51454,54.77314],[58.51524,54.77438],[58.51648,54.77867],[58.52868,54.76998],[58.53042,54.76859],[58.53241,54.7676],[58.54093,54.76466],[58.55346,54.76004],[58.55611,54.76037],[58.56118,54.75858],[58.56349,54.75811],[58.60127,54.75423],[58.60248,54.75396],[58.60448,54.75392],[58.60556,54.75368],[58.61177,54.75313],[58.61248,54.75292],[58.63617,54.75039],[58.63842,54.74962],[58.64213,54.74997],[58.64718,54.75001],[58.65186,54.75406],[58.65091,54.75483],[58.65201,54.75507],[58.6526,54.75582],[58.65369,54.7561],[58.65427,54.75682],[58.65514,54.75729],[58.65455,54.75785],[58.66427,54.75733],[58.6699,54.77121],[58.67029,54.77267],[58.67511,54.78587],[58.67226,54.78621],[58.67342,54.78727],[58.6727,54.79024],[58.67147,54.7953],[58.67832,54.79486],[58.6784,54.79549],[58.67895,54.7967],[58.67998,54.79769],[58.68148,54.80004],[58.68043,54.80296],[58.68062,54.80424],[58.68033,54.80631],[58.69197,54.80498],[58.70992,54.80241],[58.71132,54.8032],[58.71341,54.80372],[58.71434,54.80454],[58.71639,54.80504],[58.71773,54.80522],[58.71961,54.80508],[58.7209,54.80539],[58.72297,54.80504],[58.72559,54.8053],[58.72772,54.80505],[58.72801,54.80489],[58.72859,54.80441],[58.72993,54.80256],[58.73039,54.80218],[58.75063,54.80274],[58.75151,54.79703],[58.7833,54.79461],[58.78685,54.79757],[58.88526,54.78634],[58.88055,54.7592],[58.87979,54.75295],[58.8795,54.75241],[58.87938,54.7495],[58.87255,54.71169],[58.81999,54.71584],[58.81906,54.7123],[58.81917,54.71168],[58.82043,54.70977],[58.8203,54.70918],[58.81952,54.70759],[58.8189,54.7068],[58.81718,54.70533],[58.81634,54.70325],[58.81622,54.70158],[58.81699,54.69847],[58.81642,54.69769],[58.81588,54.69743],[58.81208,54.6976],[58.81034,54.69731],[58.80868,54.69648],[58.80804,54.69586],[58.80785,54.69448],[58.80725,54.69307],[58.80655,54.6923],[58.80603,54.69059],[58.80607,54.68992],[58.80681,54.68797],[58.80666,54.68655],[58.8062,54.68479],[58.80551,54.68357],[58.80399,54.68231],[58.80422,54.68084],[58.8037,54.68043],[58.80172,54.67973],[58.8,54.67818],[58.80001,54.67734],[58.80057,54.6761],[58.80048,54.67567],[58.80022,54.67532],[58.79815,54.6737],[58.79759,54.6727],[58.79736,54.67161],[58.79788,54.67037],[58.7978,54.66903],[58.79767,54.66844],[58.79664,54.66636],[58.79454,54.66389],[58.79327,54.663],[58.78966,54.66146],[58.78803,54.66099],[58.78722,54.66049],[58.78719,54.65793],[58.78648,54.65728],[58.78397,54.65586],[58.77826,54.65355],[58.7767,54.65203],[58.77476,54.65074],[58.77236,54.65009],[58.77137,54.64975],[58.77103,54.64948],[58.7709,54.64876],[58.77142,54.64773],[58.77144,54.64707],[58.77116,54.64669],[58.7695,54.64539],[58.76924,54.64441],[58.79641,54.63913],[58.79334,54.62606],[58.79541,54.62434],[58.7967,54.62279],[58.79904,54.618],[58.80027,54.61618],[58.80152,54.61583],[58.82179,54.6132],[58.82759,54.61213],[58.8333,54.61057],[58.85046,54.60352],[58.85617,54.60377],[58.88504,54.60775],[58.9,54.60558],[58.90792,54.59894],[58.91397,54.59789],[58.92857,54.59618],[58.93301,54.59753],[58.93808,54.60145],[58.95225,54.60267],[58.95881,54.60157],[59.0249,54.6294],[59.00149,54.61833],[59.00234,54.61535],[58.99616,54.61237],[58.99106,54.61045],[58.97169,54.59981],[58.9537,54.58437],[58.94551,54.58464],[58.91975,54.58315],[58.90847,54.57187],[58.83908,54.56697],[58.83801,54.56506],[58.83141,54.56314],[58.80587,54.55058],[58.77458,54.5525],[58.73925,54.53691],[58.7269,54.50599],[58.71498,54.47789],[58.68284,54.47337],[58.64602,54.46719],[58.61707,54.46272],[58.61707,54.46059],[58.60855,54.45932],[58.59599,54.46251],[58.58727,54.464],[58.56534,54.47592],[58.52618,54.4979],[58.49872,54.5137],[58.48062,54.52307],[58.46083,54.53286],[58.45167,54.53733],[58.43613,54.54393],[58.43677,54.55308],[58.42187,54.55883],[58.3876,54.55691],[58.38526,54.5601],[58.34993,54.55116],[58.33992,54.5452],[58.31991,54.5369],[58.31459,54.53429],[58.31353,54.53536],[58.27649,54.52152],[58.25712,54.5145],[58.25116,54.51599],[58.24541,54.51365],[58.20689,54.5113],[58.16346,54.51024],[58.16921,54.50258],[58.13005,54.46995],[58.11834,54.46011],[58.09663,54.44691],[58.06491,54.42834],[58.02511,54.40423],[58.02128,54.4021],[58.01212,54.39678],[57.99871,54.397],[57.9836,54.39636],[57.95976,54.40296],[57.95593,54.40381],[57.92528,54.41317],[57.91144,54.41727],[57.91016,54.42068],[57.90335,54.42153],[57.90131,54.4207],[57.89697,54.42962],[57.87653,54.4435],[57.86355,54.45202],[57.85652,54.45697],[57.85141,54.46293],[57.82651,54.48549],[57.75336,54.50167],[57.75094,54.50938],[57.75222,54.51279],[57.75115,54.51662],[57.75555,54.52002],[57.75459,54.52013],[57.75336,54.52061],[57.75234,54.52079],[57.75194,54.52104],[57.75229,54.52176],[57.752,54.52202],[57.75092,54.52182],[57.74958,54.52229],[57.74858,54.52285],[57.7476,54.52395],[57.74806,54.52474],[57.748,54.52522],[57.74781,54.52562],[57.74809,54.52602],[57.74849,54.52617],[57.74946,54.52624],[57.75035,54.52695],[57.7506,54.52746],[57.7506,54.52802],[57.75087,54.52871],[57.75151,54.52912],[57.75193,54.52944],[57.75237,54.52965],[57.75269,54.52963],[57.75335,54.52944],[57.75436,54.52948],[57.75516,54.52964],[57.75597,54.5298],[57.75649,54.52996],[57.75755,54.53062],[57.75787,54.5311],[57.75787,54.53138],[57.75782,54.53159],[57.75728,54.53161],[57.75704,54.53158],[57.75685,54.53122],[57.75651,54.53086],[57.75616,54.53071],[57.75571,54.53074],[57.75565,54.53095],[57.75605,54.53172],[57.75559,54.53209],[57.75447,54.53283],[57.75404,54.53344],[57.75362,54.5335],[57.75313,54.53354],[57.75259,54.53379],[57.75267,54.53437],[57.75347,54.5348],[57.75355,54.53518],[57.75409,54.53553],[57.75431,54.53592],[57.75396,54.53619],[57.75353,54.53643],[57.7539,54.53746],[57.7534,54.53825],[57.75212,54.53849],[57.75103,54.5384],[57.75037,54.5383],[57.7497,54.53845],[57.74913,54.53874],[57.74894,54.53928],[57.74887,54.53969],[57.74948,54.54035],[57.75001,54.54097],[57.75014,54.54151],[57.74995,54.54189],[57.74839,54.54288],[57.74748,54.54335],[57.74733,54.54404],[57.74756,54.54486],[57.74794,54.54537],[57.74872,54.54634],[57.75008,54.54714],[57.75054,54.54797],[57.7505,54.54857],[57.75069,54.54921],[57.7518,54.55096],[57.75383,54.55361],[57.75438,54.55498],[57.75471,54.55541],[57.75579,54.55691],[57.75713,54.55764],[57.75802,54.55826],[57.75905,54.55878],[57.76098,54.55987],[57.76201,54.56047],[57.76315,54.56118],[57.7636,54.5619],[57.76347,54.56245],[57.76339,54.56293],[57.76247,54.56328],[57.76175,54.56353],[57.76113,54.56376],[57.75773,54.56453],[57.75653,54.56475],[57.75639,54.56488],[57.75596,54.56524],[57.75555,54.56533],[57.7549,54.5654],[57.75394,54.56538],[57.75243,54.5654],[57.75161,54.56557],[57.74981,54.56611],[57.74954,54.56625],[57.74925,54.56703],[57.74915,54.56772],[57.74902,54.56785],[57.74895,54.56795],[57.74872,54.56795],[57.74843,54.56791],[57.74819,54.56781],[57.74794,54.56775],[57.74772,54.5678],[57.74757,54.56792],[57.74754,54.56808],[57.74749,54.5683],[57.74747,54.56852],[57.74746,54.56873],[57.74753,54.56941],[57.74757,54.56975],[57.74759,54.57005],[57.74773,54.57033],[57.74781,54.57049],[57.74816,54.57084],[57.74836,54.57115],[57.74831,54.57127],[57.74799,54.57137],[57.74745,54.57134],[57.747,54.5713],[57.74658,54.5713],[57.74646,54.57136],[57.74648,54.5715],[57.74652,54.5716],[57.74657,54.5718],[57.74673,54.57198],[57.74695,54.57219],[57.74709,54.57242],[57.74703,54.5727],[57.74714,54.57312],[57.74673,54.57291],[57.74609,54.57252],[57.74529,54.57245],[57.74457,54.57255],[57.74411,54.57278],[57.74407,54.57309],[57.74413,54.57356],[57.74377,54.57383],[57.74347,54.57381],[57.74317,54.57375],[57.74253,54.57342],[57.74166,54.57331],[57.74094,54.57322],[57.74006,54.57328],[57.73964,54.57362],[57.73938,54.57401],[57.73916,54.57431],[57.73875,54.57462],[57.74604,54.58186],[57.69283,54.59766],[57.6609,54.60809],[57.62705,54.61767],[57.62152,54.63497],[57.61194,54.65865],[57.60938,54.66716],[57.60315,54.67859],[57.58263,54.69697],[57.56362,54.71495],[57.54708,54.73028]]]]}},{"type":"Feature","properties":{"osm_id":-398416,"name":"Усть-Катавский городской округ","admin_level":6},"geometry":{"type":"MultiPolygon","coordinates":[[[[58.0441,54.91613],[58.05872,54.91999],[58.08001,54.92999],[58.08277,54.94651],[58.09659,54.94558],[58.0987,54.94785],[58.10623,54.9456],[58.10493,54.94397],[58.11732,54.93863],[58.12151,54.94026],[58.11343,54.94239],[58.113,54.94495],[58.11708,54.94689],[58.11747,54.94708],[58.1186,54.9472],[58.12896,54.94835],[58.13194,54.95224],[58.13045,54.95415],[58.12386,54.95713],[58.12322,54.96097],[58.1262,54.96607],[58.13216,54.97076],[58.13631,54.97259],[58.13663,54.97273],[58.137,54.9728],[58.14067,54.97358],[58.14152,54.97549],[58.14231,54.97584],[58.14344,54.97634],[58.14365,54.97805],[58.1411,54.98167],[58.1362,54.98337],[58.12705,54.98337],[58.12556,54.98209],[58.13045,54.97613],[58.12556,54.97549],[58.11321,54.97954],[58.11044,54.98209],[58.1015,54.98422],[58.10108,54.9872],[58.10342,54.99039],[58.11364,54.99252],[58.12002,54.99167],[58.1279,54.99444],[58.13352,54.99794],[58.13045,54.99997],[58.08745,55.01296],[58.12002,55.01636],[58.12832,55.01721],[58.13739,55.0215],[58.14028,55.02107],[58.14155,55.02071],[58.14252,55.01938],[58.14378,55.01866],[58.1453,55.01854],[58.14634,55.01912],[58.14696,55.01915],[58.14757,55.01879],[58.14902,55.01854],[58.14989,55.01887],[58.14911,55.01984],[58.14924,55.02044],[58.14667,55.02187],[58.14553,55.02284],[58.14578,55.0236],[58.14847,55.0264],[58.15195,55.02814],[58.15426,55.02936],[58.15776,55.03046],[58.16315,55.03121],[58.1675,55.03136],[58.17312,55.03086],[58.17852,55.0308],[58.18071,55.03122],[58.18263,55.0343],[58.18132,55.03813],[58.1783,55.04024],[58.17589,55.04036],[58.17362,55.03996],[58.16947,55.03791],[58.16625,55.03705],[58.16055,55.0361],[58.15536,55.03635],[58.15287,55.03683],[58.15152,55.03841],[58.15108,55.04047],[58.15184,55.04279],[58.15454,55.04456],[58.16064,55.04708],[58.16439,55.04841],[58.16562,55.04925],[58.16688,55.05078],[58.16579,55.05281],[58.16356,55.05529],[58.16001,55.05588],[58.15309,55.05452],[58.15016,55.05476],[58.14925,55.05609],[58.15007,55.05776],[58.15462,55.06109],[58.15765,55.06237],[58.16117,55.06518],[58.16659,55.06766],[58.17006,55.06802],[58.17717,55.06717],[58.18342,55.06585],[58.18898,55.06739],[58.19297,55.06948],[58.19324,55.07053],[58.194,55.07398],[58.19324,55.07706],[58.19477,55.07852],[58.19537,55.08416],[58.19942,55.0874],[58.20013,55.0903],[58.2016,55.09214],[58.19558,55.09618],[58.19017,55.09837],[58.18545,55.09866],[58.17473,55.09672],[58.16647,55.09478],[58.16392,55.09384],[58.15971,55.08763],[58.15856,55.08563],[58.15509,55.08323],[58.14907,55.08404],[58.1398,55.08623],[58.13746,55.08842],[58.1383,55.09168],[58.13772,55.09588],[58.14141,55.09898],[58.15663,55.10145],[58.15897,55.1055],[58.15739,55.10894],[58.15322,55.11188],[58.15172,55.1129],[58.14736,55.11498],[58.1443,55.11666],[58.14238,55.11756],[58.13894,55.11836],[58.13448,55.1184],[58.13222,55.11864],[58.13043,55.11908],[58.12971,55.11974],[58.12844,55.12228],[58.12863,55.12608],[58.13148,55.12856],[58.13428,55.12982],[58.14381,55.13204],[58.15351,55.13309],[58.16105,55.13312],[58.168,55.13116],[58.16987,55.13178],[58.18148,55.13989],[58.18752,55.14297],[58.19062,55.14555],[58.19199,55.1484],[58.19299,55.14862],[58.19438,55.1485],[58.19443,55.14855],[58.19432,55.14868],[58.19424,55.14878],[58.19426,55.14884],[58.19427,55.14897],[58.19439,55.14904],[58.19462,55.1491],[58.19482,55.14905],[58.19514,55.14889],[58.19536,55.14846],[58.19581,55.14819],[58.1964,55.14777],[58.19753,55.1472],[58.19825,55.14672],[58.19948,55.14575],[58.20039,55.14553],[58.20118,55.14554],[58.20192,55.14557],[58.20249,55.14547],[58.20303,55.14521],[58.20347,55.14488],[58.20371,55.14465],[58.20356,55.14444],[58.20346,55.14422],[58.20361,55.1439],[58.20435,55.14342],[58.20589,55.14291],[58.20684,55.1428],[58.20743,55.14288],[58.20803,55.14272],[58.20847,55.14257],[58.20921,55.14221],[58.20968,55.14221],[58.21113,55.14192],[58.21194,55.14208],[58.21209,55.14227],[58.21199,55.14244],[58.21147,55.14281],[58.21129,55.14327],[58.21142,55.14357],[58.21131,55.1437],[58.21125,55.14382],[58.21147,55.14413],[58.21168,55.14422],[58.21219,55.14417],[58.21301,55.14415],[58.21346,55.14402],[58.21441,55.14393],[58.21479,55.14397],[58.21489,55.14402],[58.21515,55.1441],[58.21558,55.14414],[58.21586,55.14412],[58.21611,55.14414],[58.21674,55.14418],[58.21712,55.14427],[58.21743,55.14435],[58.21801,55.14436],[58.21886,55.14461],[58.21934,55.14478],[58.2193,55.14492],[58.21946,55.1451],[58.21978,55.1452],[58.22012,55.14527],[58.22038,55.14532],[58.22045,55.14542],[58.22024,55.14548],[58.22003,55.14553],[58.21993,55.14563],[58.22003,55.14573],[58.22037,55.14583],[58.22048,55.14594],[58.22084,55.14628],[58.22084,55.1465],[58.22073,55.14652],[58.22045,55.14644],[58.22034,55.14648],[58.22031,55.14658],[58.2204,55.14671],[58.22048,55.14683],[58.22044,55.14702],[58.22054,55.14712],[58.22087,55.1472],[58.22093,55.14735],[58.22108,55.14755],[58.22125,55.14765],[58.22208,55.14778],[58.22264,55.14802],[58.22319,55.14808],[58.22356,55.14819],[58.22414,55.1487],[58.22452,55.14901],[58.22463,55.1494],[58.2242,55.14988],[58.22411,55.15006],[58.22431,55.1504],[58.22424,55.15061],[58.22429,55.15079],[58.22448,55.15086],[58.22469,55.15086],[58.22486,55.15074],[58.22505,55.15073],[58.22514,55.15083],[58.22512,55.1509],[58.22503,55.15101],[58.22506,55.15108],[58.22537,55.15108],[58.22577,55.15131],[58.22606,55.15134],[58.22627,55.15132],[58.22647,55.15116],[58.22661,55.15106],[58.22684,55.15106],[58.22735,55.15109],[58.22778,55.15084],[58.22813,55.15067],[58.22861,55.15055],[58.22904,55.15051],[58.2295,55.15052],[58.22965,55.15061],[58.22969,55.15071],[58.2297,55.15081],[58.2298,55.15091],[58.22988,55.15099],[58.2299,55.15109],[58.23018,55.15119],[58.23029,55.15133],[58.23083,55.1514],[58.23104,55.15178],[58.23093,55.15191],[58.23096,55.15199],[58.23117,55.15202],[58.23127,55.15215],[58.23155,55.15219],[58.2319,55.15239],[58.23182,55.15248],[58.23141,55.15266],[58.23159,55.15279],[58.23178,55.15286],[58.2318,55.15303],[58.23229,55.15335],[58.23255,55.15337],[58.23281,55.1535],[58.23301,55.15366],[58.23337,55.15365],[58.2335,55.15364],[58.23386,55.15368],[58.234,55.1536],[58.23459,55.15366],[58.23459,55.15378],[58.2344,55.15403],[58.2343,55.15423],[58.23418,55.1544],[58.23412,55.15459],[58.23423,55.15467],[58.23456,55.15465],[58.23489,55.15486],[58.23494,55.15513],[58.23464,55.15549],[58.23509,55.1558],[58.23557,55.1561],[58.2358,55.15632],[58.23575,55.15648],[58.23558,55.15654],[58.23515,55.15646],[58.23489,55.15656],[58.23489,55.15679],[58.23504,55.15692],[58.23524,55.15693],[58.23551,55.15692],[58.23594,55.15704],[58.23672,55.15709],[58.23731,55.15729],[58.23768,55.15747],[58.2376,55.15771],[58.23759,55.15787],[58.23798,55.15816],[58.23807,55.15835],[58.23796,55.1584],[58.23781,55.15838],[58.23768,55.15827],[58.23736,55.15832],[58.23726,55.15849],[58.23745,55.15876],[58.23737,55.15894],[58.23739,55.15912],[58.23727,55.15929],[58.2372,55.15934],[58.23717,55.15956],[58.23695,55.15975],[58.23655,55.15985],[58.23613,55.15995],[58.23584,55.15992],[58.23569,55.15982],[58.23556,55.15972],[58.23539,55.15974],[58.23528,55.15985],[58.23517,55.15987],[58.23483,55.15983],[58.23468,55.1599],[58.23467,55.16001],[58.23493,55.16008],[58.23503,55.16017],[58.23487,55.16039],[58.23455,55.16047],[58.23474,55.16086],[58.23448,55.16104],[58.23436,55.16117],[58.23441,55.16127],[58.23471,55.16127],[58.23495,55.16139],[58.23478,55.1616],[58.23528,55.16187],[58.23531,55.16218],[58.23524,55.16231],[58.23536,55.16248],[58.23581,55.16265],[58.23591,55.16288],[58.23657,55.1631],[58.23718,55.1632],[58.23763,55.16326],[58.2377,55.16336],[58.23779,55.16362],[58.23809,55.16382],[58.23825,55.16382],[58.23845,55.16356],[58.23877,55.16351],[58.23909,55.16359],[58.23912,55.16371],[58.23892,55.16381],[58.23886,55.16389],[58.23893,55.16399],[58.23916,55.16405],[58.23928,55.16421],[58.23964,55.16421],[58.23986,55.16434],[58.24007,55.16457],[58.24026,55.16471],[58.24023,55.16497],[58.24057,55.16518],[58.24043,55.16555],[58.2409,55.16595],[58.24159,55.16616],[58.2425,55.16625],[58.24288,55.16646],[58.24298,55.16683],[58.24331,55.16706],[58.24351,55.16719],[58.24361,55.16738],[58.24426,55.16754],[58.24438,55.16781],[58.24419,55.16805],[58.24387,55.16833],[58.24393,55.16855],[58.24391,55.16878],[58.24404,55.16903],[58.24442,55.16901],[58.24451,55.16909],[58.24472,55.16937],[58.24509,55.16948],[58.24487,55.17009],[58.24516,55.17009],[58.24602,55.16987],[58.2465,55.17012],[58.24683,55.1701],[58.24723,55.17038],[58.24744,55.17055],[58.24784,55.17061],[58.24827,55.17074],[58.2487,55.17079],[58.24899,55.17074],[58.24962,55.17073],[58.2499,55.17065],[58.24998,55.17044],[58.25042,55.17052],[58.25064,55.17039],[58.25071,55.17014],[58.25109,55.17013],[58.25116,55.16976],[58.25149,55.16974],[58.25173,55.16953],[58.25185,55.16955],[58.25208,55.16979],[58.2524,55.16976],[58.25249,55.16966],[58.25235,55.16953],[58.25248,55.16947],[58.25331,55.16963],[58.25348,55.16955],[58.25334,55.16943],[58.2534,55.16937],[58.2536,55.16926],[58.25363,55.16916],[58.25357,55.16907],[58.25343,55.16902],[58.25344,55.16894],[58.25355,55.16892],[58.25376,55.16903],[58.25397,55.16904],[58.2541,55.16895],[58.25438,55.16905],[58.25456,55.16917],[58.25494,55.1693],[58.25511,55.16927],[58.25522,55.16916],[58.25542,55.16916],[58.25557,55.16932],[58.2555,55.1696],[58.25598,55.16986],[58.25666,55.1703],[58.25686,55.17055],[58.25715,55.17058],[58.25734,55.17053],[58.25725,55.17028],[58.25742,55.17015],[58.25743,55.16997],[58.25759,55.16988],[58.25773,55.16992],[58.25821,55.17014],[58.2589,55.17007],[58.2592,55.1701],[58.25958,55.17006],[58.25972,55.17015],[58.25985,55.17019],[58.26005,55.1702],[58.26027,55.17041],[58.2604,55.17048],[58.26066,55.17045],[58.26077,55.17055],[58.2607,55.17076],[58.2606,55.1709],[58.26073,55.171],[58.26112,55.17108],[58.26159,55.1711],[58.26158,55.17117],[58.2615,55.17132],[58.26175,55.17144],[58.26197,55.17142],[58.26221,55.17141],[58.26242,55.17143],[58.2625,55.17147],[58.26259,55.17161],[58.2627,55.17165],[58.26324,55.17174],[58.26364,55.17175],[58.26423,55.17174],[58.2644,55.17174],[58.26465,55.17162],[58.26479,55.17161],[58.26495,55.17162],[58.26517,55.17168],[58.26522,55.1718],[58.26534,55.17182],[58.26542,55.17177],[58.26551,55.17162],[58.26544,55.17152],[58.26541,55.17139],[58.26553,55.17137],[58.26565,55.17138],[58.26605,55.17149],[58.2662,55.17155],[58.26635,55.17152],[58.2664,55.17146],[58.2664,55.1714],[58.26635,55.17138],[58.26608,55.17126],[58.26607,55.17117],[58.26621,55.17113],[58.26647,55.17117],[58.267,55.17124],[58.26718,55.17118],[58.26723,55.17104],[58.26714,55.17096],[58.26716,55.17088],[58.26737,55.17082],[58.26757,55.17083],[58.26765,55.17088],[58.26755,55.17097],[58.26781,55.17109],[58.26798,55.17104],[58.26816,55.1711],[58.26822,55.17107],[58.26827,55.17099],[58.26833,55.17098],[58.26847,55.17104],[58.26861,55.17103],[58.26884,55.17089],[58.26898,55.17088],[58.26919,55.17102],[58.26944,55.17107],[58.26982,55.17129],[58.27001,55.17147],[58.27016,55.17151],[58.27048,55.1715],[58.271,55.17148],[58.27153,55.17154],[58.27167,55.1715],[58.27221,55.17126],[58.27271,55.17099],[58.27269,55.17091],[58.27262,55.17082],[58.27244,55.17077],[58.27236,55.17077],[58.2723,55.17074],[58.27228,55.1707],[58.27222,55.17051],[58.27211,55.17043],[58.2719,55.1702],[58.27167,55.16996],[58.27155,55.16986],[58.27151,55.16965],[58.2714,55.16949],[58.27139,55.16939],[58.27154,55.16927],[58.27154,55.16916],[58.2715,55.16914],[58.27138,55.16915],[58.27132,55.1691],[58.27131,55.16902],[58.27137,55.16895],[58.27137,55.16888],[58.27138,55.16884],[58.27144,55.16822],[58.2714,55.16805],[58.27161,55.16786],[58.27203,55.16772],[58.27214,55.16765],[58.27218,55.16753],[58.27219,55.16742],[58.27219,55.16731],[58.27228,55.16727],[58.27238,55.16727],[58.27247,55.16729],[58.2726,55.16744],[58.27292,55.16737],[58.27325,55.16741],[58.27342,55.16733],[58.27359,55.16731],[58.2736,55.16718],[58.27368,55.16706],[58.27371,55.16697],[58.27382,55.1669],[58.27399,55.16693],[58.27397,55.16704],[58.27426,55.16724],[58.27449,55.16721],[58.27471,55.16722],[58.27484,55.16717],[58.27513,55.16703],[58.27536,55.1671],[58.27568,55.16726],[58.27581,55.1672],[58.27602,55.16691],[58.27642,55.16692],[58.27654,55.16685],[58.27676,55.16661],[58.27679,55.16648],[58.27665,55.16633],[58.27671,55.16623],[58.27691,55.16613],[58.27718,55.16613],[58.27745,55.16615],[58.27754,55.16612],[58.27794,55.16589],[58.2783,55.16578],[58.27872,55.16576],[58.27919,55.16541],[58.27959,55.16533],[58.27995,55.16532],[58.2809,55.16506],[58.281,55.16494],[58.2818,55.16473],[58.28197,55.16477],[58.28199,55.16493],[58.28221,55.16496],[58.2826,55.16494],[58.28269,55.16486],[58.28281,55.16478],[58.283,55.16484],[58.28311,55.16504],[58.2833,55.16512],[58.28343,55.16519],[58.28341,55.16526],[58.28341,55.16535],[58.28382,55.1655],[58.28433,55.16561],[58.28491,55.16577],[58.2856,55.16576],[58.28608,55.16572],[58.2865,55.16559],[58.28678,55.16542],[58.28734,55.16542],[58.28751,55.16549],[58.28771,55.16569],[58.28798,55.1657],[58.28816,55.16591],[58.2885,55.16599],[58.28873,55.16597],[58.28904,55.16589],[58.28933,55.16589],[58.2898,55.16551],[58.29002,55.16524],[58.2906,55.16494],[58.29158,55.16491],[58.29176,55.16484],[58.29208,55.16503],[58.29246,55.16502],[58.29326,55.16443],[58.29407,55.16445],[58.29471,55.16452],[58.29644,55.1641],[58.29667,55.16361],[58.29711,55.16373],[58.29781,55.16356],[58.29832,55.16354],[58.29858,55.16326],[58.29923,55.16326],[58.29955,55.16297],[58.30023,55.16287],[58.30027,55.16268],[58.30055,55.16268],[58.30111,55.16294],[58.3018,55.16266],[58.3026,55.16276],[58.30546,55.16242],[58.30558,55.16198],[58.30594,55.16159],[58.30637,55.16111],[58.30711,55.16065],[58.30777,55.16057],[58.30841,55.16034],[58.30923,55.16006],[58.30999,55.16004],[58.31006,55.1598],[58.31107,55.15952],[58.31175,55.15912],[58.31272,55.15891],[58.31372,55.15907],[58.31392,55.15931],[58.31405,55.15946],[58.31456,55.15963],[58.31525,55.15956],[58.31536,55.15938],[58.3154,55.15897],[58.31628,55.15871],[58.31837,55.15882],[58.3205,55.15744],[58.32201,55.15703],[58.32261,55.15638],[58.32374,55.15536],[58.32744,55.15545],[58.33042,55.15418],[58.33169,55.15431],[58.33388,55.15301],[58.33519,55.15247],[58.33604,55.1501],[58.33711,55.14963],[58.33977,55.14931],[58.3415,55.14954],[58.34484,55.1499],[58.3464,55.14944],[58.34762,55.14837],[58.34955,55.14824],[58.34981,55.14761],[58.34965,55.14707],[58.35049,55.1461],[58.35171,55.1455],[58.35187,55.145],[58.35354,55.14475],[58.35477,55.14483],[58.35783,55.14417],[58.35862,55.14416],[58.35963,55.14392],[58.36165,55.1423],[58.36169,55.14208],[58.36203,55.14183],[58.36256,55.14137],[58.36291,55.1411],[58.36279,55.14076],[58.36298,55.14063],[58.36298,55.14018],[58.36337,55.13999],[58.36308,55.13983],[58.36325,55.13973],[58.36327,55.13959],[58.36358,55.13948],[58.36347,55.13934],[58.36321,55.13926],[58.36347,55.13906],[58.36314,55.13868],[58.36388,55.13701],[58.3659,55.13426],[58.36636,55.13289],[58.36647,55.13208],[58.36684,55.13195],[58.36657,55.13172],[58.36669,55.13125],[58.36659,55.13116],[58.36656,55.13089],[58.36679,55.13086],[58.36684,55.13048],[58.3668,55.12999],[58.36696,55.12986],[58.36695,55.12958],[58.36672,55.12945],[58.36653,55.12917],[58.36666,55.12905],[58.36712,55.12904],[58.36736,55.12907],[58.36769,55.12903],[58.3678,55.12887],[58.36811,55.12878],[58.3682,55.12863],[58.3688,55.12849],[58.36954,55.12651],[58.36946,55.1256],[58.37258,55.12117],[58.36727,55.11911],[58.36204,55.11683],[58.34693,55.10385],[58.3614,55.09656],[58.37332,55.09592],[58.40036,55.07953],[58.38077,55.07054],[58.37929,55.06578],[58.40461,55.06649],[58.42973,55.06628],[58.43952,55.04813],[58.43888,55.03877],[58.43378,55.03558],[58.42611,55.02217],[58.42207,55.01791],[58.42697,55.01062],[58.44527,55.00402],[58.4491,54.99976],[58.45328,54.99672],[58.46379,55.00466],[58.47528,55.00168],[58.48784,55.01168],[58.49976,55.01786],[58.50168,55.02062],[58.51019,55.02403],[58.51402,55.0236],[58.53105,55.02743],[58.54255,55.02403],[58.54709,55.025],[58.54747,55.02604],[58.54774,55.02637],[58.54846,55.02674],[58.54896,55.02651],[58.54922,55.02597],[58.54951,55.02515],[58.54945,55.02477],[58.54916,55.02433],[58.54831,55.02289],[58.54767,55.02261],[58.54722,55.0222],[58.54665,55.02108],[58.54649,55.02052],[58.54677,55.02017],[58.54627,55.01932],[58.54617,55.019],[58.54638,55.01854],[58.54546,55.01774],[58.54454,55.01724],[58.54311,55.01598],[58.54228,55.01486],[58.54098,55.01331],[58.54043,55.01259],[58.53942,55.01166],[58.53735,55.00983],[58.53392,55.00648],[58.53103,55.00388],[58.53106,55.0031],[58.53121,55.00233],[58.53103,55.00152],[58.53065,55.00093],[58.53023,55.00054],[58.5296,55.00035],[58.52885,54.99913],[58.52809,54.99866],[58.52752,54.99841],[58.52693,54.99816],[58.52667,54.99786],[58.52673,54.99736],[58.52694,54.99698],[58.52669,54.99654],[58.52628,54.99615],[58.52558,54.99521],[58.5252,54.99494],[58.52478,54.99472],[58.52417,54.99469],[58.5236,54.99472],[58.52282,54.99467],[58.52224,54.99446],[58.52171,54.99434],[58.52102,54.99427],[58.52049,54.99409],[58.52023,54.99385],[58.52002,54.99357],[58.5196,54.99338],[58.51908,54.9932],[58.51868,54.99309],[58.51823,54.99289],[58.51793,54.99262],[58.51732,54.9925],[58.51714,54.99211],[58.51671,54.99194],[58.51568,54.9919],[58.51501,54.9917],[58.51358,54.99092],[58.51212,54.99087],[58.51136,54.99055],[58.51069,54.99018],[58.50689,54.98923],[58.50399,54.98844],[58.49897,54.98709],[58.49262,54.98333],[58.49867,54.97933],[58.50453,54.97627],[58.52284,54.97413],[58.54087,54.9729],[58.54824,54.97367],[58.55842,54.97249],[58.56684,54.97095],[58.5732,54.96714],[58.58682,54.95927],[58.593,54.95842],[58.59768,54.95629],[58.60966,54.95963],[58.62195,54.96471],[58.64132,54.96459],[58.64855,54.96267],[58.65272,54.95866],[58.66268,54.94785],[58.65553,54.92629],[58.60528,54.93272],[58.57283,54.93666],[58.5563,54.9385],[58.54972,54.91894],[58.53542,54.92023],[58.50241,54.9236],[58.49685,54.92544],[58.48817,54.92639],[58.47314,54.92928],[58.47115,54.92988],[58.45694,54.93159],[58.45371,54.92323],[58.45103,54.91694],[58.45017,54.91294],[58.41923,54.91671],[58.40957,54.89218],[58.40546,54.89588],[58.40274,54.898],[58.39989,54.89968],[58.39713,54.90179],[58.39554,54.90244],[58.39477,54.90234],[58.39306,54.90119],[58.39016,54.89984],[58.38795,54.89817],[58.3857,54.89708],[58.38396,54.89648],[58.38206,54.89545],[58.38156,54.89506],[58.38125,54.89421],[58.38068,54.89376],[58.37943,54.89357],[58.37597,54.89349],[58.37533,54.89142],[58.37226,54.88371],[58.37174,54.88278],[58.35464,54.88484],[58.35004,54.87272],[58.34851,54.86849],[58.34796,54.86654],[58.30003,54.87169],[58.29404,54.85508],[58.29075,54.84643],[58.27611,54.84528],[58.25533,54.8403],[58.2146,54.83462],[58.21467,54.83801],[58.18357,54.83841],[58.18348,54.8579],[58.15251,54.85801],[58.15247,54.8756],[58.11594,54.87548],[58.11862,54.8768],[58.11977,54.87754],[58.12027,54.87844],[58.12106,54.88067],[58.12099,54.88139],[58.12066,54.88206],[58.11924,54.88397],[58.1188,54.88456],[58.11611,54.88769],[58.11233,54.89092],[58.10997,54.89319],[58.09197,54.89287],[58.08649,54.89453],[58.08433,54.89496],[58.08042,54.89519],[58.08068,54.89588],[58.07375,54.89716],[58.07201,54.89811],[58.07008,54.89851],[58.06694,54.89862],[58.06473,54.89818],[58.06095,54.89971],[58.06074,54.89983],[58.05159,54.90259],[58.0477,54.90758],[58.0441,54.91613]]]]}},{"type":"Feature","properties":{"osm_id":-1517669,"name":"Трёхгорный городской округ","admin_level":6},"geometry":{"type":"MultiPolygon","coordinates":[[[[58.32444,54.75219],[58.33632,54.78505],[58.33806,54.78837],[58.33877,54.79064],[58.34013,54.79394],[58.34328,54.80341],[58.34386,54.80495],[58.34463,54.8061],[58.34646,54.81163],[58.3567,54.8126],[58.35948,54.81272],[58.36036,54.81293],[58.36134,54.81343],[58.36551,54.81481],[58.37226,54.82097],[58.37305,54.82211],[58.37397,54.82293],[58.37543,54.82407],[58.37906,54.826],[58.38016,54.8264],[58.38155,54.82663],[58.38682,54.82631],[58.38955,54.82677],[58.39273,54.82755],[58.39684,54.82919],[58.40345,54.83069],[58.40439,54.83107],[58.40846,54.83364],[58.4097,54.83419],[58.41126,54.83454],[58.41978,54.83405],[58.421,54.83412],[58.42501,54.83379],[58.42716,54.83412],[58.42988,54.83406],[58.45197,54.83457],[58.45194,54.83554],[58.46071,54.83424],[58.49371,54.83009],[58.51272,54.82748],[58.52026,54.82686],[58.5168,54.81835],[58.52552,54.81184],[58.52682,54.81107],[58.54105,54.80102],[58.55902,54.79887],[58.55999,54.79879],[58.56129,54.79912],[58.56377,54.79907],[58.57033,54.79857],[58.58917,54.79646],[58.5911,54.80027],[58.59113,54.8045],[58.59247,54.80584],[58.59299,54.80696],[58.60902,54.80503],[58.61072,54.80977],[58.61131,54.81187],[58.61353,54.82077],[58.61448,54.82363],[58.61434,54.8241],[58.61475,54.82608],[58.61621,54.8316],[58.61991,54.83257],[58.61971,54.83279],[58.62119,54.83306],[58.62163,54.83285],[58.62722,54.83421],[58.62938,54.83437],[58.63302,54.83435],[58.63497,54.83417],[58.63841,54.8324],[58.63965,54.83148],[58.64006,54.83068],[58.64382,54.83255],[58.64551,54.82979],[58.64679,54.83107],[58.64813,54.83166],[58.64854,54.8328],[58.65272,54.83192],[58.67196,54.82456],[58.67349,54.82383],[58.68397,54.81657],[58.68525,54.81476],[58.68473,54.81456],[58.68387,54.81469],[58.68331,54.81432],[58.68297,54.81462],[58.68248,54.8145],[58.68225,54.8147],[58.68152,54.81481],[58.68155,54.8144],[58.68053,54.81368],[58.68078,54.81345],[58.6795,54.8126],[58.67961,54.81241],[58.67946,54.81212],[58.67895,54.8121],[58.67842,54.81231],[58.67854,54.81177],[58.67806,54.81146],[58.67865,54.81154],[58.6789,54.81137],[58.67877,54.81132],[58.67914,54.81076],[58.67837,54.81028],[58.67796,54.81063],[58.67754,54.81075],[58.67662,54.81031],[58.67653,54.81001],[58.67678,54.80924],[58.67659,54.80883],[58.67677,54.8084],[58.67638,54.80803],[58.67631,54.80765],[58.67697,54.80725],[58.67665,54.8067],[58.68033,54.80631],[58.68062,54.80424],[58.68043,54.80296],[58.68148,54.80004],[58.67998,54.79769],[58.67895,54.7967],[58.6784,54.79549],[58.67832,54.79486],[58.67147,54.7953],[58.6727,54.79024],[58.67342,54.78727],[58.67226,54.78621],[58.67511,54.78587],[58.67029,54.77267],[58.6699,54.77121],[58.66427,54.75733],[58.65455,54.75785],[58.65514,54.75729],[58.65427,54.75682],[58.65369,54.7561],[58.6526,54.75582],[58.65201,54.75507],[58.65091,54.75483],[58.65186,54.75406],[58.64718,54.75001],[58.64213,54.74997],[58.63842,54.74962],[58.63617,54.75039],[58.61248,54.75292],[58.61177,54.75313],[58.60556,54.75368],[58.60448,54.75392],[58.60248,54.75396],[58.60127,54.75423],[58.56349,54.75811],[58.56118,54.75858],[58.55611,54.76037],[58.55346,54.76004],[58.54093,54.76466],[58.53241,54.7676],[58.53042,54.76859],[58.52868,54.76998],[58.51648,54.77867],[58.51524,54.77438],[58.51454,54.77314],[58.51217,54.76483],[58.50935,54.75592],[58.50827,54.75071],[58.50838,54.7496],[58.49811,54.75077],[58.4926,54.75159],[58.42653,54.75978],[58.42019,54.74069],[58.39289,54.74503],[58.38986,54.74567],[58.38109,54.74682],[58.36633,54.74839],[58.35531,54.74871],[58.32444,54.75219]]]]}},{"type":"Feature","properties":{"osm_id":-398419,"name":"Саткинский район","admin_level":6},"geometry":{"type":"MultiPolygon","coordinates":[[[[58.57524,55.16329],[58.57543,55.16344],[58.5757,55.16356],[58.57615,55.16368],[58.57634,55.16383],[58.57642,55.16415],[58.5766,55.16511],[58.57691,55.1657],[58.57691,55.16593],[58.57682,55.16632],[58.5767,55.16672],[58.5767,55.16706],[58.57718,55.16722],[58.57767,55.16791],[58.57808,55.16819],[58.58056,55.16895],[58.58177,55.16942],[58.58251,55.16963],[58.58294,55.17012],[58.58305,55.1707],[58.58318,55.17131],[58.58333,55.17171],[58.58361,55.17214],[58.58369,55.17276],[58.58294,55.17388],[58.58252,55.17497],[58.58251,55.17654],[58.58236,55.17695],[58.58102,55.17783],[58.58085,55.17808],[58.58099,55.17838],[58.58123,55.17857],[58.5821,55.17853],[58.58237,55.17858],[58.58281,55.17872],[58.58311,55.17904],[58.58285,55.1792],[58.58274,55.17937],[58.58335,55.17966],[58.58395,55.17991],[58.58471,55.17988],[58.58516,55.17975],[58.58535,55.17978],[58.58552,55.17996],[58.58526,55.18015],[58.58533,55.18048],[58.58566,55.18099],[58.58589,55.18113],[58.58627,55.18125],[58.58668,55.18127],[58.58722,55.18109],[58.58762,55.18108],[58.58796,55.18126],[58.58839,55.1817],[58.58888,55.18195],[58.58935,55.18221],[58.58927,55.18242],[58.58915,55.18273],[58.58925,55.18288],[58.58966,55.18298],[58.58998,55.18296],[58.59027,55.18283],[58.59036,55.18242],[58.59078,55.18237],[58.59191,55.1827],[58.59264,55.18272],[58.59572,55.1824],[58.59613,55.18231],[58.59606,55.18223],[58.59647,55.18203],[58.59679,55.18195],[58.59719,55.18201],[58.59761,55.18219],[58.59851,55.18231],[58.59881,55.18215],[58.59916,55.18211],[58.59977,55.18201],[58.60108,55.1818],[58.60203,55.18215],[58.60279,55.18213],[58.60637,55.18164],[58.60762,55.1814],[58.60891,55.18158],[58.6101,55.18209],[58.61204,55.18319],[58.61336,55.18418],[58.61433,55.18573],[58.6148,55.18748],[58.61447,55.18939],[58.61468,55.19073],[58.61565,55.19233],[58.61579,55.19294],[58.61543,55.19405],[58.61667,55.19474],[58.61806,55.19491],[58.6223,55.19502],[58.62412,55.19456],[58.62633,55.19394],[58.62969,55.1923],[58.63162,55.19136],[58.63355,55.19089],[58.63549,55.19089],[58.63797,55.19121],[58.63974,55.19141],[58.64246,55.19204],[58.64379,55.19367],[58.64373,55.19415],[58.6437,55.19436],[58.64493,55.194],[58.65238,55.1923],[58.65238,55.18591],[58.64642,55.17739],[58.64491,55.17294],[58.64855,55.16947],[58.65408,55.16755],[58.6566,55.16282],[58.65749,55.16116],[58.66472,55.16265],[58.66685,55.16542],[58.6792,55.1733],[58.69239,55.17181],[58.69389,55.16585],[58.69048,55.15925],[58.69282,55.15393],[58.69303,55.15073],[58.7112,55.14399],[58.71411,55.13945],[58.7239,55.1386],[58.72837,55.14286],[58.72814,55.14408],[58.72667,55.1518],[58.72665,55.15212],[58.73539,55.15329],[58.73305,55.15499],[58.73646,55.1567],[58.74795,55.15904],[58.7554,55.16372],[58.75732,55.16931],[58.75753,55.17314],[58.75604,55.17442],[58.75945,55.17952],[58.75689,55.18016],[58.76008,55.18506],[58.75945,55.18612],[58.76562,55.1891],[58.77307,55.21257],[58.69303,55.23194],[58.69878,55.25009],[58.70325,55.26371],[58.70942,55.27967],[58.72538,55.28968],[58.74795,55.28585],[58.75742,55.28583],[58.7663,55.28485],[58.78202,55.28302],[58.81138,55.2801],[58.83075,55.27776],[58.85438,55.27563],[58.86289,55.27499],[58.88673,55.27584],[58.93186,55.27201],[58.93888,55.28372],[58.93548,55.28628],[58.93334,55.29449],[58.89652,55.29101],[58.86566,55.29037],[58.83777,55.29335],[58.8416,55.30618],[58.84693,55.32682],[58.91142,55.3264],[58.93058,55.31703],[58.96528,55.31597],[58.964,55.2925],[58.96549,55.27994],[58.96639,55.26251],[58.97358,55.26504],[58.98124,55.26419],[58.98465,55.26185],[58.9838,55.24993],[58.9855,55.24801],[58.9904,55.25036],[58.99082,55.2561],[58.9889,55.26142],[58.99784,55.26632],[59.00359,55.26717],[59.007,55.26526],[59.01594,55.2693],[59.01381,55.27143],[59.01487,55.28335],[59.01828,55.28527],[59.02211,55.28399],[59.02913,55.27824],[59.03424,55.27718],[59.04212,55.28016],[59.04191,55.2883],[59.04872,55.29532],[59.05638,55.29745],[59.06532,55.29341],[59.07469,55.29192],[59.07639,55.29852],[59.07852,55.30277],[59.07745,55.3066],[59.08001,55.30836],[59.0932,55.31049],[59.09278,55.31283],[59.11305,55.30456],[59.11168,55.30339],[59.10755,55.29657],[59.10751,55.2963],[59.108,55.29513],[59.10865,55.29434],[59.10912,55.29405],[59.10993,55.29373],[59.11177,55.29338],[59.11365,55.2935],[59.11537,55.29359],[59.11789,55.29368],[59.11901,55.29353],[59.12082,55.29294],[59.12228,55.29218],[59.12651,55.29159],[59.12714,55.29135],[59.12715,55.29102],[59.12671,55.2904],[59.12673,55.28981],[59.12717,55.28933],[59.12821,55.28875],[59.13038,55.28789],[59.13113,55.28745],[59.13182,55.28693],[59.13214,55.28637],[59.13245,55.28535],[59.13274,55.28423],[59.13339,55.28292],[59.13388,55.28235],[59.13456,55.28191],[59.13569,55.28139],[59.13636,55.28159],[59.13864,55.28087],[59.14089,55.27986],[59.14302,55.27779],[59.1435,55.27651],[59.14521,55.27439],[59.14712,55.27338],[59.14791,55.27255],[59.14924,55.27172],[59.15147,55.27058],[59.15146,55.27033],[59.15108,55.26928],[59.14972,55.26781],[59.14858,55.26712],[59.15504,55.26652],[59.17507,55.26515],[59.25076,55.25841],[59.30961,55.25265],[59.30871,55.24601],[59.31735,55.24289],[59.31757,55.24232],[59.31882,55.23908],[59.31933,55.23864],[59.31782,55.23784],[59.316,55.23639],[59.31467,55.23562],[59.31155,55.23427],[59.31067,55.2337],[59.30985,55.23328],[59.30725,55.22997],[59.30416,55.22826],[59.2994,55.2272],[59.29551,55.22692],[59.29224,55.22636],[59.29011,55.22555],[59.28939,55.22507],[59.2876,55.22404],[59.28749,55.22399],[59.26397,55.214],[59.25819,55.21172],[59.2561,55.20985],[59.2554,55.20863],[59.2539,55.20722],[59.25298,55.20646],[59.25196,55.2059],[59.2522,55.20309],[59.25416,55.20063],[59.25554,55.19773],[59.25811,55.19319],[59.26049,55.19025],[59.26204,55.1877],[59.2634,55.18599],[59.2647,55.18376],[59.26202,55.18295],[59.25661,55.17926],[59.2551,55.17872],[59.25273,55.17831],[59.25066,55.17819],[59.24758,55.17847],[59.24531,55.17827],[59.24391,55.17767],[59.24075,55.17701],[59.23601,55.17662],[59.23476,55.17637],[59.23375,55.17604],[59.22976,55.17415],[59.22789,55.1735],[59.22419,55.17262],[59.2199,55.17205],[59.21446,55.17188],[59.21358,55.17172],[59.21206,55.1681],[59.20704,55.14745],[59.20329,55.13029],[59.2021,55.12343],[59.20233,55.12044],[59.21728,55.11869],[59.24435,55.11672],[59.25116,55.11576],[59.27416,55.1139],[59.27848,55.11326],[59.2796,55.11127],[59.28042,55.1069],[59.27995,55.10514],[59.2804,55.103],[59.28037,55.10105],[59.27819,55.1005],[59.27737,55.10025],[59.27629,55.09991],[59.27385,55.09897],[59.27242,55.09821],[59.27077,55.09728],[59.2689,55.09584],[59.26796,55.09504],[59.26671,55.09393],[59.26307,55.09122],[59.25823,55.08847],[59.25773,55.08751],[59.25662,55.08489],[59.25602,55.08194],[59.25433,55.07038],[59.25438,55.06287],[59.2536,55.06025],[59.25339,55.05354],[59.25303,55.05097],[59.25727,55.05014],[59.26422,55.04981],[59.28913,55.04938],[59.29439,55.04911],[59.30779,55.04797],[59.31302,55.04771],[59.31814,55.04769],[59.31746,55.04408],[59.31704,55.02712],[59.31721,55.01764],[59.31667,55.00775],[59.33281,55.00647],[59.33521,55.00568],[59.33669,55.00454],[59.33749,55.00283],[59.33787,55.00076],[59.33765,54.99893],[59.33625,54.9944],[59.33507,54.98979],[59.33446,54.9867],[59.33375,54.98432],[59.33348,54.98104],[59.33271,54.97761],[59.33245,54.97352],[59.33136,54.96933],[59.33116,54.96638],[59.33047,54.96296],[59.32869,54.95601],[59.32801,54.95244],[59.32744,54.94678],[59.3262,54.93698],[59.32617,54.93379],[59.32518,54.92932],[59.32424,54.9272],[59.32333,54.92589],[59.32306,54.92256],[59.32237,54.91946],[59.32193,54.91628],[59.32198,54.91304],[59.32082,54.90881],[59.32116,54.90477],[59.32294,54.90055],[59.32373,54.89737],[59.32667,54.88949],[59.32909,54.88737],[59.33013,54.88476],[59.3291,54.88218],[59.32724,54.87975],[59.32606,54.87632],[59.32438,54.87365],[59.32311,54.87088],[59.32166,54.86893],[59.32161,54.8666],[59.32356,54.86333],[59.32493,54.86053],[59.32151,54.85818],[59.31631,54.85378],[59.31419,54.85244],[59.31093,54.8508],[59.3062,54.84759],[59.30058,54.84447],[59.29651,54.84178],[59.29218,54.83971],[59.28713,54.83674],[59.2837,54.83491],[59.27912,54.83331],[59.27579,54.83087],[59.27196,54.8289],[59.26911,54.82693],[59.2713,54.82423],[59.27209,54.82129],[59.27247,54.81873],[59.27038,54.81619],[59.26746,54.81389],[59.27047,54.8112],[59.26823,54.80772],[59.26648,54.80429],[59.26375,54.8008],[59.261,54.79802],[59.2578,54.79335],[59.25506,54.79029],[59.25349,54.78633],[59.25205,54.78418],[59.24931,54.78112],[59.24638,54.77935],[59.24162,54.77456],[59.23846,54.77221],[59.23563,54.76977],[59.23346,54.76733],[59.22788,54.76235],[59.22404,54.761],[59.21809,54.75858],[59.2131,54.75779],[59.20869,54.75614],[59.19478,54.7532],[59.19386,54.75005],[59.19235,54.74762],[59.18823,54.73998],[59.18706,54.7367],[59.18411,54.73263],[59.18124,54.72819],[59.17999,54.72541],[59.17657,54.72085],[59.17235,54.71648],[59.1681,54.71366],[59.15981,54.70754],[59.15546,54.70472],[59.14895,54.70135],[59.14592,54.6999],[59.14226,54.69821],[59.13797,54.69734],[59.1318,54.69326],[59.1297,54.69116],[59.12161,54.68088],[59.1187,54.67837],[59.11589,54.67537],[59.11328,54.6731],[59.11098,54.67052],[59.10826,54.66819],[59.10605,54.66603],[59.10344,54.66393],[59.0818,54.64691],[59.06534,54.64967],[59.04661,54.64052],[59.0249,54.6294],[58.95881,54.60157],[58.95225,54.60267],[58.93808,54.60145],[58.93301,54.59753],[58.92857,54.59618],[58.91397,54.59789],[58.90792,54.59894],[58.9,54.60558],[58.88504,54.60775],[58.85617,54.60377],[58.85046,54.60352],[58.8333,54.61057],[58.82759,54.61213],[58.82179,54.6132],[58.80152,54.61583],[58.80027,54.61618],[58.79904,54.618],[58.7967,54.62279],[58.79541,54.62434],[58.79334,54.62606],[58.79641,54.63913],[58.76924,54.64441],[58.7695,54.64539],[58.77116,54.64669],[58.77144,54.64707],[58.77142,54.64773],[58.7709,54.64876],[58.77103,54.64948],[58.77137,54.64975],[58.77236,54.65009],[58.77476,54.65074],[58.7767,54.65203],[58.77826,54.65355],[58.78397,54.65586],[58.78648,54.65728],[58.78719,54.65793],[58.78722,54.66049],[58.78803,54.66099],[58.78966,54.66146],[58.79327,54.663],[58.79454,54.66389],[58.79664,54.66636],[58.79767,54.66844],[58.7978,54.66903],[58.79788,54.67037],[58.79736,54.67161],[58.79759,54.6727],[58.79815,54.6737],[58.80022,54.67532],[58.80048,54.67567],[58.80057,54.6761],[58.80001,54.67734],[58.8,54.67818],[58.80172,54.67973],[58.8037,54.68043],[58.80422,54.68084],[58.80399,54.68231],[58.80551,54.68357],[58.8062,54.68479],[58.80666,54.68655],[58.80681,54.68797],[58.80607,54.68992],[58.80603,54.69059],[58.80655,54.6923],[58.80725,54.69307],[58.80785,54.69448],[58.80804,54.69586],[58.80868,54.69648],[58.81034,54.69731],[58.81208,54.6976],[58.81588,54.69743],[58.81642,54.69769],[58.81699,54.69847],[58.81622,54.70158],[58.81634,54.70325],[58.81718,54.70533],[58.8189,54.7068],[58.81952,54.70759],[58.8203,54.70918],[58.82043,54.70977],[58.81917,54.71168],[58.81906,54.7123],[58.81999,54.71584],[58.87255,54.71169],[58.87938,54.7495],[58.8795,54.75241],[58.87979,54.75295],[58.88055,54.7592],[58.88526,54.78634],[58.78685,54.79757],[58.7833,54.79461],[58.75151,54.79703],[58.75063,54.80274],[58.73039,54.80218],[58.72993,54.80256],[58.72859,54.80441],[58.72801,54.80489],[58.72772,54.80505],[58.72559,54.8053],[58.72297,54.80504],[58.7209,54.80539],[58.71961,54.80508],[58.71773,54.80522],[58.71639,54.80504],[58.71434,54.80454],[58.71341,54.80372],[58.71132,54.8032],[58.70992,54.80241],[58.69197,54.80498],[58.68033,54.80631],[58.67665,54.8067],[58.67697,54.80725],[58.67631,54.80765],[58.67638,54.80803],[58.67677,54.8084],[58.67659,54.80883],[58.67678,54.80924],[58.67653,54.81001],[58.67662,54.81031],[58.67754,54.81075],[58.67796,54.81063],[58.67837,54.81028],[58.67914,54.81076],[58.67877,54.81132],[58.6789,54.81137],[58.67865,54.81154],[58.67806,54.81146],[58.67854,54.81177],[58.67842,54.81231],[58.67895,54.8121],[58.67946,54.81212],[58.67961,54.81241],[58.6795,54.8126],[58.68078,54.81345],[58.68053,54.81368],[58.68155,54.8144],[58.68152,54.81481],[58.68225,54.8147],[58.68248,54.8145],[58.68297,54.81462],[58.68331,54.81432],[58.68387,54.81469],[58.68473,54.81456],[58.68525,54.81476],[58.68655,54.81495],[58.68715,54.81535],[58.68883,54.81551],[58.68944,54.81526],[58.69162,54.81588],[58.69288,54.81603],[58.69399,54.81644],[58.69518,54.81725],[58.69586,54.81749],[58.69805,54.81817],[58.70313,54.81929],[58.70384,54.81959],[58.70413,54.82039],[58.70539,54.82121],[58.70538,54.82199],[58.70603,54.82196],[58.70642,54.82215],[58.70649,54.82255],[58.70585,54.82298],[58.70644,54.82358],[58.70646,54.82388],[58.70701,54.82413],[58.70661,54.82441],[58.70662,54.82457],[58.70722,54.82511],[58.70774,54.82521],[58.70828,54.82506],[58.70815,54.82467],[58.70831,54.82436],[58.70893,54.82434],[58.70928,54.82451],[58.70957,54.82506],[58.7102,54.82554],[58.70974,54.82599],[58.7105,54.82628],[58.71134,54.82699],[58.71133,54.82719],[58.71063,54.82732],[58.71016,54.82778],[58.70907,54.82807],[58.70897,54.8286],[58.70864,54.82877],[58.70815,54.82881],[58.70757,54.8286],[58.70654,54.82902],[58.70605,54.82967],[58.7053,54.82998],[58.70485,54.83045],[58.70355,54.83121],[58.69894,54.83565],[58.69319,54.84188],[58.69127,54.84371],[58.68834,54.84114],[58.68782,54.84159],[58.68698,54.84198],[58.68467,54.84259],[58.68447,54.84306],[58.68422,54.84494],[58.68446,54.84598],[58.68517,54.84692],[58.68522,54.84822],[58.68459,54.84901],[58.68394,54.84937],[58.68208,54.84991],[58.68022,54.84936],[58.68032,54.86015],[58.68231,54.92175],[58.66976,54.93925],[58.66268,54.94785],[58.65272,54.95866],[58.67264,54.96105],[58.69496,54.968],[58.72709,54.96786],[58.72686,54.98107],[58.73095,54.99618],[58.7504,55.00398],[58.77386,55.01653],[58.80649,55.02872],[58.81692,55.04048],[58.82416,55.0475],[58.8292,55.04993],[58.82373,55.05389],[58.7984,55.05559],[58.78244,55.06777],[58.77654,55.07233],[58.77155,55.07712],[58.7738,55.08287],[58.76213,55.08814],[58.76115,55.09481],[58.75177,55.09836],[58.7485,55.09902],[58.7363,55.10115],[58.73144,55.10189],[58.7368,55.11117],[58.73859,55.11338],[58.73476,55.11551],[58.73348,55.12019],[58.72433,55.12274],[58.72187,55.12358],[58.71837,55.12594],[58.69878,55.12918],[58.66366,55.13919],[58.64131,55.14706],[58.63365,55.14472],[58.63067,55.14195],[58.62906,55.14264],[58.62641,55.14451],[58.62428,55.1443],[58.62407,55.14046],[58.6213,55.14132],[58.62109,55.14323],[58.61811,55.14323],[58.61492,55.14515],[58.6088,55.14255],[58.59903,55.14296],[58.58851,55.14666],[58.59397,55.15033],[58.59458,55.15078],[58.59701,55.15238],[58.60027,55.1563],[58.59233,55.16046],[58.57526,55.16096],[58.57535,55.16152],[58.57569,55.162],[58.57551,55.16249],[58.57548,55.16278],[58.57542,55.16294],[58.57524,55.16329]]]]}},{"type":"Feature","properties":{"osm_id":-398399,"name":"Кизильский район","admin_level":6},"geometry":{"type":"MultiPolygon","coordinates":[[[[58.75101,52.6579],[58.76102,52.66109],[58.77677,52.66152],[58.78018,52.66519],[58.77975,52.66689],[58.77613,52.67051],[58.77975,52.67285],[58.77847,52.6752],[58.77996,52.67839],[58.78571,52.68009],[58.7855,52.68328],[58.78018,52.6852],[58.77954,52.68882],[58.77656,52.69031],[58.78081,52.6918],[58.78528,52.69435],[58.80466,52.69509],[58.77953,52.78732],[58.76272,52.81063],[58.76208,52.82351],[58.7608,52.84963],[58.7667,52.85697],[58.76915,52.86004],[58.77378,52.86586],[58.78975,52.88252],[58.80295,52.89699],[58.80827,52.91344],[58.81125,52.91918],[58.81103,52.92451],[58.81508,52.92749],[58.81082,52.93089],[58.81231,52.94031],[58.81742,52.93994],[58.86105,52.94441],[58.85999,52.94824],[58.84977,52.98357],[58.84466,53.00018],[58.83913,53.02402],[58.88276,53.02168],[58.91874,53.02061],[58.95216,53.01976],[58.97013,53.01989],[58.98913,53.01965],[58.98881,53.01932],[58.98615,53.01782],[58.98449,53.01576],[58.98239,53.01512],[58.98083,53.0137],[58.97939,53.0128],[58.97834,53.01249],[58.97755,53.01255],[58.97708,53.01289],[58.97654,53.01464],[58.97641,53.01561],[58.97745,53.0164],[58.97994,53.01684],[58.98007,53.01711],[58.97995,53.01733],[58.97956,53.0175],[58.97808,53.01747],[58.9771,53.01725],[58.97472,53.01618],[58.97267,53.01603],[58.97193,53.01616],[58.97107,53.01692],[58.96826,53.01717],[58.96808,53.01734],[58.96815,53.01779],[58.9691,53.01808],[58.97017,53.01816],[58.97051,53.0184],[58.97041,53.01872],[58.96992,53.01907],[58.96884,53.01912],[58.96414,53.01719],[58.96322,53.01662],[58.96328,53.01647],[58.96484,53.01652],[58.96578,53.0162],[58.96697,53.01533],[58.96722,53.01495],[58.96723,53.01458],[58.96711,53.01416],[58.966,53.0137],[58.96542,53.01364],[58.96353,53.01394],[58.9629,53.0135],[58.96289,53.01293],[58.96395,53.01191],[58.96438,53.0111],[58.96529,53.01067],[58.96647,53.0105],[58.96755,53.00977],[58.96813,53.00882],[58.96807,53.00842],[58.96727,53.00713],[58.96718,53.0065],[58.968,53.00555],[58.96895,53.00493],[58.96989,53.00485],[58.97171,53.00655],[58.97265,53.0067],[58.97291,53.00654],[58.97309,53.00591],[58.97295,53.0036],[58.97319,53.00326],[58.97536,53.00214],[58.97537,53.00168],[58.97464,53.00083],[58.97447,53.00041],[58.97438,52.99972],[58.97487,52.99955],[58.97607,52.99949],[58.9795,52.99992],[58.98181,53.00053],[58.98298,53.00063],[58.98339,53.00079],[58.98335,53.00095],[58.98368,53.00124],[58.98549,53.0016],[58.98548,53.00179],[58.98616,53.00209],[58.98633,53.00239],[58.9877,53.00251],[58.9891,53.0036],[58.99121,53.00402],[58.9918,53.00392],[58.99241,53.00456],[58.99313,53.00476],[58.99436,53.00449],[58.99517,53.00461],[58.99583,53.00421],[58.99771,53.00439],[58.99832,53.00461],[59.00213,53.00518],[59.00557,53.00514],[59.00677,53.00496],[59.0078,53.00517],[59.00878,53.00514],[59.00968,53.00494],[59.01022,53.00452],[59.01041,53.00382],[59.0113,53.00308],[59.01145,53.00241],[59.01256,53.0014],[59.01276,53.00002],[59.01302,52.9998],[59.01422,52.99977],[59.01545,53.00025],[59.01648,53.00022],[59.01804,52.99956],[59.01944,52.99925],[59.02096,52.99803],[59.02188,52.99669],[59.02226,52.99553],[59.02317,52.99506],[59.02515,52.99498],[59.02545,52.99542],[59.02555,52.99627],[59.02598,52.99635],[59.02687,52.99619],[59.02895,52.99523],[59.03197,52.99332],[59.03305,52.99203],[59.03389,52.99161],[59.03425,52.99083],[59.03504,52.99045],[59.03735,52.98963],[59.03805,52.98955],[59.03891,52.99008],[59.03966,52.99007],[59.03969,52.99025],[59.03943,52.99041],[59.03957,52.99058],[59.04035,52.99052],[59.04084,52.99007],[59.04162,52.99021],[59.04168,52.99041],[59.04132,52.99073],[59.04154,52.99097],[59.04321,52.99084],[59.04451,52.99106],[59.04626,52.99017],[59.04771,52.98856],[59.04933,52.98749],[59.05083,52.98746],[59.05159,52.98799],[59.05164,52.98822],[59.05308,52.98881],[59.05355,52.98881],[59.05522,52.98828],[59.05628,52.98757],[59.05685,52.98789],[59.05759,52.98801],[59.05905,52.98784],[59.06089,52.98805],[59.06366,52.9905],[59.06375,52.99083],[59.06538,52.9915],[59.06573,52.99144],[59.06623,52.99098],[59.06894,52.99124],[59.06981,52.99063],[59.0708,52.99054],[59.07556,52.99116],[59.07617,52.99087],[59.07835,52.99059],[59.08031,52.99083],[59.08127,52.99137],[59.08212,52.99219],[59.08309,52.99381],[59.08466,52.99408],[59.08555,52.99444],[59.08819,52.99419],[59.08921,52.99423],[59.08942,52.99417],[59.08961,52.99367],[59.0903,52.99349],[59.09254,52.99384],[59.09709,52.99292],[59.09876,52.99344],[59.10044,52.99296],[59.10245,52.99358],[59.10439,52.99439],[59.10489,52.99438],[59.10607,52.9939],[59.10689,52.99398],[59.10713,52.99355],[59.10826,52.993],[59.1085,52.9926],[59.1088,52.99249],[59.11041,52.9931],[59.11079,52.99308],[59.11105,52.99296],[59.11132,52.99237],[59.11153,52.99229],[59.1128,52.99249],[59.11332,52.99303],[59.11426,52.99315],[59.1159,52.99409],[59.1172,52.99415],[59.119,52.99482],[59.1211,52.99464],[59.12391,52.99412],[59.12505,52.99419],[59.12716,52.99505],[59.12756,52.99545],[59.12858,52.99595],[59.12884,52.99641],[59.12937,52.9968],[59.1309,52.9971],[59.13208,52.99778],[59.13359,52.99779],[59.13456,52.99804],[59.13775,52.99929],[59.14015,53.00003],[59.14165,53.00023],[59.14351,53.00017],[59.14527,53.00094],[59.15627,53.00318],[59.15712,53.00309],[59.1626,53.00365],[59.17122,53.00644],[59.17146,53.01103],[59.17814,53.01103],[59.21312,53.0101],[59.23919,53.00997],[59.23963,53.01275],[59.23984,53.01617],[59.24073,53.02274],[59.31665,53.02154],[59.34976,53.04537],[59.35432,53.04898],[59.37113,53.06088],[59.37184,53.06052],[59.37207,53.06003],[59.37203,53.05964],[59.37139,53.05983],[59.37161,53.05815],[59.37284,53.05782],[59.37336,53.05781],[59.37421,53.05808],[59.37508,53.05755],[59.37646,53.05751],[59.37805,53.05662],[59.38013,53.05631],[59.38202,53.05565],[59.38324,53.05488],[59.38317,53.05469],[59.38214,53.05433],[59.38124,53.0537],[59.38113,53.05331],[59.38139,53.05237],[59.38234,53.05171],[59.38389,53.05198],[59.3851,53.05176],[59.38546,53.05128],[59.38559,53.04993],[59.38524,53.04877],[59.38281,53.04682],[59.39991,53.04223],[59.45687,53.02741],[59.47012,53.02316],[59.47087,53.02329],[59.4722,53.02324],[59.47456,53.02245],[59.47711,53.02231],[59.47964,53.02105],[59.48063,53.02106],[59.48241,53.02077],[59.48333,53.02093],[59.48571,53.02313],[59.4869,53.02326],[59.48904,53.02295],[59.48996,53.02302],[59.49074,53.02333],[59.49232,53.02473],[59.49559,53.02596],[59.49759,53.02586],[59.49849,53.02603],[59.50029,53.02605],[59.50201,53.02654],[59.50336,53.02624],[59.50375,53.02633],[59.50648,53.02754],[59.50658,53.02777],[59.50635,53.02853],[59.5067,53.02881],[59.50884,53.02922],[59.51082,53.03057],[59.51295,53.03038],[59.51319,53.03106],[59.51414,53.03168],[59.51574,53.03207],[59.51694,53.03279],[59.51877,53.03325],[59.51928,53.03363],[59.52114,53.03766],[59.52236,53.0386],[59.52383,53.03914],[59.5243,53.0407],[59.52379,53.04075],[59.5238,53.04113],[59.52431,53.0419],[59.52553,53.04229],[59.52762,53.04341],[59.52902,53.04376],[59.5303,53.04455],[59.53305,53.04524],[59.53368,53.04554],[59.53432,53.04612],[59.5364,53.04675],[59.53723,53.04764],[59.53774,53.04769],[59.53845,53.04804],[59.53861,53.04883],[59.53924,53.04893],[59.53956,53.04927],[59.53996,53.04933],[59.5406,53.05003],[59.5408,53.0508],[59.54153,53.05107],[59.54194,53.05154],[59.5429,53.05162],[59.54352,53.05198],[59.54422,53.05194],[59.54498,53.05239],[59.54582,53.05248],[59.54635,53.05279],[59.54726,53.05276],[59.54774,53.05312],[59.54836,53.05329],[59.54929,53.05333],[59.55095,53.05375],[59.55283,53.05182],[59.55356,53.05212],[59.55452,53.05215],[59.55569,53.05174],[59.55599,53.05177],[59.55689,53.05274],[59.55809,53.05292],[59.55905,53.05335],[59.56018,53.055],[59.56065,53.0554],[59.5618,53.05594],[59.5634,53.05646],[59.56457,53.05678],[59.56461,53.05679],[59.56793,53.0577],[59.56954,53.0584],[59.5703,53.05889],[59.5713,53.05993],[59.57236,53.0605],[59.57345,53.06078],[59.57401,53.06086],[59.57506,53.06107],[59.57779,53.06137],[59.57935,53.06184],[59.58329,53.0641],[59.58607,53.06493],[59.58665,53.06532],[59.58667,53.06581],[59.58697,53.06602],[59.58843,53.06669],[59.59043,53.06722],[59.59209,53.0681],[59.59285,53.06891],[59.59387,53.06895],[59.5943,53.06843],[59.5947,53.06831],[59.59568,53.06838],[59.59669,53.06866],[59.59718,53.06954],[59.59802,53.06935],[59.59982,53.07026],[59.60407,53.07164],[59.6043,53.07195],[59.60415,53.07244],[59.60426,53.07264],[59.60736,53.07308],[59.60855,53.07342],[59.60917,53.07368],[59.61125,53.07534],[59.61318,53.07553],[59.61585,53.07687],[59.61781,53.07711],[59.61828,53.07742],[59.61862,53.07807],[59.61907,53.07826],[59.62244,53.07848],[59.6243,53.07906],[59.62593,53.07899],[59.62722,53.0792],[59.62827,53.07966],[59.62994,53.08122],[59.6315,53.08166],[59.63231,53.08166],[59.6348,53.08243],[59.63629,53.08247],[59.63884,53.08311],[59.63975,53.08388],[59.64251,53.08433],[59.64471,53.08514],[59.64634,53.0853],[59.6478,53.08509],[59.65028,53.08529],[59.65131,53.08512],[59.65315,53.08447],[59.65569,53.08465],[59.65803,53.08403],[59.65897,53.08399],[59.66001,53.08415],[59.66077,53.08494],[59.66204,53.08491],[59.66324,53.08536],[59.66445,53.08556],[59.66518,53.08619],[59.66529,53.08674],[59.66635,53.08814],[59.66873,53.08905],[59.66976,53.08966],[59.67,53.08965],[59.67046,53.08928],[59.67127,53.08943],[59.67217,53.08988],[59.67343,53.08957],[59.67482,53.09019],[59.67538,53.09062],[59.67885,53.09136],[59.67996,53.09219],[59.68236,53.09295],[59.68366,53.09374],[59.68412,53.09485],[59.68403,53.09551],[59.68431,53.09593],[59.68679,53.09676],[59.68829,53.09798],[59.68995,53.09862],[59.69093,53.09964],[59.69296,53.10004],[59.69452,53.10089],[59.69529,53.10159],[59.69715,53.10232],[59.69918,53.10338],[59.6999,53.10388],[59.70102,53.10516],[59.70187,53.10675],[59.70374,53.10935],[59.70431,53.111],[59.70502,53.11203],[59.7071,53.11371],[59.70981,53.11523],[59.71349,53.11415],[59.73431,53.10941],[59.73755,53.10842],[59.7426,53.10655],[59.74647,53.1064],[59.74945,53.10237],[59.7583,53.09151],[59.77035,53.07624],[59.78073,53.06352],[59.78993,53.06022],[59.8111,53.05316],[59.83382,53.04876],[59.83159,53.04624],[59.83124,53.04558],[59.8301,53.04247],[59.83009,53.04187],[59.82974,53.04073],[59.82929,53.04008],[59.82832,53.03925],[59.82625,53.03818],[59.82575,53.03775],[59.82541,53.03733],[59.82527,53.03614],[59.82379,53.03481],[59.82267,53.03449],[59.8202,53.0343],[59.81838,53.03393],[59.8132,53.03059],[59.80829,53.02792],[59.80718,53.02712],[59.80536,53.02503],[59.80389,53.02362],[59.80163,53.02218],[59.80105,53.02134],[59.7987,53.01925],[59.79623,53.0175],[59.79162,53.01635],[59.7885,53.01597],[59.78527,53.01518],[59.78521,53.01505],[59.80962,53.00058],[59.84335,52.98683],[59.85188,52.98357],[59.86215,52.97924],[59.8689,52.97075],[59.86093,52.96538],[59.83129,52.94462],[59.83093,52.93938],[59.83007,52.92462],[59.81562,52.91111],[59.79579,52.8915],[59.83994,52.88671],[59.83877,52.88129],[59.86317,52.87173],[59.87595,52.86733],[59.8793,52.86105],[59.88144,52.85767],[59.8905,52.84439],[59.89093,52.83714],[59.89914,52.83636],[59.89834,52.82886],[59.89837,52.82587],[59.90726,52.81997],[59.90767,52.81686],[59.91234,52.80119],[59.92741,52.80318],[59.96194,52.80095],[59.96099,52.7853],[59.97532,52.7848],[59.98354,52.77934],[59.99155,52.76894],[60.00925,52.76848],[60.01394,52.77244],[60.03453,52.76967],[60.03881,52.76367],[60.01966,52.75653],[60.01187,52.75088],[60.00447,52.74522],[60.002,52.73835],[59.98744,52.73848],[59.97941,52.74882],[59.97688,52.74892],[59.97119,52.74497],[59.94674,52.74187],[59.94274,52.74378],[59.93916,52.74291],[59.93849,52.73904],[59.94012,52.73711],[59.94393,52.73179],[59.94695,52.73018],[59.94112,52.71467],[59.93609,52.70253],[59.9315,52.69008],[59.92184,52.66513],[59.91434,52.66238],[59.8939,52.65445],[59.86427,52.64286],[59.85186,52.63815],[59.82992,52.62011],[59.81139,52.6052],[59.80189,52.5978],[59.79298,52.60563],[59.77179,52.58959],[59.73826,52.59824],[59.74582,52.60069],[59.74119,52.6036],[59.7335,52.60772],[59.7207,52.61448],[59.70914,52.61975],[59.69518,52.62661],[59.68452,52.63224],[59.67783,52.63671],[59.67365,52.63692],[59.66004,52.6382],[59.62753,52.64471],[59.60516,52.64917],[59.58835,52.65321],[59.57451,52.65646],[59.5734,52.65584],[59.5731,52.65461],[59.57264,52.65403],[59.57266,52.65338],[59.57237,52.65248],[59.57287,52.65173],[59.57283,52.65138],[59.57111,52.65107],[59.5704,52.65076],[59.57013,52.65055],[59.56905,52.65046],[59.56801,52.65013],[59.56752,52.64981],[59.56733,52.64932],[59.56738,52.64884],[59.56748,52.64869],[59.56852,52.64842],[59.56861,52.64828],[59.56848,52.64806],[59.56773,52.64759],[59.56617,52.64705],[59.56548,52.64714],[59.56461,52.64764],[59.56339,52.64781],[59.56091,52.64789],[59.55913,52.64763],[59.55802,52.64653],[59.55566,52.64272],[59.55489,52.64246],[59.5529,52.64244],[59.55099,52.64313],[59.55021,52.64298],[59.54924,52.64356],[59.54869,52.64429],[59.54748,52.64638],[59.54731,52.64663],[59.54685,52.64723],[59.54629,52.64749],[59.54579,52.64798],[59.5459,52.64878],[59.54638,52.64997],[59.54623,52.65052],[59.54576,52.65119],[59.54521,52.65149],[59.54465,52.65155],[59.54317,52.6514],[59.5409,52.65012],[59.53974,52.6499],[59.53881,52.64992],[59.5384,52.65005],[59.53756,52.65075],[59.53696,52.65199],[59.53598,52.65236],[59.53262,52.65318],[59.53212,52.65332],[59.53144,52.65346],[59.53005,52.65342],[59.52931,52.65304],[59.52847,52.65211],[59.52707,52.6517],[59.52583,52.65163],[59.5234,52.65186],[59.52285,52.65181],[59.52221,52.6515],[59.52063,52.65068],[59.51915,52.65003],[59.5188,52.64974],[59.51859,52.64926],[59.51926,52.64816],[59.51904,52.64695],[59.51943,52.64626],[59.51953,52.64569],[59.52025,52.64478],[59.52022,52.6438],[59.52004,52.64339],[59.51976,52.64299],[59.51902,52.64254],[59.51418,52.64226],[59.51379,52.64236],[59.51343,52.64268],[59.51294,52.64333],[59.5124,52.64381],[59.51074,52.64477],[59.50957,52.64532],[59.50778,52.64589],[59.50641,52.64729],[59.50626,52.64764],[59.50595,52.64786],[59.50487,52.64809],[59.50473,52.64812],[59.50339,52.64853],[59.50225,52.64867],[59.50085,52.64913],[59.49972,52.64893],[59.49479,52.64873],[59.4931,52.64927],[59.49231,52.64931],[59.49104,52.64924],[59.4905,52.64903],[59.4888,52.64912],[59.48745,52.6485],[59.48641,52.64847],[59.48585,52.64824],[59.48462,52.64816],[59.48387,52.64791],[59.48327,52.64755],[59.48256,52.64652],[59.48237,52.64532],[59.48569,52.64463],[59.48692,52.62975],[59.48751,52.6201],[59.50425,52.59941],[59.50319,52.59873],[59.48624,52.58788],[59.48406,52.58106],[59.48103,52.57725],[59.48084,52.57701],[59.48933,52.57486],[59.48435,52.56193],[59.48132,52.55406],[59.4805,52.55282],[59.47742,52.54821],[59.47132,52.53199],[59.47889,52.52932],[59.47329,52.5246],[59.47072,52.52248],[59.4309,52.52826],[59.37018,52.5369],[59.36983,52.53605],[59.36194,52.51685],[59.35973,52.50971],[59.35464,52.49688],[59.34535,52.47186],[59.34255,52.47294],[59.33422,52.47252],[59.32131,52.47149],[59.31809,52.47067],[59.31239,52.47108],[59.30546,52.4729],[59.3053,52.4738],[59.30018,52.47686],[59.29845,52.47917],[59.29614,52.47983],[59.29358,52.47859],[59.29169,52.47834],[59.29078,52.4795],[59.28971,52.48098],[59.28797,52.48139],[59.28542,52.48032],[59.28311,52.47834],[59.28253,52.47677],[59.27977,52.475],[59.27457,52.47467],[59.27259,52.47508],[59.2697,52.47731],[59.26954,52.48053],[59.26772,52.48259],[59.26541,52.48391],[59.26409,52.48391],[59.26434,52.48168],[59.26252,52.47995],[59.26087,52.47937],[59.25906,52.47904],[59.25502,52.47978],[59.25419,52.47888],[59.2513,52.47822],[59.24924,52.47657],[59.24941,52.47467],[59.24759,52.47318],[59.24751,52.47153],[59.24495,52.47005],[59.2452,52.4665],[59.24413,52.46436],[59.24454,52.4632],[59.24668,52.46312],[59.24883,52.46337],[59.24957,52.46262],[59.24965,52.46081],[59.24891,52.45891],[59.25023,52.45817],[59.25213,52.45743],[59.25213,52.45578],[59.25139,52.4538],[59.24924,52.45248],[59.24648,52.45169],[59.24549,52.44946],[59.24384,52.44798],[59.24351,52.44592],[59.24557,52.44443],[59.24557,52.44154],[59.24887,52.44121],[59.25036,52.43998],[59.2497,52.43816],[59.25011,52.43643],[59.24879,52.43503],[59.24673,52.43478],[59.244,52.43296],[59.24277,52.43189],[59.23889,52.4314],[59.23691,52.42991],[59.23501,52.42752],[59.23287,52.42628],[59.23089,52.42562],[59.22742,52.42488],[59.23027,52.39926],[59.22874,52.38033],[59.22825,52.36375],[59.22994,52.3609],[59.23027,52.35711],[59.23027,52.3529],[59.22408,52.33145],[59.22144,52.32897],[59.22326,52.32774],[59.2221,52.32089],[59.21711,52.30476],[59.21373,52.29948],[59.20985,52.29841],[59.19038,52.28801],[59.18758,52.28479],[59.1752,52.27927],[59.16567,52.2765],[59.07647,52.33243],[59.05706,52.34698],[59.05376,52.34708],[59.02942,52.34848],[59.00191,52.36189],[59.00383,52.37647],[59.00733,52.38439],[59.00754,52.38583],[58.98914,52.40827],[58.98918,52.4098],[58.99215,52.40988],[58.99372,52.41129],[58.99661,52.41846],[58.99826,52.41987],[59.00172,52.42061],[59.00222,52.42292],[59.00189,52.42465],[58.99875,52.42663],[58.99702,52.42696],[58.99141,52.42886],[58.98802,52.42878],[58.98328,52.42997],[58.97412,52.42981],[58.96942,52.43055],[58.96274,52.43228],[58.95804,52.43261],[58.95531,52.43352],[58.95441,52.435],[58.95325,52.44012],[58.90544,52.44709],[58.90107,52.44742],[58.89851,52.44329],[58.85903,52.4468],[58.85493,52.42581],[58.79615,52.43179],[58.79785,52.44605],[58.79593,52.45968],[58.79913,52.46436],[58.79785,52.46862],[58.77018,52.47117],[58.78124,52.52039],[58.83829,52.52082],[58.83744,52.5262],[58.83786,52.55642],[58.83893,52.566],[58.83382,52.566],[58.82403,52.5933],[58.78124,52.59208],[58.78103,52.61059],[58.75102,52.61102],[58.75101,52.6579]]]]}},{"type":"Feature","properties":{"osm_id":-398422,"name":"Верхнеуральский район","admin_level":6},"geometry":{"type":"MultiPolygon","coordinates":[[[[58.81314,53.54967],[58.81335,53.5916],[58.82584,53.60235],[58.82213,53.60829],[58.82786,53.61184],[58.83979,53.61142],[58.8592,53.62075],[58.87289,53.62725],[58.90687,53.64251],[58.90595,53.64583],[58.9019,53.6454],[58.90637,53.64711],[58.9036,53.64924],[58.90594,53.65136],[58.9019,53.65158],[58.90488,53.65307],[58.90488,53.65307],[58.90488,53.65562],[58.90765,53.65456],[58.90978,53.65754],[58.9102,53.66158],[58.90616,53.66265],[58.90318,53.66179],[58.90296,53.66371],[58.9085,53.66584],[58.90594,53.6669],[58.90701,53.66967],[58.90765,53.67137],[58.90594,53.67393],[58.91254,53.67818],[58.90914,53.68122],[58.90999,53.68356],[58.90722,53.68675],[58.90914,53.69144],[58.90607,53.69265],[58.90445,53.69333],[58.90387,53.6943],[58.90146,53.69808],[58.90273,53.70306],[58.90085,53.70584],[58.8982,53.70971],[58.89328,53.71733],[58.89126,53.71964],[58.89168,53.72262],[58.89317,53.72964],[58.88934,53.74135],[58.88572,53.74156],[58.88317,53.74646],[58.88593,53.74859],[58.90403,53.75199],[58.90913,53.75971],[58.92127,53.77269],[58.91871,53.77504],[58.92191,53.78142],[58.92552,53.78483],[58.90904,53.85673],[58.90774,53.86266],[58.93659,53.89402],[58.93914,53.89487],[58.94702,53.89764],[58.94872,53.89977],[58.95745,53.90232],[58.9649,53.90786],[58.96128,53.91041],[58.96128,53.91361],[58.96277,53.9151],[58.96107,53.91749],[58.95894,53.91749],[58.95447,53.92366],[58.94531,53.92579],[58.94212,53.9292],[58.94212,53.93154],[58.93616,53.93495],[58.92914,53.93814],[58.93403,53.93154],[58.91062,53.92877],[58.92807,53.94836],[58.92296,53.94963],[58.92914,53.9565],[58.93957,53.9631],[58.94297,53.96288],[58.94829,53.96693],[58.95212,53.96735],[59.00023,53.9516],[59.00789,53.95182],[59.01726,53.95756],[59.02492,53.96395],[59.04514,53.96991],[59.0494,53.9697],[59.05132,53.97076],[59.06856,53.9697],[59.07111,53.96842],[59.09048,53.96735],[59.09261,53.96352],[59.09495,53.96161],[59.09495,53.96012],[59.10475,53.95607],[59.10879,53.95629],[59.13667,53.96565],[59.13987,53.96501],[59.13859,53.96736],[59.14051,53.9697],[59.14519,53.9697],[59.14476,53.97183],[59.14093,53.97268],[59.16009,53.98444],[59.1652,53.98806],[59.16881,53.98912],[59.17328,53.99338],[59.17861,53.99529],[59.18052,53.99614],[59.1818,53.99849],[59.18457,53.99955],[59.18818,54.00359],[59.1884,54.01216],[59.18861,54.0177],[59.19223,54.02451],[59.2133,54.05159],[59.22479,54.06522],[59.2365,54.06969],[59.27183,54.1279],[59.28482,54.14988],[59.29865,54.15542],[59.3093,54.16244],[59.32565,54.18779],[59.32888,54.18485],[59.3491,54.1774],[59.3789,54.17293],[59.39912,54.18357],[59.47064,54.18761],[59.48469,54.18463],[59.49746,54.18463],[59.52535,54.18612],[59.52684,54.1874],[59.53408,54.18357],[59.55472,54.17633],[59.55898,54.1725],[59.57941,54.16697],[59.60049,54.15973],[59.62688,54.1542],[59.6305,54.15292],[59.65583,54.15037],[59.66179,54.14249],[59.70798,54.14164],[59.70862,54.1493],[59.70692,54.15356],[59.70716,54.15764],[59.72795,54.158],[59.72896,54.15777],[59.73295,54.15775],[59.73656,54.15711],[59.74079,54.15677],[59.73977,54.15026],[59.7376,54.1385],[59.73467,54.12035],[59.72062,54.11429],[59.72059,54.11325],[59.72123,54.10627],[59.72171,54.10459],[59.7231,54.08995],[59.76477,54.09349],[59.79354,54.08309],[59.82545,54.06797],[59.82566,54.07607],[59.84162,54.08248],[59.84792,54.0933],[59.84027,54.10653],[59.84228,54.10702],[59.8439,54.10812],[59.84425,54.1085],[59.84499,54.10864],[59.84551,54.109],[59.8465,54.109],[59.84698,54.10931],[59.84734,54.10911],[59.84787,54.10916],[59.84858,54.10969],[59.84911,54.10968],[59.84955,54.11026],[59.84977,54.11032],[59.85086,54.11007],[59.85159,54.10981],[59.85175,54.10961],[59.85225,54.1096],[59.85352,54.1092],[59.85516,54.10972],[59.85694,54.10936],[59.85761,54.10958],[59.85849,54.10951],[59.86005,54.10968],[59.8618,54.10935],[59.8642,54.1095],[59.86537,54.10894],[59.86621,54.10901],[59.8664,54.10925],[59.86825,54.10906],[59.87014,54.10802],[59.87166,54.10832],[59.87219,54.10859],[59.87432,54.10731],[59.87508,54.10662],[59.87693,54.1062],[59.88189,54.10592],[59.88231,54.1061],[59.88302,54.10606],[59.88342,54.10628],[59.88387,54.1062],[59.8841,54.10663],[59.88375,54.10683],[59.88423,54.10702],[59.88432,54.10749],[59.8839,54.10787],[59.88401,54.10814],[59.88382,54.10867],[59.88436,54.10884],[59.88437,54.10916],[59.88407,54.10943],[59.8841,54.10961],[59.88466,54.11023],[59.88415,54.11069],[59.88438,54.11087],[59.88489,54.11071],[59.8849,54.11091],[59.88453,54.11107],[59.88448,54.11128],[59.88505,54.11126],[59.88479,54.11152],[59.88518,54.11155],[59.88525,54.11168],[59.88474,54.11206],[59.88542,54.11233],[59.88522,54.11269],[59.88534,54.11349],[59.88471,54.11395],[59.88477,54.11514],[59.8841,54.11625],[59.88376,54.11653],[59.88331,54.11634],[59.88247,54.11677],[59.88149,54.11681],[59.88097,54.11658],[59.88065,54.11662],[59.88001,54.11684],[59.87973,54.11739],[59.87928,54.11734],[59.87786,54.11771],[59.87789,54.11789],[59.87837,54.11802],[59.87832,54.11821],[59.87775,54.11829],[59.87801,54.11859],[59.87774,54.11877],[59.87691,54.1186],[59.87685,54.11887],[59.877,54.11905],[59.87666,54.1192],[59.87662,54.11943],[59.87716,54.11931],[59.87726,54.11941],[59.87722,54.11999],[59.87672,54.12029],[59.8772,54.12033],[59.87669,54.12081],[59.87765,54.12083],[59.87736,54.12118],[59.87794,54.12143],[59.87772,54.12165],[59.87689,54.12149],[59.87661,54.12157],[59.87706,54.12195],[59.87705,54.12212],[59.87768,54.12245],[59.87759,54.12257],[59.87668,54.12263],[59.876,54.12288],[59.89049,54.12293],[59.91013,54.12378],[59.94938,54.12272],[59.97695,54.12169],[59.97862,54.1218],[59.97913,54.12215],[59.98066,54.12192],[59.98143,54.12247],[59.98259,54.12269],[59.98301,54.1221],[59.9835,54.12197],[59.98418,54.12236],[59.98579,54.12178],[59.98713,54.12183],[59.9878,54.12231],[59.98846,54.12241],[59.98857,54.1229],[59.98895,54.1232],[59.98936,54.12342],[59.98997,54.12347],[59.99071,54.12298],[59.99176,54.12266],[59.99159,54.12251],[59.99168,54.12234],[59.9919,54.12235],[59.99192,54.1226],[59.99243,54.12227],[59.99287,54.12249],[59.99478,54.12264],[59.99634,54.12217],[59.99818,54.12212],[59.9991,54.12191],[59.99952,54.12213],[59.99953,54.12266],[60.00001,54.1229],[60.00003,54.12332],[60.00144,54.12344],[60.00192,54.12377],[60.00277,54.12381],[60.003,54.12412],[60.00388,54.12415],[60.00457,54.12452],[60.00493,54.12445],[60.00501,54.12426],[60.00692,54.12428],[60.00805,54.12444],[60.00835,54.12466],[60.00827,54.12485],[60.00916,54.12491],[60.01746,54.12362],[60.05987,54.12371],[60.08719,54.12351],[60.08722,54.11424],[60.11807,54.11444],[60.11788,54.1017],[60.11797,54.10045],[60.14902,54.10048],[60.16625,54.10032],[60.21404,54.0935],[60.23379,54.09118],[60.2422,54.08993],[60.24914,54.08918],[60.24885,54.07483],[60.23895,54.06387],[60.23891,54.06106],[60.25973,54.06014],[60.26855,54.04806],[60.26862,54.04757],[60.27421,54.04043],[60.28301,54.02844],[60.28464,54.02552],[60.28767,54.02109],[60.28878,54.02103],[60.29142,54.01709],[60.29278,54.01728],[60.29334,54.01754],[60.29424,54.01848],[60.29468,54.0187],[60.29751,54.01931],[60.29854,54.01988],[60.30003,54.02039],[60.30321,54.01983],[60.30354,54.01954],[60.30644,54.01934],[60.30705,54.01888],[60.30769,54.01892],[60.30821,54.0192],[60.30898,54.01934],[60.30975,54.019],[60.31008,54.01931],[60.31031,54.01931],[60.31052,54.01909],[60.31095,54.01909],[60.31231,54.01936],[60.31275,54.01973],[60.31376,54.01973],[60.31407,54.01959],[60.31404,54.01935],[60.31343,54.01924],[60.31342,54.01901],[60.31375,54.01882],[60.31389,54.01837],[60.31487,54.01784],[60.3156,54.0185],[60.31762,54.0187],[60.31897,54.01962],[60.32131,54.02014],[60.32155,54.01979],[60.3222,54.0195],[60.32312,54.01868],[60.32395,54.01834],[60.32422,54.0178],[60.32524,54.01715],[60.32608,54.01592],[60.32749,54.01542],[60.32824,54.01491],[60.32954,54.01454],[60.32975,54.01374],[60.32918,54.01271],[60.32956,54.01198],[60.3292,54.01121],[60.32859,54.01049],[60.32869,54.0101],[60.33006,54.00933],[60.33091,54.00834],[60.33154,54.0072],[60.33186,54.00696],[60.33284,54.00653],[60.33457,54.00621],[60.33574,54.00544],[60.3359,54.00482],[60.33525,54.00397],[60.33429,54.0034],[60.3347,54.00269],[60.3358,54.0017],[60.3359,54.00119],[60.33318,53.99896],[60.33232,53.9975],[60.33247,53.997],[60.33283,53.99666],[60.33362,53.9963],[60.33368,53.99602],[60.33338,53.99421],[60.33373,53.99098],[60.33358,53.9902],[60.3331,53.98895],[60.33169,53.98624],[60.33036,53.98475],[60.32978,53.98306],[60.33072,53.9674],[60.3309,53.95643],[60.33612,53.95301],[60.34115,53.95006],[60.34658,53.9497],[60.34694,53.94767],[60.34714,53.9451],[60.34749,53.94367],[60.34671,53.94231],[60.34661,53.93419],[60.35275,53.93423],[60.35276,53.92801],[60.35277,53.91729],[60.3525,53.90714],[60.35239,53.87727],[60.35213,53.86102],[60.35223,53.85809],[60.33857,53.85975],[60.30039,53.8657],[60.2779,53.86584],[60.25562,53.86536],[60.24008,53.86522],[60.24018,53.87094],[60.24002,53.87601],[60.24031,53.88068],[60.17829,53.88073],[60.09021,53.88109],[60.08582,53.88097],[60.01446,53.88137],[59.98152,53.8821],[59.96191,53.88155],[59.95997,53.88172],[59.95624,53.88168],[59.93536,53.88124],[59.93521,53.88133],[59.93508,53.88315],[59.93478,53.89089],[59.87643,53.89044],[59.87065,53.89006],[59.85251,53.88984],[59.85131,53.88909],[59.85114,53.88855],[59.85119,53.88829],[59.85294,53.88613],[59.85297,53.8859],[59.85283,53.88562],[59.84989,53.88431],[59.84943,53.88327],[59.85009,53.8812],[59.84982,53.8806],[59.84988,53.87986],[59.85017,53.87926],[59.85119,53.8783],[59.85116,53.87794],[59.85058,53.87761],[59.84871,53.87731],[59.84804,53.87696],[59.84784,53.87662],[59.84803,53.87538],[59.84911,53.87444],[59.84904,53.87368],[59.84938,53.87324],[59.84942,53.87262],[59.85014,53.87213],[59.85003,53.8716],[59.85016,53.87114],[59.8497,53.87083],[59.84972,53.8706],[59.8499,53.87039],[59.85396,53.86842],[59.85397,53.86793],[59.85381,53.86773],[59.85354,53.86772],[59.85297,53.86683],[59.85341,53.86622],[59.85537,53.86526],[59.85699,53.86517],[59.85775,53.86479],[59.85891,53.86484],[59.85998,53.86462],[59.86139,53.8651],[59.8634,53.86538],[59.86373,53.86292],[59.8646,53.85961],[59.88858,53.85189],[59.89114,53.84371],[59.89287,53.84122],[59.88596,53.83653],[59.88334,53.83439],[59.88007,53.83055],[59.87726,53.82519],[59.87692,53.8158],[59.87727,53.81438],[59.87439,53.81452],[59.87445,53.81056],[59.87433,53.80846],[59.87479,53.79723],[59.87478,53.79197],[59.84673,53.79054],[59.82158,53.78872],[59.78332,53.78849],[59.77975,53.78871],[59.77626,53.7887],[59.74163,53.78834],[59.73537,53.78845],[59.70878,53.78795],[59.70198,53.79068],[59.6878,53.79953],[59.68457,53.80077],[59.67013,53.80523],[59.66589,53.80625],[59.65869,53.80853],[59.6497,53.81104],[59.62531,53.81851],[59.61537,53.82123],[59.59797,53.82657],[59.59762,53.82697],[59.58261,53.83121],[59.56051,53.83778],[59.54819,53.84174],[59.54816,53.85059],[59.54865,53.86101],[59.54843,53.86868],[59.56302,53.86891],[59.58141,53.8689],[59.58127,53.86952],[59.58063,53.87067],[59.58048,53.87125],[59.5801,53.87163],[59.57992,53.87224],[59.57899,53.87314],[59.57928,53.8741],[59.5792,53.87439],[59.57956,53.87521],[59.57941,53.87539],[59.57936,53.87608],[59.57901,53.8764],[59.57764,53.87682],[59.57756,53.87733],[59.57771,53.8775],[59.57822,53.87744],[59.57821,53.87795],[59.57835,53.87812],[59.57779,53.87924],[59.57621,53.88024],[59.57614,53.88052],[59.57621,53.88074],[59.57787,53.88191],[59.57849,53.88307],[59.57877,53.88405],[59.57943,53.88484],[59.57941,53.88529],[59.58221,53.88754],[59.58228,53.88813],[59.58274,53.88844],[59.58257,53.88877],[59.58295,53.88955],[59.5828,53.88971],[59.58292,53.8901],[59.58473,53.8922],[59.58483,53.89275],[59.58419,53.89395],[59.58415,53.89443],[59.58486,53.89583],[59.58427,53.8966],[59.58485,53.89829],[59.58444,53.89879],[59.5844,53.89926],[59.58418,53.89953],[59.58481,53.90254],[59.58463,53.90313],[59.58463,53.90417],[59.58448,53.90446],[59.58171,53.9066],[59.58152,53.90695],[59.58168,53.9077],[59.58227,53.90863],[59.58228,53.90901],[59.58214,53.90952],[59.58093,53.91064],[59.5802,53.91189],[59.57989,53.91372],[59.58028,53.91443],[59.58038,53.91519],[59.57986,53.91627],[59.57997,53.91653],[59.58046,53.91688],[59.58001,53.91741],[59.58074,53.91814],[59.58032,53.91848],[59.57927,53.91884],[59.57896,53.91956],[59.57901,53.92004],[59.55786,53.91726],[59.54728,53.9156],[59.53259,53.91367],[59.49757,53.90722],[59.50043,53.90129],[59.49885,53.89142],[59.49858,53.88785],[59.47968,53.88406],[59.47971,53.88367],[59.47989,53.88353],[59.4811,53.88317],[59.48122,53.8825],[59.48102,53.88213],[59.4811,53.88169],[59.48096,53.88128],[59.4815,53.88033],[59.48285,53.87991],[59.48292,53.87964],[59.4834,53.87927],[59.48468,53.87906],[59.48436,53.87879],[59.48431,53.87837],[59.48415,53.87823],[59.48336,53.87832],[59.48266,53.87803],[59.48191,53.87805],[59.48141,53.87788],[59.48131,53.87756],[59.48166,53.87698],[59.48109,53.87644],[59.4814,53.87552],[59.48085,53.87532],[59.48102,53.87483],[59.48141,53.87464],[59.48149,53.87419],[59.48181,53.87373],[59.48203,53.87355],[59.48259,53.87368],[59.48399,53.87274],[59.4845,53.8726],[59.48554,53.87273],[59.48618,53.87254],[59.4869,53.87257],[59.48712,53.87224],[59.48687,53.87136],[59.48732,53.87074],[59.48818,53.87073],[59.4896,53.86996],[59.4902,53.86962],[59.491,53.86949],[59.49137,53.8692],[59.49202,53.86938],[59.49244,53.86928],[59.49448,53.86726],[59.49577,53.86625],[59.49588,53.86553],[59.49459,53.86439],[59.49462,53.8638],[59.4951,53.86319],[59.4967,53.86217],[59.49699,53.86166],[59.49696,53.86136],[59.47915,53.85036],[59.45308,53.83384],[59.45947,53.81795],[59.46171,53.81188],[59.46159,53.80769],[59.46042,53.8077],[59.45547,53.80187],[59.4517,53.79689],[59.44531,53.78987],[59.43302,53.79524],[59.41781,53.77688],[59.41016,53.76795],[59.4055,53.76286],[59.40193,53.75801],[59.39942,53.75527],[59.38634,53.73969],[59.37857,53.73085],[59.36489,53.71465],[59.37858,53.71067],[59.37182,53.70291],[59.36241,53.69165],[59.35695,53.68461],[59.3536,53.68097],[59.34731,53.67318],[59.34483,53.67057],[59.37609,53.6614],[59.38627,53.6591],[59.38893,53.65763],[59.39131,53.65719],[59.40439,53.65327],[59.41067,53.66122],[59.41882,53.6585],[59.42572,53.66668],[59.44329,53.66149],[59.46315,53.65535],[59.46108,53.65309],[59.45798,53.64898],[59.45367,53.6439],[59.44353,53.63254],[59.43218,53.62144],[59.42797,53.61765],[59.42073,53.61064],[59.41893,53.60916],[59.39364,53.61712],[59.38869,53.61187],[59.37611,53.59795],[59.3805,53.59618],[59.38007,53.59593],[59.38026,53.59575],[59.38015,53.59526],[59.37928,53.59415],[59.37915,53.59374],[59.37919,53.59291],[59.37814,53.59224],[59.37579,53.59181],[59.37433,53.58946],[59.3737,53.58913],[59.37242,53.58881],[59.37202,53.58847],[59.37152,53.58768],[59.37132,53.58726],[59.37158,53.5859],[59.37131,53.58481],[59.37076,53.58396],[59.36947,53.58281],[59.36906,53.58222],[59.36953,53.58197],[59.36929,53.58102],[59.36956,53.58066],[59.36994,53.57943],[59.37029,53.5791],[59.37094,53.57894],[59.36287,53.56448],[59.36244,53.56428],[59.36204,53.56326],[59.35077,53.54277],[59.34687,53.53511],[59.33474,53.5139],[59.31769,53.51548],[59.30275,53.51658],[59.30981,53.52408],[59.30459,53.52698],[59.29314,53.54131],[59.29158,53.54267],[59.28034,53.55098],[59.28085,53.55124],[59.27424,53.55632],[59.26962,53.55908],[59.2817,53.56366],[59.28228,53.56401],[59.28754,53.56422],[59.2878,53.57092],[59.28844,53.57782],[59.2878,53.58426],[59.28821,53.59144],[59.28874,53.5963],[59.28811,53.60031],[59.28076,53.60223],[59.25587,53.5995],[59.25553,53.5989],[59.25559,53.59864],[59.25607,53.59832],[59.25953,53.59838],[59.25993,53.59822],[59.25734,53.59745],[59.25641,53.59695],[59.25473,53.59559],[59.25375,53.59515],[59.25172,53.59387],[59.25155,53.59322],[59.25317,53.59257],[59.25363,53.59199],[59.25371,53.59029],[59.25397,53.58986],[59.25702,53.58842],[59.2589,53.58816],[59.26256,53.58834],[59.26538,53.58907],[59.26589,53.58914],[59.26603,53.58899],[59.26393,53.58755],[59.26324,53.58655],[59.26256,53.58618],[59.25853,53.58604],[59.25494,53.58521],[59.25166,53.58487],[59.25055,53.58456],[59.22052,53.59707],[59.21997,53.5962],[59.21967,53.5952],[59.2196,53.59434],[59.21977,53.59338],[59.2178,53.59179],[59.21723,53.59152],[59.21667,53.59151],[59.21618,53.59218],[59.21631,53.59323],[59.21543,53.59381],[59.21476,53.59377],[59.21267,53.59274],[59.2098,53.58967],[59.20772,53.58858],[59.20551,53.5881],[59.20505,53.58837],[59.20413,53.58992],[59.20332,53.5902],[59.20114,53.59041],[59.20113,53.5907],[59.20086,53.59087],[59.20086,53.59106],[59.20125,53.59193],[59.19954,53.5931],[59.19899,53.59372],[59.1981,53.59412],[59.19804,53.5948],[59.19738,53.59573],[59.19818,53.59746],[59.19823,53.59774],[59.19795,53.59804],[59.19549,53.59778],[59.19297,53.59778],[59.19109,53.59734],[59.19027,53.59687],[59.18943,53.59665],[59.18866,53.59664],[59.1876,53.59699],[59.18506,53.59558],[59.18433,53.59555],[59.18235,53.59596],[59.18108,53.59552],[59.18094,53.59555],[59.18097,53.59648],[59.18049,53.59688],[59.1786,53.59759],[59.17643,53.59803],[59.17612,53.59845],[59.17579,53.59861],[59.17349,53.59887],[59.17158,53.59865],[59.17094,53.59932],[59.18092,53.60838],[59.18093,53.61213],[59.18073,53.61617],[59.17969,53.61777],[59.18001,53.61811],[59.17963,53.6191],[59.17875,53.6208],[59.17848,53.62189],[59.17623,53.63184],[59.17542,53.636],[59.15377,53.63589],[59.16554,53.648],[59.15727,53.65102],[59.13582,53.65945],[59.10714,53.6701],[59.1069,53.67963],[59.05772,53.67938],[59.05749,53.67717],[59.05779,53.66989],[59.05782,53.66422],[59.05832,53.65534],[59.05682,53.64873],[59.05686,53.64828],[59.05623,53.64735],[59.05534,53.64667],[59.05528,53.64621],[59.05535,53.64593],[59.05586,53.6455],[59.05614,53.6447],[59.05713,53.64425],[59.058,53.64325],[59.05801,53.64251],[59.05693,53.64079],[59.05683,53.6402],[59.05698,53.63979],[59.05761,53.63919],[59.05841,53.6352],[59.05864,53.63482],[59.05829,53.63427],[59.05858,53.63393],[59.05843,53.63323],[59.05917,53.63259],[59.05977,53.63083],[59.05965,53.6305],[59.05986,53.63034],[59.05974,53.62887],[59.05917,53.62861],[59.05947,53.62795],[59.05922,53.62748],[59.05922,53.62549],[59.04107,53.62537],[59.03735,53.60498],[59.03703,53.60222],[59.03135,53.60203],[59.02013,53.60205],[59.00026,53.60181],[58.99148,53.60191],[58.9917,53.59695],[58.9924,53.59146],[58.9927,53.58541],[58.93085,53.58467],[58.93137,53.56826],[58.92468,53.56825],[58.94057,53.55512],[58.94169,53.55444],[58.92607,53.54976],[58.90637,53.5477],[58.81378,53.54861],[58.81314,53.54967]]]]}},{"type":"Feature","properties":{"osm_id":-398396,"name":"Агаповский район","admin_level":6},"geometry":{"type":"MultiPolygon","coordinates":[[[[58.87227,53.20182],[58.87382,53.2249],[58.87616,53.22852],[58.87403,53.23108],[58.87531,53.27668],[58.90021,53.27652],[58.90021,53.27652],[58.90021,53.27652],[58.8994,53.31117],[58.89932,53.31479],[58.91934,53.31426],[58.92873,53.31412],[58.92781,53.31964],[58.92962,53.32063],[58.92959,53.32661],[58.94134,53.32646],[58.94732,53.32034],[58.96784,53.3212],[58.96842,53.31688],[58.9674,53.30776],[58.96676,53.30035],[58.99527,53.29987],[58.99568,53.30429],[59.0018,53.30489],[59.00614,53.30555],[59.00889,53.3044],[59.01282,53.30568],[59.07949,53.30808],[59.07684,53.31197],[59.07679,53.31232],[59.07968,53.31264],[59.0817,53.31265],[59.083,53.31219],[59.08293,53.31227],[59.08316,53.31237],[59.08425,53.31261],[59.08408,53.31266],[59.08418,53.31276],[59.08459,53.31254],[59.08606,53.31275],[59.08681,53.3127],[59.08738,53.3123],[59.08765,53.31181],[59.08937,53.31122],[59.08914,53.31119],[59.08962,53.31081],[59.08967,53.31045],[59.09017,53.31042],[59.09039,53.31014],[59.09031,53.31002],[59.09012,53.31015],[59.09037,53.30966],[59.09032,53.30846],[59.09227,53.3085],[59.09925,53.30798],[59.09957,53.30789],[59.1005,53.30696],[59.10152,53.3063],[59.10332,53.30808],[59.10506,53.30889],[59.10723,53.31251],[59.0978,53.31714],[59.08432,53.32237],[59.0866,53.32392],[59.08975,53.32948],[59.10101,53.33766],[59.12428,53.33362],[59.13448,53.32568],[59.14644,53.32288],[59.14671,53.32507],[59.14573,53.32846],[59.14636,53.33747],[59.14636,53.33964],[59.151,53.33962],[59.15829,53.33929],[59.16653,53.34916],[59.16407,53.34993],[59.16092,53.35417],[59.16262,53.35665],[59.17915,53.35994],[59.18599,53.35551],[59.19193,53.35227],[59.19215,53.35296],[59.19212,53.35386],[59.19225,53.35406],[59.19548,53.35379],[59.19581,53.35392],[59.19642,53.35466],[59.1959,53.35531],[59.19666,53.35614],[59.19676,53.35698],[59.19749,53.35811],[59.19755,53.35923],[59.19866,53.3602],[59.19877,53.3607],[59.20042,53.36158],[59.20143,53.36273],[59.20133,53.36359],[59.20172,53.36411],[59.20181,53.36466],[59.20141,53.36591],[59.2023,53.36655],[59.21202,53.36577],[59.21583,53.3657],[59.2186,53.36912],[59.22607,53.36955],[59.22363,53.37327],[59.22792,53.37439],[59.22824,53.37604],[59.22752,53.37769],[59.22741,53.37871],[59.22881,53.3798],[59.23083,53.38203],[59.23305,53.38267],[59.2291,53.38494],[59.22678,53.3855],[59.22632,53.38942],[59.22748,53.39153],[59.22666,53.39442],[59.22401,53.39394],[59.22011,53.3924],[59.21831,53.39138],[59.20879,53.38267],[59.20712,53.38282],[59.20613,53.38323],[59.20568,53.38428],[59.20519,53.39187],[59.20476,53.39521],[59.20592,53.4019],[59.20677,53.40548],[59.20738,53.40604],[59.20882,53.40666],[59.20773,53.40748],[59.20764,53.40822],[59.208,53.40955],[59.20858,53.40992],[59.21012,53.41006],[59.21129,53.41178],[59.21003,53.41201],[59.20911,53.41237],[59.20906,53.41339],[59.20935,53.41428],[59.2155,53.42266],[59.21633,53.42329],[59.21732,53.42375],[59.21892,53.42404],[59.21892,53.42636],[59.21966,53.42768],[59.21839,53.42807],[59.21769,53.42553],[59.21557,53.42486],[59.21399,53.42384],[59.20863,53.4242],[59.20695,53.42452],[59.20544,53.42512],[59.20422,53.42532],[59.20283,53.4261],[59.20166,53.42758],[59.19748,53.42919],[59.19521,53.43162],[59.18827,53.43472],[59.18185,53.43718],[59.18708,53.44169],[59.19542,53.44709],[59.19822,53.44641],[59.20405,53.45287],[59.18599,53.45097],[59.18508,53.46425],[59.16714,53.46886],[59.16072,53.47065],[59.13244,53.47702],[59.12284,53.47932],[59.11354,53.48174],[59.11015,53.48338],[59.10414,53.48412],[59.10109,53.48407],[59.05457,53.49467],[59.02243,53.50158],[59.02329,53.50314],[59.03445,53.50331],[59.05556,53.51106],[59.0566,53.51155],[59.06684,53.51868],[59.06692,53.52993],[59.06154,53.53167],[59.0611,53.53501],[59.06135,53.54334],[59.06451,53.55072],[59.06306,53.55115],[59.0611,53.5478],[59.05694,53.54246],[59.04515,53.5403],[59.04024,53.53473],[59.02214,53.52778],[59.0135,53.52277],[59.01675,53.51265],[59.01471,53.51277],[59.01403,53.51297],[59.01343,53.51373],[59.01269,53.51415],[59.01186,53.51437],[59.01137,53.51416],[59.01087,53.51365],[59.01035,53.51359],[59.01039,53.51235],[59.01022,53.51187],[59.00912,53.51095],[59.00881,53.51042],[59.00808,53.5108],[59.00706,53.51198],[59.00631,53.51247],[59.00442,53.51295],[59.00345,53.51298],[59.0014,53.51215],[59.00109,53.51163],[59.00003,53.51128],[58.99868,53.51011],[58.99802,53.50995],[58.99767,53.51024],[58.99766,53.5107],[58.99699,53.51137],[58.99726,53.51173],[58.99728,53.51208],[58.99714,53.51238],[58.99672,53.51261],[58.99523,53.51246],[58.99286,53.51258],[58.99243,53.5128],[58.99225,53.51356],[58.992,53.51381],[58.99142,53.5142],[58.99065,53.5144],[58.98966,53.51445],[58.98819,53.51357],[58.98448,53.51905],[58.98803,53.51983],[58.9832,53.52379],[58.98038,53.52699],[58.97468,53.53241],[58.97122,53.53164],[58.95737,53.5428],[58.95253,53.54459],[58.94648,53.54411],[58.93977,53.53751],[58.92665,53.52461],[58.91696,53.51547],[58.91653,53.51183],[58.92488,53.49062],[58.96924,53.49743],[58.96999,53.49895],[58.97502,53.49241],[58.98107,53.48496],[58.9705,53.48117],[58.97813,53.47474],[58.96346,53.46822],[58.89744,53.46562],[58.89722,53.49353],[58.90701,53.4938],[58.90637,53.5477],[58.92607,53.54976],[58.94169,53.55444],[58.94057,53.55512],[58.92468,53.56825],[58.93137,53.56826],[58.93085,53.58467],[58.9927,53.58541],[58.9924,53.59146],[58.9917,53.59695],[58.99148,53.60191],[59.00026,53.60181],[59.02013,53.60205],[59.03135,53.60203],[59.03703,53.60222],[59.03735,53.60498],[59.04107,53.62537],[59.05922,53.62549],[59.05922,53.62748],[59.05947,53.62795],[59.05917,53.62861],[59.05974,53.62887],[59.05986,53.63034],[59.05965,53.6305],[59.05977,53.63083],[59.05917,53.63259],[59.05843,53.63323],[59.05858,53.63393],[59.05829,53.63427],[59.05864,53.63482],[59.05841,53.6352],[59.05761,53.63919],[59.05698,53.63979],[59.05683,53.6402],[59.05693,53.64079],[59.05801,53.64251],[59.058,53.64325],[59.05713,53.64425],[59.05614,53.6447],[59.05586,53.6455],[59.05535,53.64593],[59.05528,53.64621],[59.05534,53.64667],[59.05623,53.64735],[59.05686,53.64828],[59.05682,53.64873],[59.05832,53.65534],[59.05782,53.66422],[59.05779,53.66989],[59.05749,53.67717],[59.05772,53.67938],[59.1069,53.67963],[59.10714,53.6701],[59.13582,53.65945],[59.15727,53.65102],[59.16554,53.648],[59.15377,53.63589],[59.17542,53.636],[59.17623,53.63184],[59.17848,53.62189],[59.17875,53.6208],[59.17963,53.6191],[59.18001,53.61811],[59.17969,53.61777],[59.18073,53.61617],[59.18093,53.61213],[59.18092,53.60838],[59.17094,53.59932],[59.17158,53.59865],[59.17349,53.59887],[59.17579,53.59861],[59.17612,53.59845],[59.17643,53.59803],[59.1786,53.59759],[59.18049,53.59688],[59.18097,53.59648],[59.18094,53.59555],[59.18108,53.59552],[59.18235,53.59596],[59.18433,53.59555],[59.18506,53.59558],[59.1876,53.59699],[59.18866,53.59664],[59.18943,53.59665],[59.19027,53.59687],[59.19109,53.59734],[59.19297,53.59778],[59.19549,53.59778],[59.19795,53.59804],[59.19823,53.59774],[59.19818,53.59746],[59.19738,53.59573],[59.19804,53.5948],[59.1981,53.59412],[59.19899,53.59372],[59.19954,53.5931],[59.20125,53.59193],[59.20086,53.59106],[59.20086,53.59087],[59.20113,53.5907],[59.20114,53.59041],[59.20332,53.5902],[59.20413,53.58992],[59.20505,53.58837],[59.20551,53.5881],[59.20772,53.58858],[59.2098,53.58967],[59.21267,53.59274],[59.21476,53.59377],[59.21543,53.59381],[59.21631,53.59323],[59.21618,53.59218],[59.21667,53.59151],[59.21723,53.59152],[59.2178,53.59179],[59.21977,53.59338],[59.2196,53.59434],[59.21967,53.5952],[59.21997,53.5962],[59.22052,53.59707],[59.25055,53.58456],[59.25166,53.58487],[59.25494,53.58521],[59.25853,53.58604],[59.26256,53.58618],[59.26324,53.58655],[59.26393,53.58755],[59.26603,53.58899],[59.26589,53.58914],[59.26538,53.58907],[59.26256,53.58834],[59.2589,53.58816],[59.25702,53.58842],[59.25397,53.58986],[59.25371,53.59029],[59.25363,53.59199],[59.25317,53.59257],[59.25155,53.59322],[59.25172,53.59387],[59.25375,53.59515],[59.25473,53.59559],[59.25641,53.59695],[59.25734,53.59745],[59.25993,53.59822],[59.25953,53.59838],[59.25607,53.59832],[59.25559,53.59864],[59.25553,53.5989],[59.25587,53.5995],[59.28076,53.60223],[59.28811,53.60031],[59.28874,53.5963],[59.28821,53.59144],[59.2878,53.58426],[59.28844,53.57782],[59.2878,53.57092],[59.28754,53.56422],[59.28228,53.56401],[59.2817,53.56366],[59.26962,53.55908],[59.27424,53.55632],[59.28085,53.55124],[59.28034,53.55098],[59.29158,53.54267],[59.29314,53.54131],[59.30459,53.52698],[59.30981,53.52408],[59.30275,53.51658],[59.31769,53.51548],[59.33474,53.5139],[59.35263,53.51234],[59.38204,53.51014],[59.40656,53.5081],[59.43041,53.50628],[59.46272,53.50409],[59.46695,53.50892],[59.4812,53.50517],[59.50023,53.49977],[59.51194,53.49677],[59.50682,53.49078],[59.50603,53.48964],[59.50703,53.48482],[59.50754,53.48151],[59.50772,53.4812],[59.50935,53.47717],[59.50993,53.47456],[59.5105,53.47384],[59.51321,53.45727],[59.51447,53.44848],[59.51445,53.44617],[59.51379,53.43808],[59.51146,53.4325],[59.50693,53.42588],[59.50122,53.41796],[59.49891,53.41441],[59.49909,53.41394],[59.4995,53.41377],[59.50026,53.41412],[59.50078,53.41409],[59.50103,53.41383],[59.50094,53.41354],[59.49913,53.4127],[59.49899,53.41234],[59.49908,53.4121],[59.49911,53.41158],[59.49956,53.41122],[59.49922,53.41109],[59.49897,53.41076],[59.4991,53.41043],[59.49903,53.41008],[59.49931,53.40987],[59.49942,53.40968],[59.50034,53.40911],[59.50039,53.40857],[59.50042,53.40847],[59.50042,53.40844],[59.5006,53.40768],[59.50173,53.4068],[59.50184,53.40644],[59.50312,53.40468],[59.50435,53.40362],[59.50474,53.40296],[59.50535,53.40262],[59.50569,53.40224],[59.50571,53.40146],[59.50519,53.40024],[59.50485,53.39859],[59.50486,53.39813],[59.50557,53.39743],[59.50553,53.39627],[59.50554,53.39625],[59.50576,53.39509],[59.50618,53.39451],[59.50656,53.39329],[59.50659,53.39322],[59.50676,53.39248],[59.50651,53.39178],[59.50659,53.39141],[59.50696,53.39106],[59.50791,53.39066],[59.50808,53.38994],[59.50812,53.38948],[59.50831,53.38857],[59.50838,53.388],[59.50818,53.38694],[59.50747,53.38599],[59.5073,53.38466],[59.50627,53.3834],[59.506,53.38262],[59.50501,53.38185],[59.50406,53.38154],[59.50381,53.3809],[59.50327,53.38023],[59.50217,53.37953],[59.50206,53.3784],[59.5018,53.37769],[59.50188,53.37726],[59.50136,53.37645],[59.50108,53.37547],[59.50027,53.37435],[59.50018,53.37404],[59.50014,53.3737],[59.50017,53.37326],[59.50022,53.37268],[59.5004,53.37216],[59.50017,53.37157],[59.49998,53.37143],[59.5,53.37119],[59.50085,53.37097],[59.50102,53.37069],[59.50038,53.37032],[59.49981,53.37053],[59.49914,53.37002],[59.50137,53.36972],[59.50158,53.36955],[59.50156,53.36907],[59.50219,53.36817],[59.50268,53.36781],[59.50408,53.36778],[59.50821,53.36955],[59.50971,53.3696],[59.51015,53.36984],[59.51097,53.36989],[59.51282,53.36968],[59.5142,53.36934],[59.51844,53.36801],[59.52055,53.36786],[59.52257,53.3673],[59.52441,53.36737],[59.52633,53.36757],[59.52792,53.36813],[59.52881,53.36872],[59.52894,53.36988],[59.53113,53.37157],[59.53155,53.37219],[59.5334,53.37362],[59.53496,53.3743],[59.53714,53.37493],[59.54228,53.37569],[59.54722,53.37589],[59.54759,53.37571],[59.54792,53.37521],[59.54806,53.37454],[59.5466,53.37382],[59.54618,53.37307],[59.54621,53.3723],[59.54676,53.3718],[59.54688,53.37149],[59.54751,53.37128],[59.54789,53.37092],[59.54923,53.37065],[59.55016,53.37145],[59.55306,53.37196],[59.55378,53.37165],[59.55484,53.37088],[59.55495,53.37067],[59.55429,53.37002],[59.55463,53.36901],[59.55514,53.36854],[59.55738,53.36744],[59.55864,53.36708],[59.56052,53.36705],[59.56393,53.36758],[59.56774,53.36672],[59.56972,53.36683],[59.57204,53.36646],[59.57257,53.36651],[59.57425,53.36612],[59.57501,53.36571],[59.57503,53.36533],[59.57393,53.36513],[59.57281,53.36466],[59.57241,53.36418],[59.57238,53.36315],[59.57302,53.3627],[59.57467,53.36277],[59.57448,53.36197],[59.57629,53.36112],[59.57642,53.36082],[59.5762,53.36003],[59.57628,53.35969],[59.57678,53.35922],[59.57876,53.35867],[59.57983,53.35873],[59.58213,53.3592],[59.58331,53.35894],[59.5844,53.35936],[59.58472,53.35933],[59.5852,53.35891],[59.58547,53.35888],[59.58623,53.35914],[59.58601,53.35971],[59.58613,53.3598],[59.58679,53.35978],[59.58748,53.35924],[59.58868,53.3593],[59.58939,53.35952],[59.58982,53.36032],[59.58976,53.36139],[59.58873,53.36125],[59.58842,53.36139],[59.58809,53.36185],[59.58798,53.36259],[59.58838,53.36312],[59.58799,53.36404],[59.58542,53.36479],[59.58512,53.36519],[59.58523,53.36569],[59.58498,53.36612],[59.58407,53.3665],[59.58393,53.36683],[59.58474,53.36822],[59.5867,53.36927],[59.5869,53.36964],[59.58691,53.37062],[59.58847,53.37231],[59.58959,53.37255],[59.59005,53.37231],[59.59011,53.37187],[59.58981,53.37138],[59.59021,53.36999],[59.58986,53.36872],[59.59032,53.36823],[59.59136,53.36769],[59.59323,53.36744],[59.59495,53.36758],[59.59591,53.36776],[59.59994,53.36914],[59.60087,53.36999],[59.60131,53.37074],[59.60172,53.37057],[59.60196,53.37075],[59.60199,53.37129],[59.60254,53.37221],[59.6035,53.37245],[59.6035,53.37231],[59.60298,53.37202],[59.60298,53.37186],[59.60311,53.37185],[59.60401,53.3723],[59.605,53.37251],[59.60731,53.37392],[59.60735,53.37454],[59.60673,53.37501],[59.60675,53.37514],[59.6092,53.37577],[59.61021,53.37565],[59.60986,53.37635],[59.60909,53.37718],[59.60886,53.37792],[59.60924,53.3788],[59.61044,53.37969],[59.61123,53.38089],[59.61075,53.38237],[59.6102,53.38329],[59.62305,53.38581],[59.63601,53.3751],[59.6546,53.36054],[59.65998,53.35611],[59.67326,53.34649],[59.68442,53.33865],[59.68875,53.33526],[59.69862,53.32819],[59.73127,53.30438],[59.727,53.29895],[59.72609,53.29744],[59.72302,53.29339],[59.73338,53.28592],[59.73384,53.28665],[59.73444,53.287],[59.73561,53.28719],[59.73661,53.28763],[59.73766,53.28752],[59.73877,53.2866],[59.7396,53.28632],[59.73987,53.28591],[59.74038,53.28593],[59.74068,53.28572],[59.74058,53.28539],[59.73976,53.28504],[59.73975,53.28487],[59.74085,53.28494],[59.7426,53.28404],[59.74365,53.2841],[59.74538,53.28377],[59.7459,53.28328],[59.74632,53.2832],[59.74665,53.28293],[59.74735,53.28321],[59.7473,53.28276],[59.74788,53.28261],[59.74856,53.28201],[59.74812,53.28143],[59.74812,53.28113],[59.74841,53.28079],[59.74939,53.28035],[59.75122,53.28005],[59.75179,53.27967],[59.75182,53.27889],[59.75128,53.27833],[59.75137,53.27804],[59.75214,53.27805],[59.7532,53.2784],[59.75382,53.27816],[59.75496,53.27866],[59.75529,53.27858],[59.75557,53.27816],[59.75634,53.27804],[59.75701,53.27815],[59.75728,53.27843],[59.75848,53.27838],[59.7601,53.27865],[59.76227,53.27834],[59.76249,53.2779],[59.76271,53.27781],[59.76384,53.27778],[59.76696,53.27582],[59.76848,53.27447],[59.7699,53.2745],[59.77189,53.27298],[59.7733,53.27213],[59.77602,53.27194],[59.7769,53.27136],[59.77697,53.27119],[59.77668,53.27051],[59.77718,53.2701],[59.77788,53.26985],[59.77843,53.26937],[59.77922,53.26964],[59.77985,53.26966],[59.78228,53.26874],[59.78297,53.26768],[59.78432,53.26684],[59.78481,53.26633],[59.78559,53.26599],[59.78676,53.2659],[59.78709,53.2659],[59.78681,53.26453],[59.78367,53.26021],[59.77991,53.25533],[59.77867,53.25078],[59.77429,53.24749],[59.76869,53.24279],[59.76647,53.23951],[59.76599,53.23703],[59.76495,53.23639],[59.76522,53.23565],[59.76615,53.23415],[59.75333,53.21577],[59.76207,53.21178],[59.75522,53.2072],[59.76227,53.20501],[59.76088,53.20307],[59.75957,53.20304],[59.75786,53.20276],[59.75547,53.20202],[59.75635,53.20125],[59.75676,53.19682],[59.75583,53.1877],[59.75924,53.18699],[59.75814,53.18514],[59.75431,53.18016],[59.74211,53.16265],[59.73787,53.15691],[59.73451,53.15217],[59.7398,53.148],[59.7459,53.14437],[59.74633,53.14355],[59.7442,53.14289],[59.74247,53.14216],[59.74008,53.14212],[59.73824,53.14105],[59.73538,53.14005],[59.7336,53.13912],[59.73207,53.13803],[59.73183,53.13676],[59.73076,53.13614],[59.73005,53.13491],[59.72952,53.13464],[59.72763,53.13418],[59.72489,53.13244],[59.72401,53.13206],[59.72346,53.13142],[59.72285,53.12986],[59.72168,53.12838],[59.72035,53.12768],[59.71927,53.12646],[59.71911,53.12573],[59.71932,53.12531],[59.72002,53.12464],[59.72024,53.12402],[59.72008,53.12349],[59.7183,53.12229],[59.71751,53.12144],[59.71697,53.12042],[59.71524,53.11923],[59.71444,53.11799],[59.71264,53.11707],[59.71083,53.11671],[59.71044,53.11642],[59.70981,53.11523],[59.7071,53.11371],[59.70502,53.11203],[59.70431,53.111],[59.70374,53.10935],[59.70187,53.10675],[59.70102,53.10516],[59.6999,53.10388],[59.69918,53.10338],[59.69715,53.10232],[59.69529,53.10159],[59.69452,53.10089],[59.69296,53.10004],[59.69093,53.09964],[59.68995,53.09862],[59.68829,53.09798],[59.68679,53.09676],[59.68431,53.09593],[59.68403,53.09551],[59.68412,53.09485],[59.68366,53.09374],[59.68236,53.09295],[59.67996,53.09219],[59.67885,53.09136],[59.67538,53.09062],[59.67482,53.09019],[59.67343,53.08957],[59.67217,53.08988],[59.67127,53.08943],[59.67046,53.08928],[59.67,53.08965],[59.66976,53.08966],[59.66873,53.08905],[59.66635,53.08814],[59.66529,53.08674],[59.66518,53.08619],[59.66445,53.08556],[59.66324,53.08536],[59.66204,53.08491],[59.66077,53.08494],[59.66001,53.08415],[59.65897,53.08399],[59.65803,53.08403],[59.65569,53.08465],[59.65315,53.08447],[59.65131,53.08512],[59.65028,53.08529],[59.6478,53.08509],[59.64634,53.0853],[59.64471,53.08514],[59.64251,53.08433],[59.63975,53.08388],[59.63884,53.08311],[59.63629,53.08247],[59.6348,53.08243],[59.63231,53.08166],[59.6315,53.08166],[59.62994,53.08122],[59.62827,53.07966],[59.62722,53.0792],[59.62593,53.07899],[59.6243,53.07906],[59.62244,53.07848],[59.61907,53.07826],[59.61862,53.07807],[59.61828,53.07742],[59.61781,53.07711],[59.61585,53.07687],[59.61318,53.07553],[59.61125,53.07534],[59.60917,53.07368],[59.60855,53.07342],[59.60736,53.07308],[59.60426,53.07264],[59.60415,53.07244],[59.6043,53.07195],[59.60407,53.07164],[59.59982,53.07026],[59.59802,53.06935],[59.59718,53.06954],[59.59669,53.06866],[59.59568,53.06838],[59.5947,53.06831],[59.5943,53.06843],[59.59387,53.06895],[59.59285,53.06891],[59.59209,53.0681],[59.59043,53.06722],[59.58843,53.06669],[59.58697,53.06602],[59.58667,53.06581],[59.58665,53.06532],[59.58607,53.06493],[59.58329,53.0641],[59.57935,53.06184],[59.57779,53.06137],[59.57506,53.06107],[59.57401,53.06086],[59.57345,53.06078],[59.57236,53.0605],[59.5713,53.05993],[59.5703,53.05889],[59.56954,53.0584],[59.56793,53.0577],[59.56461,53.05679],[59.56457,53.05678],[59.5634,53.05646],[59.5618,53.05594],[59.56065,53.0554],[59.56018,53.055],[59.55905,53.05335],[59.55809,53.05292],[59.55689,53.05274],[59.55599,53.05177],[59.55569,53.05174],[59.55452,53.05215],[59.55356,53.05212],[59.55283,53.05182],[59.55095,53.05375],[59.54929,53.05333],[59.54836,53.05329],[59.54774,53.05312],[59.54726,53.05276],[59.54635,53.05279],[59.54582,53.05248],[59.54498,53.05239],[59.54422,53.05194],[59.54352,53.05198],[59.5429,53.05162],[59.54194,53.05154],[59.54153,53.05107],[59.5408,53.0508],[59.5406,53.05003],[59.53996,53.04933],[59.53956,53.04927],[59.53924,53.04893],[59.53861,53.04883],[59.53845,53.04804],[59.53774,53.04769],[59.53723,53.04764],[59.5364,53.04675],[59.53432,53.04612],[59.53368,53.04554],[59.53305,53.04524],[59.5303,53.04455],[59.52902,53.04376],[59.52762,53.04341],[59.52553,53.04229],[59.52431,53.0419],[59.5238,53.04113],[59.52379,53.04075],[59.5243,53.0407],[59.52383,53.03914],[59.52236,53.0386],[59.52114,53.03766],[59.51928,53.03363],[59.51877,53.03325],[59.51694,53.03279],[59.51574,53.03207],[59.51414,53.03168],[59.51319,53.03106],[59.51295,53.03038],[59.51082,53.03057],[59.50884,53.02922],[59.5067,53.02881],[59.50635,53.02853],[59.50658,53.02777],[59.50648,53.02754],[59.50375,53.02633],[59.50336,53.02624],[59.50201,53.02654],[59.50029,53.02605],[59.49849,53.02603],[59.49759,53.02586],[59.49559,53.02596],[59.49232,53.02473],[59.49074,53.02333],[59.48996,53.02302],[59.48904,53.02295],[59.4869,53.02326],[59.48571,53.02313],[59.48333,53.02093],[59.48241,53.02077],[59.48063,53.02106],[59.47964,53.02105],[59.47711,53.02231],[59.47456,53.02245],[59.4722,53.02324],[59.47087,53.02329],[59.47012,53.02316],[59.45687,53.02741],[59.39991,53.04223],[59.38281,53.04682],[59.38524,53.04877],[59.38559,53.04993],[59.38546,53.05128],[59.3851,53.05176],[59.38389,53.05198],[59.38234,53.05171],[59.38139,53.05237],[59.38113,53.05331],[59.38124,53.0537],[59.38214,53.05433],[59.38317,53.05469],[59.38324,53.05488],[59.38202,53.05565],[59.38013,53.05631],[59.37805,53.05662],[59.37646,53.05751],[59.37508,53.05755],[59.37421,53.05808],[59.37336,53.05781],[59.37284,53.05782],[59.37161,53.05815],[59.37139,53.05983],[59.37203,53.05964],[59.37207,53.06003],[59.37184,53.06052],[59.37113,53.06088],[59.35432,53.04898],[59.34976,53.04537],[59.31665,53.02154],[59.24073,53.02274],[59.23984,53.01617],[59.23963,53.01275],[59.23919,53.00997],[59.21312,53.0101],[59.17814,53.01103],[59.17146,53.01103],[59.17122,53.00644],[59.1626,53.00365],[59.15712,53.00309],[59.15627,53.00318],[59.14527,53.00094],[59.14351,53.00017],[59.14165,53.00023],[59.14015,53.00003],[59.13775,52.99929],[59.13456,52.99804],[59.13359,52.99779],[59.13208,52.99778],[59.1309,52.9971],[59.12937,52.9968],[59.12884,52.99641],[59.12858,52.99595],[59.12756,52.99545],[59.12716,52.99505],[59.12505,52.99419],[59.12391,52.99412],[59.1211,52.99464],[59.119,52.99482],[59.1172,52.99415],[59.1159,52.99409],[59.11426,52.99315],[59.11332,52.99303],[59.1128,52.99249],[59.11153,52.99229],[59.11132,52.99237],[59.11105,52.99296],[59.11079,52.99308],[59.11041,52.9931],[59.1088,52.99249],[59.1085,52.9926],[59.10826,52.993],[59.10713,52.99355],[59.10689,52.99398],[59.10607,52.9939],[59.10489,52.99438],[59.10439,52.99439],[59.10245,52.99358],[59.10044,52.99296],[59.09876,52.99344],[59.09709,52.99292],[59.09254,52.99384],[59.0903,52.99349],[59.08961,52.99367],[59.08942,52.99417],[59.08921,52.99423],[59.08819,52.99419],[59.08555,52.99444],[59.08466,52.99408],[59.08309,52.99381],[59.08212,52.99219],[59.08127,52.99137],[59.08031,52.99083],[59.07835,52.99059],[59.07617,52.99087],[59.07556,52.99116],[59.0708,52.99054],[59.06981,52.99063],[59.06894,52.99124],[59.06623,52.99098],[59.06573,52.99144],[59.06538,52.9915],[59.06375,52.99083],[59.06366,52.9905],[59.06089,52.98805],[59.05905,52.98784],[59.05759,52.98801],[59.05685,52.98789],[59.05628,52.98757],[59.05522,52.98828],[59.05355,52.98881],[59.05308,52.98881],[59.05164,52.98822],[59.05159,52.98799],[59.05083,52.98746],[59.04933,52.98749],[59.04771,52.98856],[59.04626,52.99017],[59.04451,52.99106],[59.04321,52.99084],[59.04154,52.99097],[59.04132,52.99073],[59.04168,52.99041],[59.04162,52.99021],[59.04084,52.99007],[59.04035,52.99052],[59.03957,52.99058],[59.03943,52.99041],[59.03969,52.99025],[59.03966,52.99007],[59.03891,52.99008],[59.03805,52.98955],[59.03735,52.98963],[59.03504,52.99045],[59.03425,52.99083],[59.03389,52.99161],[59.03305,52.99203],[59.03197,52.99332],[59.02895,52.99523],[59.02687,52.99619],[59.02598,52.99635],[59.02555,52.99627],[59.02545,52.99542],[59.02515,52.99498],[59.02317,52.99506],[59.02226,52.99553],[59.02188,52.99669],[59.02096,52.99803],[59.01944,52.99925],[59.01804,52.99956],[59.01648,53.00022],[59.01545,53.00025],[59.01422,52.99977],[59.01302,52.9998],[59.01276,53.00002],[59.01256,53.0014],[59.01145,53.00241],[59.0113,53.00308],[59.01041,53.00382],[59.01022,53.00452],[59.00968,53.00494],[59.00878,53.00514],[59.0078,53.00517],[59.00677,53.00496],[59.00557,53.00514],[59.00213,53.00518],[58.99832,53.00461],[58.99771,53.00439],[58.99583,53.00421],[58.99517,53.00461],[58.99436,53.00449],[58.99313,53.00476],[58.99241,53.00456],[58.9918,53.00392],[58.99121,53.00402],[58.9891,53.0036],[58.9877,53.00251],[58.98633,53.00239],[58.98616,53.00209],[58.98548,53.00179],[58.98549,53.0016],[58.98368,53.00124],[58.98335,53.00095],[58.98339,53.00079],[58.98298,53.00063],[58.98181,53.00053],[58.9795,52.99992],[58.97607,52.99949],[58.97487,52.99955],[58.97438,52.99972],[58.97447,53.00041],[58.97464,53.00083],[58.97537,53.00168],[58.97536,53.00214],[58.97319,53.00326],[58.97295,53.0036],[58.97309,53.00591],[58.97291,53.00654],[58.97265,53.0067],[58.97171,53.00655],[58.96989,53.00485],[58.96895,53.00493],[58.968,53.00555],[58.96718,53.0065],[58.96727,53.00713],[58.96807,53.00842],[58.96813,53.00882],[58.96755,53.00977],[58.96647,53.0105],[58.96529,53.01067],[58.96438,53.0111],[58.96395,53.01191],[58.96289,53.01293],[58.9629,53.0135],[58.96353,53.01394],[58.96542,53.01364],[58.966,53.0137],[58.96711,53.01416],[58.96723,53.01458],[58.96722,53.01495],[58.96697,53.01533],[58.96578,53.0162],[58.96484,53.01652],[58.96328,53.01647],[58.96322,53.01662],[58.96414,53.01719],[58.96884,53.01912],[58.96992,53.01907],[58.97041,53.01872],[58.97051,53.0184],[58.97017,53.01816],[58.9691,53.01808],[58.96815,53.01779],[58.96808,53.01734],[58.96826,53.01717],[58.97107,53.01692],[58.97193,53.01616],[58.97267,53.01603],[58.97472,53.01618],[58.9771,53.01725],[58.97808,53.01747],[58.97956,53.0175],[58.97995,53.01733],[58.98007,53.01711],[58.97994,53.01684],[58.97745,53.0164],[58.97641,53.01561],[58.97654,53.01464],[58.97708,53.01289],[58.97755,53.01255],[58.97834,53.01249],[58.97939,53.0128],[58.98083,53.0137],[58.98239,53.01512],[58.98449,53.01576],[58.98615,53.01782],[58.98881,53.01932],[58.98913,53.01965],[58.98451,53.02131],[58.98792,53.02578],[58.98451,53.0262],[58.98706,53.02982],[58.98557,53.03216],[58.98962,53.03237],[58.98685,53.0345],[58.99239,53.03642],[58.98919,53.0377],[58.99175,53.04195],[58.98706,53.04131],[58.97599,53.04855],[58.93321,53.05366],[58.91341,53.05605],[58.91128,53.09165],[58.91064,53.1445],[58.91,53.16754],[58.91107,53.19122],[58.90724,53.19335],[58.90937,53.19995],[58.9083,53.20314],[58.90426,53.2042],[58.90511,53.20654],[58.90426,53.20782],[58.9066,53.21144],[58.87227,53.20182]]]]}},{"type":"Feature","properties":{"osm_id":-398387,"name":"Нязепетровский район","admin_level":6},"geometry":{"type":"MultiPolygon","coordinates":[[[[59.01886,56.19785],[59.01896,56.19791],[59.02566,56.19927],[59.02911,56.19962],[59.0353,56.19987],[59.03828,56.19957],[59.04454,56.19884],[59.05079,56.19911],[59.05656,56.19937],[59.06776,56.19996],[59.07224,56.19944],[59.07647,56.19892],[59.08408,56.19783],[59.09596,56.19775],[59.10258,56.19773],[59.11019,56.19764],[59.11137,56.1974],[59.11133,56.19401],[59.11307,56.19379],[59.11357,56.19342],[59.11594,56.19282],[59.11785,56.19186],[59.12116,56.19073],[59.12171,56.18946],[59.12853,56.19475],[59.13325,56.20239],[59.16852,56.19871],[59.16889,56.23017],[59.18178,56.24823],[59.19834,56.27106],[59.19555,56.27221],[59.19326,56.27327],[59.19158,56.27446],[59.1902,56.27632],[59.18952,56.27841],[59.18946,56.28092],[59.18985,56.2842],[59.1907,56.28661],[59.19109,56.28931],[59.19083,56.29099],[59.19024,56.29221],[59.18904,56.29368],[59.18787,56.29499],[59.1862,56.2965],[59.18344,56.29795],[59.18077,56.29908],[59.17722,56.30032],[59.17303,56.3014],[59.17075,56.30236],[59.16713,56.30391],[59.16464,56.305],[59.16342,56.30588],[59.16249,56.30707],[59.1617,56.30828],[59.16158,56.30902],[59.1619,56.31014],[59.16289,56.31154],[59.16393,56.31305],[59.16398,56.31348],[59.16379,56.31402],[59.16326,56.31456],[59.16262,56.31488],[59.16183,56.31495],[59.1609,56.31489],[59.15742,56.31449],[59.15605,56.31439],[59.15352,56.31458],[59.15231,56.3148],[59.15111,56.31532],[59.15043,56.31596],[59.15013,56.31706],[59.15045,56.31815],[59.15184,56.31938],[59.15379,56.31894],[59.15612,56.31843],[59.15757,56.31821],[59.15914,56.31816],[59.16018,56.31819],[59.16139,56.31852],[59.16153,56.31897],[59.16098,56.31972],[59.15974,56.32024],[59.15799,56.3206],[59.15522,56.32078],[59.15426,56.32086],[59.15248,56.32095],[59.15234,56.32159],[59.1511,56.32205],[59.15023,56.32218],[59.1491,56.32212],[59.14815,56.32162],[59.14755,56.32097],[59.14688,56.3201],[59.14613,56.31978],[59.14539,56.31965],[59.14403,56.31954],[59.14282,56.3197],[59.14144,56.32009],[59.13977,56.32069],[59.13908,56.32129],[59.13897,56.32201],[59.13941,56.32359],[59.13986,56.32478],[59.14015,56.32621],[59.14031,56.3279],[59.14058,56.329],[59.14157,56.33003],[59.14194,56.33062],[59.14148,56.33098],[59.14003,56.33122],[59.13943,56.33134],[59.13845,56.3316],[59.13812,56.33186],[59.13775,56.3324],[59.1375,56.33331],[59.13769,56.33396],[59.13794,56.33429],[59.13863,56.33468],[59.13954,56.3348],[59.14051,56.33453],[59.14111,56.33391],[59.14175,56.33291],[59.14273,56.33208],[59.14373,56.33156],[59.14527,56.3314],[59.14818,56.33139],[59.15348,56.3316],[59.15682,56.3318],[59.1574,56.33173],[59.15861,56.33104],[59.1591,56.33053],[59.15934,56.33004],[59.15942,56.32957],[59.15934,56.32878],[59.15898,56.32797],[59.15847,56.32743],[59.15817,56.32686],[59.15816,56.32636],[59.15847,56.32584],[59.15919,56.32553],[59.16074,56.32528],[59.16172,56.32531],[59.16266,56.32546],[59.16336,56.32566],[59.1644,56.32635],[59.16513,56.32714],[59.16538,56.3278],[59.16538,56.32875],[59.1652,56.32927],[59.1645,56.32994],[59.16365,56.33056],[59.16317,56.33123],[59.16297,56.33197],[59.16309,56.33232],[59.16517,56.33366],[59.16538,56.33409],[59.16581,56.33518],[59.16579,56.33627],[59.16611,56.33716],[59.16672,56.33779],[59.16788,56.33853],[59.16794,56.33885],[59.16776,56.33971],[59.16685,56.34146],[59.16606,56.34245],[59.16523,56.34311],[59.16406,56.34371],[59.16214,56.34453],[59.15948,56.34547],[59.16318,56.34617],[59.16942,56.34719],[59.18347,56.34931],[59.1982,56.35166],[59.2228,56.35533],[59.23814,56.35081],[59.26238,56.3436],[59.27481,56.34384],[59.2844,56.34447],[59.28372,56.34271],[59.28207,56.3396],[59.27837,56.33362],[59.27819,56.33251],[59.27846,56.33104],[59.27915,56.33],[59.28035,56.32921],[59.28244,56.32852],[59.28457,56.32813],[59.28717,56.32769],[59.28884,56.32748],[59.29494,56.32725],[59.30167,56.32695],[59.31198,56.32641],[59.32191,56.32594],[59.34782,56.32483],[59.38511,56.32292],[59.42038,56.32078],[59.41374,56.33376],[59.41269,56.33607],[59.44315,56.33659],[59.47163,56.33701],[59.50455,56.3377],[59.55477,56.33891],[59.55655,56.33816],[59.57114,56.33849],[59.57176,56.33787],[59.57235,56.32098],[59.60599,56.32171],[59.62149,56.32217],[59.63779,56.3223],[59.66817,56.32285],[59.69783,56.32356],[59.71401,56.32352],[59.70574,56.31561],[59.65847,56.27036],[59.63471,56.24805],[59.646,56.24574],[59.72562,56.23035],[59.73179,56.22921],[59.73997,56.2283],[59.75764,56.22324],[59.75758,56.22386],[59.75723,56.22398],[59.75684,56.22427],[59.75677,56.22467],[59.75692,56.22476],[59.75737,56.22478],[59.75766,56.22493],[59.7578,56.22524],[59.75765,56.22543],[59.75808,56.22615],[59.75879,56.2269],[59.76058,56.22734],[59.76122,56.2275],[59.76247,56.2276],[59.76533,56.2272],[59.76725,56.2268],[59.77025,56.22587],[59.77216,56.22558],[59.77349,56.22554],[59.77396,56.22541],[59.77418,56.22548],[59.77418,56.22581],[59.77442,56.22601],[59.77512,56.22609],[59.77584,56.22602],[59.77677,56.22634],[59.77823,56.22666],[59.77861,56.22657],[59.77872,56.22627],[59.77893,56.22614],[59.77915,56.22581],[59.77965,56.22566],[59.78041,56.22574],[59.78237,56.22577],[59.78298,56.22561],[59.7833,56.2256],[59.78335,56.22564],[59.78338,56.22571],[59.78335,56.22576],[59.78326,56.22587],[59.78329,56.22593],[59.78343,56.22603],[59.78401,56.22605],[59.78416,56.22614],[59.78419,56.2263],[59.784,56.22648],[59.78398,56.22674],[59.78404,56.22685],[59.78438,56.22684],[59.78454,56.22694],[59.78449,56.22702],[59.78424,56.2271],[59.78422,56.22718],[59.78464,56.22749],[59.78471,56.2276],[59.78455,56.22771],[59.78442,56.2279],[59.78429,56.2281],[59.78435,56.22819],[59.78452,56.22831],[59.78466,56.22842],[59.78485,56.22872],[59.78506,56.22911],[59.78503,56.22934],[59.78491,56.22952],[59.78487,56.22989],[59.78459,56.23011],[59.78436,56.23071],[59.78453,56.23082],[59.7848,56.23078],[59.78513,56.23054],[59.78532,56.23058],[59.78536,56.23068],[59.78524,56.23084],[59.78527,56.23095],[59.78545,56.23106],[59.78595,56.23123],[59.78607,56.23135],[59.78607,56.23167],[59.78656,56.23239],[59.7864,56.23254],[59.78554,56.2325],[59.78536,56.23262],[59.78539,56.23271],[59.78573,56.23294],[59.78588,56.23299],[59.78614,56.23296],[59.7864,56.23286],[59.78663,56.23285],[59.78683,56.233],[59.78708,56.23313],[59.78766,56.23311],[59.78822,56.23304],[59.78892,56.23307],[59.78943,56.23329],[59.78971,56.23353],[59.78993,56.2335],[59.79028,56.23341],[59.79041,56.23355],[59.79041,56.2338],[59.7907,56.23391],[59.79134,56.23378],[59.79193,56.23377],[59.79204,56.23356],[59.79184,56.2333],[59.79227,56.23315],[59.79263,56.23334],[59.793,56.23371],[59.79339,56.23384],[59.79353,56.23392],[59.79356,56.23402],[59.79345,56.23407],[59.79327,56.23412],[59.79316,56.23421],[59.7932,56.23432],[59.79341,56.23438],[59.7935,56.2345],[59.79344,56.23459],[59.79323,56.23468],[59.79306,56.23477],[59.79306,56.23485],[59.79317,56.23491],[59.79351,56.23491],[59.79364,56.23502],[59.79363,56.23537],[59.79404,56.23558],[59.79474,56.23575],[59.79502,56.23575],[59.79551,56.23549],[59.79608,56.23534],[59.79665,56.23527],[59.79713,56.23503],[59.79755,56.23499],[59.79807,56.23483],[59.79821,56.23472],[59.79842,56.23471],[59.7986,56.23495],[59.79887,56.235],[59.79902,56.2353],[59.79893,56.23552],[59.79902,56.23557],[59.79965,56.23569],[59.79992,56.23558],[59.79996,56.23543],[59.79944,56.23525],[59.79961,56.23509],[59.79989,56.23495],[59.8,56.23482],[59.8002,56.23486],[59.8007,56.23546],[59.80043,56.23566],[59.80042,56.23617],[59.80019,56.2364],[59.80026,56.23649],[59.80043,56.23661],[59.80084,56.23658],[59.80095,56.23664],[59.80133,56.23682],[59.80166,56.23678],[59.80179,56.23665],[59.80208,56.23661],[59.80221,56.23666],[59.80234,56.23685],[59.80268,56.23704],[59.80272,56.23716],[59.80253,56.2374],[59.8026,56.23751],[59.80293,56.23741],[59.80312,56.23747],[59.80316,56.23755],[59.80292,56.23771],[59.8027,56.23781],[59.8026,56.23794],[59.80276,56.23802],[59.80296,56.23798],[59.80307,56.23802],[59.80308,56.2381],[59.80314,56.23823],[59.80336,56.23838],[59.80377,56.23848],[59.80433,56.23839],[59.80459,56.2384],[59.80481,56.23846],[59.80492,56.23858],[59.80528,56.23907],[59.80568,56.23951],[59.8062,56.2397],[59.80643,56.23992],[59.8065,56.24022],[59.80685,56.24033],[59.80712,56.24015],[59.80801,56.24032],[59.80827,56.24043],[59.80838,56.24078],[59.80969,56.241],[59.81068,56.24142],[59.81105,56.2414],[59.81129,56.24146],[59.81181,56.24131],[59.81189,56.24111],[59.81235,56.24115],[59.81294,56.24118],[59.81329,56.24138],[59.81334,56.24155],[59.81357,56.24156],[59.81395,56.2414],[59.81411,56.24145],[59.81411,56.24179],[59.8144,56.24196],[59.81457,56.24196],[59.81543,56.24165],[59.8157,56.24159],[59.81602,56.24155],[59.8164,56.24172],[59.81667,56.24185],[59.81666,56.24214],[59.81683,56.24217],[59.81754,56.242],[59.81839,56.24207],[59.81963,56.24219],[59.82108,56.24264],[59.82191,56.24299],[59.82274,56.24298],[59.82349,56.24301],[59.82412,56.24292],[59.82445,56.24305],[59.82508,56.24329],[59.82545,56.24314],[59.82644,56.24329],[59.82692,56.24332],[59.82717,56.24354],[59.82721,56.24373],[59.82743,56.24377],[59.82771,56.24369],[59.82781,56.24393],[59.82811,56.24396],[59.8283,56.24388],[59.8291,56.24397],[59.82924,56.24393],[59.82928,56.24383],[59.8295,56.24382],[59.82984,56.24396],[59.83005,56.24394],[59.83029,56.24396],[59.83034,56.24413],[59.8309,56.24416],[59.83103,56.24424],[59.83102,56.24437],[59.83109,56.24442],[59.83132,56.24443],[59.83146,56.2444],[59.83193,56.24417],[59.83212,56.24416],[59.83299,56.24466],[59.83331,56.24468],[59.83371,56.24483],[59.83402,56.245],[59.83462,56.24538],[59.835,56.2458],[59.83607,56.24665],[59.83578,56.24696],[59.83553,56.24702],[59.83565,56.24731],[59.83602,56.24727],[59.83632,56.24713],[59.83704,56.2473],[59.8375,56.24771],[59.83868,56.24785],[59.84048,56.24823],[59.84124,56.24825],[59.84202,56.24844],[59.84348,56.24912],[59.84387,56.24942],[59.84353,56.24964],[59.84378,56.24979],[59.84453,56.24987],[59.84579,56.25034],[59.84726,56.25064],[59.84731,56.25072],[59.84672,56.25088],[59.84674,56.25105],[59.84706,56.25097],[59.84721,56.25101],[59.84734,56.25116],[59.84694,56.25138],[59.84698,56.25158],[59.84675,56.25162],[59.84698,56.25182],[59.84717,56.25198],[59.8477,56.25184],[59.84801,56.25163],[59.84778,56.25154],[59.84756,56.25146],[59.84753,56.25136],[59.84777,56.25133],[59.84798,56.25123],[59.84844,56.2513],[59.84862,56.25145],[59.84851,56.25156],[59.84877,56.25176],[59.84886,56.25191],[59.84927,56.25191],[59.8495,56.2519],[59.84966,56.25205],[59.85027,56.25219],[59.85066,56.25225],[59.8515,56.25227],[59.85202,56.25241],[59.85217,56.25253],[59.85251,56.25261],[59.85266,56.25251],[59.85286,56.25259],[59.85329,56.25287],[59.85349,56.25299],[59.85359,56.25319],[59.8535,56.25332],[59.85336,56.25361],[59.85308,56.25364],[59.85327,56.25397],[59.85357,56.2541],[59.85384,56.25411],[59.85395,56.25421],[59.85455,56.25432],[59.85469,56.2544],[59.85506,56.25448],[59.85538,56.25459],[59.856,56.25469],[59.8565,56.25496],[59.85677,56.25512],[59.85686,56.25539],[59.85749,56.25587],[59.85819,56.25624],[59.8588,56.25646],[59.85883,56.25675],[59.85872,56.25689],[59.85907,56.25706],[59.85975,56.25727],[59.86002,56.25745],[59.86079,56.25771],[59.86164,56.25809],[59.8619,56.25821],[59.86198,56.25833],[59.86182,56.25848],[59.86199,56.25865],[59.86225,56.25867],[59.86244,56.25882],[59.86268,56.259],[59.86265,56.25906],[59.86238,56.25913],[59.8625,56.25947],[59.86232,56.25961],[59.86239,56.25971],[59.86268,56.2597],[59.86272,56.25978],[59.86286,56.25986],[59.86301,56.25997],[59.86327,56.25991],[59.86351,56.25999],[59.86333,56.26012],[59.86351,56.26028],[59.86376,56.26034],[59.8639,56.26029],[59.86389,56.2602],[59.86406,56.26013],[59.86426,56.26023],[59.86586,56.25983],[59.87629,56.25703],[59.87917,56.25697],[59.88502,56.25701],[59.90125,56.25733],[59.91537,56.25748],[59.94349,56.2465],[59.9612,56.23926],[59.96314,56.23907],[59.96998,56.23884],[59.97719,56.2385],[59.97938,56.23772],[59.99209,56.23067],[59.99855,56.22715],[59.99965,56.22644],[60.00153,56.22353],[60.00401,56.22064],[59.9997,56.20873],[60.00235,56.20123],[60.00345,56.19938],[60.00347,56.19826],[60.00363,56.19798],[60.00402,56.19778],[60.00425,56.19434],[60.0031,56.18907],[60.0012,56.17072],[59.999,56.1663],[59.98212,56.12942],[59.97905,56.12461],[59.97657,56.12118],[59.97387,56.11064],[59.97265,56.10702],[59.96869,56.10011],[59.96766,56.09602],[59.96624,56.09226],[59.96818,56.07915],[59.96725,56.07706],[59.95828,56.05957],[59.95885,56.05509],[59.95097,56.05204],[59.95068,56.05181],[59.9503,56.05078],[59.94751,56.04652],[59.94673,56.04574],[59.93363,56.03602],[59.93239,56.0326],[59.91658,56.02244],[59.91738,56.01884],[59.9224,56.01682],[59.9233,56.01053],[59.92089,56.00433],[59.91441,55.9988],[59.90342,55.99438],[59.90005,55.98668],[59.89543,55.98505],[59.91802,55.98297],[59.91775,55.98162],[59.91796,55.98136],[59.91791,55.98098],[59.91826,55.98028],[59.91963,55.97855],[59.92035,55.97818],[59.92105,55.97733],[59.92051,55.9768],[59.91778,55.97564],[59.91691,55.97512],[59.91671,55.9748],[59.91615,55.97464],[59.91359,55.97322],[59.91111,55.9712],[59.91004,55.97004],[59.90956,55.96917],[59.90916,55.96769],[59.90823,55.96625],[59.90821,55.96558],[59.90853,55.9653],[59.90863,55.96483],[59.90924,55.96441],[59.90964,55.96364],[59.91126,55.9627],[59.91176,55.96215],[59.91176,55.96158],[59.91129,55.96072],[59.91078,55.96018],[59.91065,55.95882],[59.91035,55.9581],[59.91088,55.95771],[59.91079,55.9568],[59.911,55.95644],[59.91092,55.9553],[59.91162,55.95435],[59.912,55.95297],[59.91276,55.95223],[59.9134,55.95122],[59.91374,55.95103],[59.91502,55.94956],[59.91513,55.9488],[59.91331,55.94746],[59.91228,55.94703],[59.91142,55.94627],[59.91085,55.94601],[59.9095,55.94585],[59.90899,55.94542],[59.90813,55.94531],[59.90452,55.94414],[59.90185,55.94284],[59.90068,55.94254],[59.89827,55.94233],[59.89779,55.94196],[59.8979,55.94152],[59.89781,55.94133],[59.8982,55.94071],[59.89828,55.94018],[59.89905,55.93946],[59.89979,55.93887],[59.90041,55.93865],[59.90172,55.93711],[59.90293,55.93656],[59.90387,55.93637],[59.90566,55.93547],[59.90659,55.93397],[59.90636,55.9334],[59.90518,55.9325],[59.90465,55.93153],[59.90474,55.92992],[59.90533,55.9295],[59.9055,55.92913],[59.90515,55.92876],[59.90405,55.92848],[59.90333,55.92774],[59.90338,55.92615],[59.90381,55.92581],[59.9038,55.92564],[59.90315,55.92509],[59.9031,55.92461],[59.90279,55.92434],[59.90211,55.92303],[59.90331,55.92214],[59.90336,55.9217],[59.90387,55.92145],[59.90432,55.9205],[59.90331,55.91994],[59.90285,55.91931],[59.90113,55.91855],[59.90071,55.91816],[59.90059,55.91775],[59.90003,55.91745],[59.89967,55.9169],[59.89877,55.91664],[59.89831,55.91634],[59.89653,55.9147],[59.89624,55.91408],[59.89591,55.91377],[59.89591,55.91339],[59.89673,55.91308],[59.89731,55.91181],[59.89781,55.91136],[59.89804,55.91021],[59.89885,55.90963],[59.89896,55.90942],[59.89873,55.90894],[59.89283,55.90617],[59.89188,55.90585],[59.89009,55.90559],[59.88719,55.90568],[59.88159,55.90565],[59.8807,55.90557],[59.87928,55.90491],[59.87822,55.90481],[59.8776,55.90487],[59.87663,55.90524],[59.87551,55.9062],[59.87509,55.90638],[59.87249,55.90667],[59.86986,55.90643],[59.8679,55.90603],[59.86751,55.90546],[59.86749,55.90479],[59.86764,55.90452],[59.86868,55.90374],[59.86861,55.90312],[59.86779,55.90262],[59.86626,55.9022],[59.86487,55.90211],[59.8636,55.90243],[59.86212,55.90257],[59.86125,55.90303],[59.86016,55.90308],[59.85664,55.90231],[59.85332,55.90253],[59.8494,55.90204],[59.84695,55.90196],[59.84666,55.90169],[59.84696,55.90145],[59.84849,55.90091],[59.84977,55.89999],[59.8514,55.89982],[59.85268,55.89949],[59.85292,55.89932],[59.85298,55.89867],[59.85177,55.89737],[59.84969,55.8962],[59.8491,55.89526],[59.84864,55.89497],[59.84761,55.89372],[59.84622,55.89321],[59.84392,55.89276],[59.84205,55.89105],[59.84201,55.89048],[59.8422,55.89022],[59.84225,55.88961],[59.8421,55.8895],[59.84182,55.88827],[59.8421,55.8876],[59.84272,55.88715],[59.84261,55.88689],[59.84199,55.88672],[59.8419,55.88657],[59.84209,55.88621],[59.84174,55.88568],[59.84218,55.88469],[59.84299,55.88413],[59.8437,55.88404],[59.84432,55.88277],[59.84404,55.88197],[59.84284,55.8819],[59.84171,55.88092],[59.84132,55.88025],[59.84119,55.87976],[59.84157,55.87844],[59.84155,55.87765],[59.84119,55.87729],[59.84048,55.87704],[59.83973,55.87634],[59.8398,55.87595],[59.84057,55.87558],[59.83939,55.87501],[59.83934,55.87475],[59.83965,55.87423],[59.83967,55.87377],[59.839,55.87329],[59.83888,55.87195],[59.83827,55.87139],[59.83783,55.8712],[59.83717,55.87047],[59.83585,55.87002],[59.83597,55.86986],[59.83643,55.86977],[59.83634,55.86916],[59.83661,55.86867],[59.83651,55.86852],[59.83587,55.86839],[59.83583,55.86798],[59.8369,55.86732],[59.83693,55.86594],[59.83641,55.86556],[59.8358,55.86545],[59.83485,55.86453],[59.83484,55.86385],[59.83407,55.86239],[59.83384,55.86154],[59.83406,55.86114],[59.834,55.86041],[59.83416,55.86017],[59.83467,55.85974],[59.83551,55.85935],[59.83586,55.85888],[59.83571,55.85727],[59.83526,55.85655],[59.8334,55.85453],[59.83234,55.85206],[59.83054,55.85107],[59.82965,55.85012],[59.82872,55.84974],[59.82774,55.8491],[59.82484,55.8466],[59.82467,55.84629],[59.82465,55.84555],[59.82212,55.84238],[59.8184,55.83932],[59.81772,55.83823],[59.81771,55.83797],[59.81855,55.83664],[59.81866,55.83549],[59.82015,55.83365],[59.82028,55.83318],[59.82018,55.83187],[59.81944,55.8301],[59.81944,55.82942],[59.81988,55.82849],[59.81905,55.8276],[59.81793,55.82559],[59.81603,55.82421],[59.81508,55.82325],[59.81208,55.82121],[59.81146,55.82025],[59.81137,55.81958],[59.8118,55.81784],[59.81144,55.81674],[59.81074,55.81605],[59.80524,55.79291],[59.80245,55.78005],[59.802,55.77858],[59.89882,55.77071],[59.99759,55.76195],[60.11779,55.7522],[60.12369,55.75406],[60.13091,55.74937],[60.12875,55.7455],[60.1253,55.73965],[60.12332,55.73844],[60.11787,55.73257],[60.11547,55.73042],[60.11275,55.72923],[60.109,55.72858],[60.10759,55.72754],[60.10685,55.72622],[60.10678,55.72373],[60.10721,55.72265],[60.10708,55.72155],[60.10651,55.71993],[60.1016,55.71644],[60.09733,55.71541],[60.09369,55.71476],[60.09316,55.7143],[60.09288,55.71425],[60.09254,55.71431],[60.09239,55.7147],[60.09175,55.71498],[60.0929,55.71563],[60.09288,55.71593],[60.09253,55.71613],[60.09153,55.71597],[60.09071,55.71558],[60.09109,55.71514],[60.09097,55.71485],[60.09032,55.71489],[60.08961,55.71514],[60.08852,55.71514],[60.08818,55.71576],[60.08786,55.71595],[60.0867,55.71611],[60.08564,55.7159],[60.08475,55.7164],[60.08407,55.71616],[60.08405,55.71595],[60.08427,55.71576],[60.08417,55.71563],[60.08276,55.71562],[60.08179,55.71533],[60.08063,55.71576],[60.08117,55.71647],[60.08195,55.71706],[60.08204,55.71733],[60.08185,55.7175],[60.08084,55.71773],[60.08072,55.71751],[60.08097,55.71713],[60.08043,55.71675],[60.07951,55.7171],[60.0785,55.71678],[60.07824,55.71695],[60.07809,55.71745],[60.07766,55.7178],[60.07687,55.71802],[60.07666,55.7179],[60.0767,55.71772],[60.07708,55.71741],[60.07707,55.71723],[60.07683,55.71703],[60.07521,55.71645],[60.0741,55.71647],[60.07321,55.71705],[60.07248,55.71695],[60.07242,55.7163],[60.07154,55.71592],[60.07171,55.7154],[60.07218,55.71518],[60.07216,55.71465],[60.0711,55.71423],[60.06997,55.71307],[60.06968,55.71298],[60.06944,55.71246],[60.06893,55.71198],[60.0677,55.71148],[60.06608,55.71004],[60.065,55.71008],[60.06471,55.70994],[60.06406,55.70933],[60.06396,55.70893],[60.06345,55.70846],[60.06343,55.70789],[60.06364,55.70754],[60.0635,55.7074],[60.06188,55.70749],[60.0614,55.7077],[60.06159,55.70789],[60.06237,55.70792],[60.06258,55.70809],[60.06234,55.70846],[60.06245,55.70887],[60.06205,55.70913],[60.06029,55.70922],[60.05964,55.70875],[60.05973,55.70822],[60.06062,55.70687],[60.06706,55.70517],[60.06782,55.70441],[60.06788,55.70311],[60.06753,55.70236],[60.0663,55.7011],[60.065,55.70163],[60.06414,55.70123],[60.06438,55.70088],[60.06562,55.70071],[60.06564,55.70024],[60.06522,55.69985],[60.06364,55.69935],[60.06271,55.69883],[60.06126,55.69885],[60.06104,55.69854],[60.06151,55.69813],[60.06147,55.69786],[60.06096,55.6976],[60.05984,55.69745],[60.05831,55.69659],[60.05841,55.69633],[60.05932,55.69638],[60.05922,55.69547],[60.05892,55.69485],[60.05779,55.69487],[60.05742,55.69438],[60.05755,55.69404],[60.05855,55.69383],[60.05872,55.69363],[60.05737,55.69346],[60.05709,55.69315],[60.05748,55.69276],[60.05851,55.69235],[60.05915,55.69186],[60.05933,55.69163],[60.05929,55.69133],[60.05883,55.69103],[60.05746,55.69068],[60.05683,55.69023],[60.05613,55.69],[60.05539,55.689],[60.05438,55.68854],[60.05374,55.68855],[60.05322,55.68875],[60.05314,55.68889],[60.05331,55.68934],[60.05309,55.68961],[60.05333,55.68984],[60.0544,55.69006],[60.05467,55.6903],[60.05465,55.6905],[60.05438,55.69071],[60.05465,55.69097],[60.05452,55.69141],[60.05394,55.69171],[60.05333,55.69172],[60.05276,55.6915],[60.05222,55.69107],[60.05176,55.69006],[60.05185,55.68929],[60.05117,55.68875],[60.05093,55.68814],[60.05198,55.68767],[60.05253,55.68716],[60.05242,55.68578],[60.05278,55.68479],[60.05283,55.68382],[60.05257,55.68363],[60.05148,55.68351],[60.05122,55.68332],[60.0517,55.6829],[60.05176,55.68225],[60.05055,55.6821],[60.05036,55.68194],[60.05048,55.68173],[60.05178,55.68119],[60.05225,55.68077],[60.05266,55.6807],[60.05338,55.68104],[60.0544,55.68067],[60.05506,55.68061],[60.05821,55.6813],[60.06031,55.68124],[60.06298,55.68026],[60.06493,55.67985],[60.06519,55.67957],[60.06479,55.67916],[60.06482,55.67894],[60.06561,55.67848],[60.06604,55.6786],[60.06623,55.67896],[60.0665,55.67908],[60.06784,55.67936],[60.07232,55.67905],[60.07464,55.67856],[60.07799,55.67731],[60.07988,55.67624],[60.07999,55.67611],[60.0798,55.67592],[60.07908,55.67597],[60.07867,55.67583],[60.07862,55.67545],[60.07889,55.67519],[60.07983,55.67513],[60.08088,55.6756],[60.08116,55.67528],[60.081,55.67481],[60.08111,55.67465],[60.08269,55.67471],[60.08253,55.67346],[60.08135,55.67373],[60.08122,55.67359],[60.08122,55.67295],[60.08098,55.67273],[60.07982,55.67273],[60.07944,55.67254],[60.07947,55.6715],[60.07918,55.67089],[60.07942,55.66944],[60.08016,55.6688],[60.08098,55.66851],[60.08321,55.6684],[60.08444,55.66813],[60.08494,55.66782],[60.08505,55.66739],[60.08488,55.66718],[60.08423,55.66699],[60.08369,55.66647],[60.08353,55.66565],[60.08327,55.66528],[60.08155,55.66485],[60.08149,55.66472],[60.08182,55.66433],[60.08183,55.6641],[60.08144,55.66319],[60.08015,55.66304],[60.07871,55.66408],[60.07799,55.66356],[60.07787,55.6632],[60.07807,55.6624],[60.07766,55.66151],[60.07774,55.66104],[60.07758,55.66047],[60.07851,55.66022],[60.07867,55.65964],[60.07852,55.65916],[60.07794,55.6587],[60.07787,55.65832],[60.07744,55.65824],[60.07668,55.65845],[60.0758,55.65808],[60.07469,55.65817],[60.07436,55.65809],[60.07395,55.6577],[60.07396,55.65738],[60.07422,55.65703],[60.07374,55.65613],[60.07501,55.65592],[60.07506,55.65541],[60.0749,55.65504],[60.07455,55.65485],[60.07353,55.65471],[60.07199,55.6536],[60.07205,55.6534],[60.07332,55.65329],[60.07337,55.65283],[60.07317,55.65218],[60.07334,55.65172],[60.07365,55.65104],[60.07446,55.65016],[60.07412,55.64965],[60.07412,55.64899],[60.0736,55.6485],[60.073,55.64839],[60.07276,55.64859],[60.07287,55.64897],[60.07268,55.64912],[60.07241,55.64946],[60.0719,55.64953],[60.07128,55.64933],[60.071,55.64957],[60.0713,55.65008],[60.07108,55.6502],[60.07081,55.65018],[60.07055,55.64983],[60.07015,55.64982],[60.06974,55.64964],[60.06944,55.64971],[60.0695,55.64988],[60.07019,55.65024],[60.06869,55.65023],[60.06849,55.65008],[60.06882,55.64975],[60.06825,55.64939],[60.06866,55.64915],[60.06865,55.64895],[60.06711,55.64858],[60.0662,55.64791],[60.06493,55.64809],[60.06391,55.64803],[60.06295,55.64832],[60.06223,55.64805],[60.06158,55.64802],[60.06042,55.64838],[60.05818,55.64846],[60.05796,55.64898],[60.05767,55.64904],[60.05729,55.64865],[60.05682,55.64875],[60.05688,55.64944],[60.05623,55.64969],[60.05663,55.65014],[60.05793,55.65004],[60.05917,55.65045],[60.05884,55.65073],[60.05704,55.65058],[60.05636,55.65087],[60.05484,55.65115],[60.05383,55.65094],[60.05237,55.65098],[60.04935,55.65008],[60.04853,55.65009],[60.04731,55.65046],[60.04712,55.65079],[60.04758,55.65118],[60.04734,55.65144],[60.04675,55.65162],[60.04605,55.65159],[60.04099,55.65037],[60.03974,55.6501],[60.03818,55.64999],[60.03742,55.64986],[60.03662,55.64984],[60.03569,55.64991],[60.03536,55.64987],[60.03496,55.64995],[60.0348,55.65009],[60.03488,55.65025],[60.03499,55.65034],[60.03496,55.65043],[60.03484,55.65049],[60.03463,55.65049],[60.0336,55.65029],[60.03295,55.65068],[60.03225,55.65054],[60.03171,55.6507],[60.03152,55.65118],[60.03097,55.65129],[60.02813,55.65185],[60.02701,55.65194],[60.02652,55.65188],[60.02635,55.65163],[60.02655,55.65123],[60.02622,55.6505],[60.02522,55.64939],[60.02484,55.64935],[60.02449,55.64958],[60.02417,55.64958],[60.02333,55.64904],[60.02317,55.64864],[60.02344,55.64786],[60.02309,55.64764],[60.02282,55.64701],[60.02244,55.64675],[60.02069,55.64668],[60.02046,55.64652],[60.02069,55.64611],[60.01879,55.64525],[60.01872,55.64491],[60.01737,55.64422],[60.01601,55.64265],[60.01585,55.64162],[60.0162,55.64114],[60.01546,55.64038],[60.01372,55.63969],[60.01383,55.63917],[60.01329,55.63889],[60.01215,55.63873],[60.01191,55.63845],[60.01139,55.63802],[60.01193,55.63778],[60.01226,55.6377],[60.01283,55.63799],[60.01315,55.63792],[60.01294,55.63751],[60.01285,55.63723],[60.01213,55.63684],[60.0122,55.63658],[60.01205,55.63644],[60.01174,55.63623],[60.01183,55.63591],[60.01218,55.63563],[60.01248,55.63581],[60.01275,55.63573],[60.0128,55.63543],[60.01321,55.63504],[60.01299,55.6349],[60.0121,55.63486],[60.0125,55.63456],[60.01199,55.63429],[60.01224,55.63403],[60.01175,55.63278],[60.01185,55.63249],[60.0124,55.63224],[60.01219,55.6316],[60.01145,55.63127],[60.01097,55.63056],[60.01111,55.63024],[60.01194,55.62998],[60.01214,55.62971],[60.012,55.62938],[60.01078,55.62881],[60.01092,55.62831],[60.01048,55.62804],[60.00972,55.62788],[60.00951,55.62762],[60.00962,55.62682],[60.00856,55.6263],[60.00856,55.62608],[60.00907,55.62573],[60.00896,55.62556],[60.00824,55.62547],[60.00708,55.62498],[60.007,55.62476],[60.00719,55.62436],[60.00689,55.62384],[60.00749,55.6237],[60.00773,55.62341],[60.00775,55.62296],[60.00738,55.62248],[60.0067,55.62205],[60.00694,55.62177],[60.00699,55.62143],[60.00624,55.62091],[60.00587,55.62046],[60.00473,55.61991],[60.00351,55.62003],[60.00367,55.61975],[60.00291,55.61915],[60.00285,55.6188],[60.00361,55.61815],[60.00376,55.61777],[60.00345,55.61718],[60.00245,55.61629],[60.00221,55.61511],[60.00241,55.61456],[60.00237,55.61414],[60.00265,55.61383],[60.0027,55.61335],[60.00235,55.61286],[60.0013,55.61245],[60.00099,55.61269],[59.99962,55.61264],[59.99886,55.61127],[59.99902,55.61093],[59.99848,55.61046],[59.99856,55.61024],[59.99899,55.61003],[59.99891,55.6098],[59.99826,55.60947],[59.99842,55.60932],[59.99881,55.60933],[59.99908,55.60907],[59.99891,55.60875],[59.99781,55.60852],[59.99751,55.60866],[59.9964,55.60838],[59.9964,55.60823],[59.99696,55.60812],[59.99686,55.6079],[59.99634,55.60767],[59.99574,55.60772],[59.9952,55.60742],[59.9942,55.60761],[59.99395,55.6075],[59.99431,55.60728],[59.99342,55.60689],[59.99404,55.60661],[59.99403,55.60573],[59.9932,55.60521],[59.99237,55.60512],[59.99226,55.60502],[59.99266,55.60482],[59.99265,55.60468],[59.9922,55.60467],[59.99225,55.60432],[59.99173,55.6044],[59.9916,55.6041],[59.99001,55.60384],[59.98995,55.60376],[59.99063,55.6035],[59.99019,55.60323],[59.99011,55.60298],[59.98914,55.60242],[59.98933,55.60208],[59.98837,55.6017],[59.98837,55.60157],[59.98913,55.60144],[59.98933,55.60126],[59.98982,55.60144],[59.99012,55.60138],[59.99009,55.60123],[59.98981,55.60115],[59.98971,55.6008],[59.9889,55.60089],[59.98897,55.60019],[59.98819,55.59983],[59.98855,55.59964],[59.98851,55.59953],[59.98767,55.59925],[59.9877,55.5991],[59.98941,55.59847],[59.9893,55.59798],[59.98952,55.59791],[59.99001,55.59809],[59.99073,55.59784],[59.9907,55.59764],[59.99001,55.59776],[59.99048,55.59732],[59.99109,55.59739],[59.99051,55.59712],[59.99089,55.59664],[59.99019,55.59606],[59.98962,55.59528],[59.989,55.59519],[59.98859,55.59544],[59.98835,55.59541],[59.98843,55.59505],[59.98778,55.59507],[59.98754,55.59494],[59.98737,55.59453],[59.98649,55.59471],[59.98618,55.59453],[59.98656,55.5938],[59.98581,55.59275],[59.98505,55.59255],[59.98485,55.59266],[59.98494,55.59295],[59.98478,55.59302],[59.98434,55.59276],[59.9838,55.59312],[59.98348,55.59297],[59.98383,55.59263],[59.98356,55.59254],[59.9829,55.59269],[59.98223,55.59241],[59.98249,55.59224],[59.98339,55.59224],[59.98337,55.59207],[59.98293,55.59171],[59.98201,55.59174],[59.98174,55.59149],[59.98077,55.59124],[59.98023,55.59148],[59.97979,55.59142],[59.97971,55.59116],[59.98025,55.59081],[59.98019,55.59069],[59.97979,55.59063],[59.97982,55.59029],[59.97876,55.58961],[59.97905,55.58948],[59.97978,55.58958],[59.97987,55.58916],[59.98014,55.58896],[59.97946,55.58871],[59.97859,55.5887],[59.9786,55.58842],[59.97783,55.5882],[59.97779,55.58805],[59.97849,55.58737],[59.97808,55.58683],[59.97827,55.58619],[59.97824,55.58603],[59.9776,55.58558],[59.97721,55.58581],[59.97675,55.58548],[59.97661,55.58527],[59.97682,55.58506],[59.97663,55.58487],[59.97594,55.58457],[59.95467,55.59135],[59.92036,55.60189],[59.91676,55.60145],[59.87976,55.58907],[59.87368,55.58654],[59.85279,55.58758],[59.84813,55.59026],[59.82027,55.60542],[59.81881,55.6072],[59.81709,55.60977],[59.81054,55.6175],[59.80832,55.62037],[59.77029,55.63355],[59.76271,55.63223],[59.74302,55.62828],[59.72678,55.63238],[59.71906,55.63159],[59.70798,55.62602],[59.7041,55.6243],[59.69582,55.62346],[59.69487,55.62295],[59.6942,55.62245],[59.69356,55.62131],[59.69322,55.621],[59.69351,55.62026],[59.69334,55.62025],[59.69364,55.61998],[59.69324,55.6195],[59.69325,55.619],[59.69243,55.61871],[59.69229,55.6183],[59.69192,55.61802],[59.69087,55.61785],[59.6906,55.61749],[59.69006,55.61742],[59.68972,55.61719],[59.68924,55.61606],[59.68957,55.61585],[59.68935,55.61461],[59.68909,55.61433],[59.68813,55.61397],[59.68761,55.61325],[59.68587,55.61285],[59.68476,55.61226],[59.68243,55.61212],[59.68176,55.61195],[59.68106,55.61202],[59.68042,55.61181],[59.67885,55.61181],[59.67831,55.61202],[59.67759,55.61192],[59.67725,55.61219],[59.67672,55.61223],[59.67657,55.61207],[59.67685,55.6117],[59.67654,55.61154],[59.67659,55.61113],[59.6764,55.61087],[59.67588,55.61074],[59.675,55.61101],[59.67364,55.61093],[59.67316,55.61061],[59.67255,55.61048],[59.67262,55.60991],[59.67153,55.60942],[59.67141,55.6085],[59.67089,55.60812],[59.67074,55.60762],[59.67033,55.6074],[59.66948,55.60762],[59.66961,55.60676],[59.66944,55.60661],[59.66911,55.60649],[59.64769,55.59934],[59.64067,55.59764],[59.63343,55.59892],[59.62811,55.59828],[59.62428,55.60169],[59.60746,55.60424],[59.6015,55.60573],[59.56446,55.59402],[59.55403,55.59381],[59.54935,55.59274],[59.53871,55.59274],[59.53083,55.59679],[59.52743,55.59445],[59.47336,55.59487],[59.46849,55.59483],[59.46527,55.5987],[59.46314,55.59892],[59.46165,55.60232],[59.46612,55.60701],[59.46357,55.61041],[59.46378,55.61467],[59.46719,55.61579],[59.46634,55.61877],[59.46868,55.61877],[59.47144,55.62707],[59.46974,55.63111],[59.46357,55.63494],[59.46506,55.6375],[59.46357,55.63984],[59.46442,55.64346],[59.39098,55.64473],[59.38289,55.62068],[59.34309,55.61089],[59.33543,55.60956],[59.28179,55.58231],[59.27583,55.57976],[59.26753,55.58274],[59.24965,55.58146],[59.2505,55.607],[59.26284,55.60509],[59.27647,55.60594],[59.28445,55.61158],[59.29444,55.62258],[59.33581,55.63157],[59.33659,55.63279],[59.33637,55.63404],[59.33328,55.63608],[59.32755,55.64175],[59.32641,55.64567],[59.32551,55.64782],[59.32664,55.64889],[59.32677,55.64986],[59.32501,55.65089],[59.3239,55.651],[59.32232,55.65222],[59.32333,55.65397],[59.32374,55.65638],[59.32291,55.65674],[59.32258,55.65714],[59.32188,55.65797],[59.32106,55.65842],[59.32048,55.65907],[59.32053,55.65947],[59.32078,55.66153],[59.32103,55.6625],[59.3209,55.66282],[59.32108,55.6634],[59.32121,55.66381],[59.32075,55.66419],[59.32105,55.66471],[59.32214,55.66613],[59.32184,55.66638],[59.32053,55.66647],[59.31944,55.6666],[59.31892,55.66674],[59.31846,55.66728],[59.31851,55.66811],[59.3187,55.66893],[59.31849,55.66908],[59.31728,55.66887],[59.31707,55.66912],[59.31715,55.6696],[59.31611,55.67006],[59.31571,55.67032],[59.31529,55.6712],[59.31543,55.67216],[59.31444,55.67355],[59.31465,55.67408],[59.31524,55.67472],[59.31604,55.67555],[59.3167,55.676],[59.31708,55.67642],[59.31733,55.67668],[59.28881,55.67799],[59.29136,55.6906],[59.29583,55.69784],[59.29626,55.70018],[59.29861,55.70145],[59.27561,55.70912],[59.30264,55.73967],[59.31861,55.7584],[59.32052,55.76138],[59.31839,55.76713],[59.31322,55.76622],[59.31198,55.76656],[59.30963,55.76831],[59.29885,55.76965],[59.29839,55.77102],[59.29441,55.77328],[59.29376,55.77526],[59.29371,55.77989],[59.2906,55.78239],[59.29031,55.78242],[59.29012,55.78321],[59.28981,55.78355],[59.28937,55.78358],[59.28832,55.7833],[59.28782,55.78319],[59.28741,55.78318],[59.28696,55.78328],[59.28678,55.78345],[59.28664,55.78399],[59.28609,55.78408],[59.286,55.7842],[59.28672,55.78432],[59.28674,55.78456],[59.28665,55.78471],[59.28541,55.78491],[59.28459,55.78508],[59.28383,55.78508],[59.28336,55.78511],[59.28258,55.78507],[59.28214,55.78505],[59.28182,55.78506],[59.28123,55.78506],[59.28075,55.7853],[59.27997,55.78537],[59.27899,55.78563],[59.27776,55.78636],[59.27702,55.78682],[59.27676,55.78687],[59.27627,55.78681],[59.27582,55.78681],[59.27541,55.78677],[59.27526,55.78679],[59.27487,55.78688],[59.27445,55.78692],[59.27391,55.78708],[59.27382,55.7871],[59.27358,55.78726],[59.27343,55.78734],[59.27329,55.78741],[59.27298,55.78749],[59.27264,55.78753],[59.27234,55.78776],[59.27226,55.7878],[59.27214,55.78784],[59.27201,55.78782],[59.27167,55.78781],[59.27131,55.78788],[59.27118,55.78793],[59.27101,55.7881],[59.27095,55.78829],[59.27081,55.78853],[59.27069,55.78875],[59.27066,55.78884],[59.2707,55.78897],[59.27071,55.78915],[59.27054,55.78929],[59.27036,55.78942],[59.27014,55.78949],[59.26984,55.78957],[59.26943,55.78964],[59.26925,55.78969],[59.26918,55.78975],[59.26922,55.78983],[59.26933,55.78997],[59.26938,55.79007],[59.26936,55.7901],[59.26933,55.79014],[59.26921,55.79017],[59.26908,55.79017],[59.26882,55.79014],[59.26873,55.79016],[59.26866,55.79021],[59.26861,55.79033],[59.26856,55.79038],[59.26841,55.79043],[59.26807,55.79046],[59.26765,55.7905],[59.26727,55.79057],[59.26696,55.79068],[59.26667,55.79079],[59.26655,55.79082],[59.2663,55.7908],[59.26616,55.79075],[59.26561,55.79064],[59.26531,55.7906],[59.26486,55.79044],[59.26443,55.79029],[59.26428,55.79019],[59.26398,55.79004],[59.26389,55.79004],[59.26376,55.79006],[59.26371,55.7901],[59.26363,55.79019],[59.2634,55.79038],[59.26306,55.79055],[59.26305,55.79058],[59.26309,55.79062],[59.26329,55.79069],[59.26351,55.79072],[59.26384,55.7908],[59.26408,55.79087],[59.26414,55.79092],[59.26411,55.79098],[59.26406,55.79102],[59.26392,55.79105],[59.26373,55.79105],[59.26363,55.79111],[59.2636,55.79124],[59.2635,55.79132],[59.26311,55.79136],[59.26286,55.79141],[59.26246,55.79145],[59.2621,55.79144],[59.26164,55.79136],[59.2613,55.79133],[59.2606,55.79127],[59.26017,55.79129],[59.25975,55.79137],[59.25943,55.79157],[59.25936,55.79159],[59.25925,55.7916],[59.25911,55.79158],[59.25863,55.79122],[59.25809,55.79085],[59.25766,55.79071],[59.2576,55.79058],[59.25782,55.79036],[59.25778,55.79004],[59.25792,55.78974],[59.25791,55.78967],[59.25776,55.78963],[59.25755,55.78968],[59.25734,55.78977],[59.25718,55.78994],[59.25707,55.79],[59.25684,55.79003],[59.25643,55.79008],[59.2563,55.79018],[59.25614,55.7903],[59.25557,55.79034],[59.25526,55.79043],[59.25485,55.7905],[59.25466,55.79056],[59.25462,55.79075],[59.25445,55.79084],[59.25387,55.79061],[59.25329,55.79022],[59.25303,55.79016],[59.25277,55.79017],[59.25268,55.79034],[59.25251,55.79039],[59.25168,55.7901],[59.25125,55.79004],[59.25046,55.79028],[59.25021,55.79038],[59.24974,55.79044],[59.24923,55.79059],[59.24876,55.79078],[59.24869,55.79091],[59.24884,55.79106],[59.2491,55.7912],[59.24913,55.79131],[59.24909,55.79138],[59.24884,55.79151],[59.24844,55.79152],[59.24805,55.79126],[59.24778,55.79124],[59.24762,55.7914],[59.24729,55.7917],[59.24704,55.79175],[59.24681,55.79171],[59.24674,55.79138],[59.24648,55.79126],[59.24617,55.79088],[59.24545,55.79073],[59.24469,55.79082],[59.24425,55.79068],[59.24372,55.79077],[59.24324,55.79083],[59.24311,55.79095],[59.24336,55.79131],[59.24302,55.79157],[59.24255,55.79163],[59.24237,55.79149],[59.24182,55.79142],[59.24138,55.79174],[59.24076,55.79172],[59.24028,55.79158],[59.24037,55.79131],[59.24023,55.79117],[59.23969,55.79119],[59.2392,55.79134],[59.2385,55.79142],[59.23792,55.79156],[59.23744,55.79162],[59.23691,55.79138],[59.23638,55.79132],[59.23552,55.79163],[59.23509,55.79165],[59.23465,55.79161],[59.23433,55.79116],[59.23409,55.79102],[59.23344,55.79114],[59.23314,55.79106],[59.2331,55.79078],[59.2328,55.79055],[59.23235,55.7904],[59.23101,55.79011],[59.23025,55.79022],[59.22906,55.78993],[59.22877,55.79007],[59.22841,55.79041],[59.22796,55.79034],[59.22783,55.79015],[59.22808,55.78989],[59.22748,55.7896],[59.22725,55.78961],[59.2271,55.78977],[59.22704,55.79002],[59.22672,55.79046],[59.22649,55.79052],[59.22619,55.79049],[59.2256,55.79052],[59.22478,55.79039],[59.22393,55.79031],[59.22323,55.78986],[59.22278,55.78977],[59.2221,55.7899],[59.22157,55.78965],[59.22138,55.78965],[59.2214,55.78977],[59.2216,55.79007],[59.22159,55.79019],[59.22134,55.79029],[59.22084,55.7902],[59.22034,55.79019],[59.22007,55.79003],[59.22012,55.78957],[59.2199,55.78945],[59.2193,55.78956],[59.21885,55.78962],[59.21869,55.7894],[59.21816,55.78945],[59.21781,55.78941],[59.21707,55.78918],[59.21669,55.78918],[59.21633,55.78935],[59.21597,55.78978],[59.2157,55.78989],[59.21522,55.78983],[59.21436,55.78948],[59.21351,55.78924],[59.21288,55.78921],[59.21254,55.78928],[59.2125,55.7894],[59.21325,55.78965],[59.2132,55.78981],[59.21312,55.78988],[59.2128,55.78991],[59.21234,55.78966],[59.21216,55.78966],[59.21218,55.78976],[59.21243,55.79002],[59.21232,55.79021],[59.2121,55.79023],[59.21122,55.79021],[59.21057,55.78995],[59.21028,55.78977],[59.21013,55.78961],[59.21058,55.78945],[59.21068,55.78933],[59.21016,55.78912],[59.21021,55.7889],[59.21015,55.78871],[59.20962,55.78865],[59.20935,55.78876],[59.20911,55.78907],[59.20904,55.78922],[59.2089,55.78931],[59.2086,55.7894],[59.20812,55.7893],[59.20748,55.78921],[59.20697,55.78938],[59.20676,55.78949],[59.20655,55.78949],[59.20635,55.78916],[59.20575,55.78893],[59.20516,55.78893],[59.20444,55.78871],[59.20407,55.78867],[59.20345,55.78867],[59.20282,55.78891],[59.20218,55.78888],[59.20151,55.78863],[59.20091,55.78878],[59.20065,55.78879],[59.19978,55.78864],[59.19945,55.78869],[59.19936,55.78882],[59.19925,55.78903],[59.19918,55.78914],[59.19876,55.78932],[59.19853,55.78938],[59.19792,55.78942],[59.19745,55.78968],[59.19711,55.78983],[59.19703,55.78993],[59.19702,55.7901],[59.19708,55.7902],[59.19723,55.79032],[59.19739,55.79051],[59.19726,55.79059],[59.19667,55.79067],[59.19649,55.79069],[59.19622,55.79098],[59.19575,55.79119],[59.19375,55.79171],[59.19267,55.79199],[59.19245,55.79198],[59.19235,55.79186],[59.1922,55.7916],[59.19184,55.79154],[59.19137,55.7916],[59.19114,55.7917],[59.19101,55.79186],[59.1909,55.79206],[59.19075,55.79229],[59.19054,55.7924],[59.19027,55.79243],[59.18988,55.79244],[59.18938,55.79251],[59.18871,55.79244],[59.18819,55.79307],[59.18792,55.79298],[59.18724,55.79322],[59.18698,55.79294],[59.18735,55.79259],[59.18646,55.79228],[59.185,55.79219],[59.18415,55.79234],[59.18374,55.79247],[59.18362,55.79263],[59.18378,55.793],[59.18362,55.79323],[59.18317,55.79346],[59.18243,55.79344],[59.18151,55.7938],[59.18065,55.7936],[59.18011,55.79357],[59.17961,55.79328],[59.17914,55.79328],[59.17912,55.79367],[59.17892,55.79378],[59.17844,55.7937],[59.17808,55.7929],[59.17729,55.79263],[59.17678,55.7921],[59.17628,55.79215],[59.17603,55.79242],[59.17583,55.79267],[59.17545,55.79281],[59.17396,55.79285],[59.17236,55.79267],[59.17175,55.79164],[59.17078,55.79176],[59.17054,55.79143],[59.16977,55.79104],[59.16952,55.7905],[59.16894,55.79029],[59.1677,55.79011],[59.16725,55.79069],[59.1668,55.79085],[59.16578,55.7904],[59.16481,55.79048],[59.16479,55.79076],[59.16508,55.79105],[59.16486,55.79118],[59.16423,55.79118],[59.16335,55.79171],[59.16281,55.7917],[59.16227,55.79123],[59.16121,55.79124],[59.16011,55.79151],[59.15927,55.79133],[59.15882,55.79152],[59.15833,55.79151],[59.15803,55.7913],[59.157,55.7906],[59.15587,55.79016],[59.15481,55.79049],[59.15454,55.79073],[59.15472,55.79096],[59.15517,55.79142],[59.15503,55.79176],[59.1546,55.79187],[59.1535,55.79128],[59.15321,55.79139],[59.15278,55.79142],[59.15269,55.79063],[59.15251,55.79039],[59.15201,55.79043],[59.15186,55.79087],[59.15163,55.79099],[59.15109,55.79107],[59.15055,55.791],[59.15064,55.79055],[59.15023,55.79029],[59.14848,55.79009],[59.14769,55.78974],[59.14694,55.78972],[59.1451,55.78978],[59.1439,55.79006],[59.14269,55.78977],[59.14212,55.78993],[59.14131,55.79035],[59.1403,55.79029],[59.13962,55.79006],[59.13971,55.78981],[59.14014,55.78963],[59.13921,55.78908],[59.13777,55.78871],[59.13741,55.78912],[59.13674,55.78918],[59.13572,55.78949],[59.13342,55.82002],[59.14299,55.8181],[59.15002,55.81874],[59.15108,55.81832],[59.15683,55.81853],[59.15928,55.818],[59.15981,55.81789],[59.16513,55.81938],[59.17216,55.81874],[59.1811,55.82002],[59.18472,55.81874],[59.1939,55.82016],[59.19238,55.82832],[59.19574,55.83066],[59.21442,55.84285],[59.22512,55.84976],[59.2244,55.85032],[59.22398,55.85058],[59.22353,55.85059],[59.22259,55.85029],[59.22196,55.85034],[59.22169,55.85058],[59.2215,55.85101],[59.22117,55.85122],[59.22054,55.85126],[59.22013,55.85138],[59.21926,55.85131],[59.2187,55.85131],[59.21834,55.8514],[59.21772,55.85161],[59.21733,55.85183],[59.21714,55.85199],[59.21698,55.85217],[59.21671,55.8523],[59.21657,55.85254],[59.21642,55.85267],[59.21626,55.85284],[59.21605,55.85309],[59.21568,55.8537],[59.21562,55.85397],[59.21528,55.85426],[59.21506,55.85455],[59.21491,55.85478],[59.21454,55.85507],[59.21426,55.85532],[59.21439,55.85558],[59.21435,55.85617],[59.21345,55.85697],[59.21331,55.85717],[59.21315,55.85754],[59.21299,55.85777],[59.21279,55.8583],[59.21311,55.85916],[59.21344,55.85948],[59.21337,55.85987],[59.21368,55.86026],[59.21392,55.86037],[59.21422,55.86055],[59.21438,55.86074],[59.21443,55.86095],[59.21454,55.86111],[59.21461,55.8612],[59.21468,55.86128],[59.21467,55.86132],[59.21459,55.86135],[59.21414,55.86145],[59.21407,55.86157],[59.2143,55.86177],[59.21447,55.86199],[59.21403,55.8622],[59.21402,55.86244],[59.21383,55.86256],[59.21347,55.86256],[59.21324,55.86261],[59.21306,55.86276],[59.21307,55.863],[59.2127,55.86316],[59.21262,55.8635],[59.21196,55.86407],[59.2117,55.86409],[59.21077,55.86423],[59.20956,55.86475],[59.20925,55.86481],[59.20817,55.86458],[59.20792,55.86457],[59.20775,55.86482],[59.2075,55.86508],[59.20756,55.86528],[59.20785,55.86588],[59.20776,55.86607],[59.2076,55.86635],[59.20758,55.86658],[59.2077,55.86669],[59.20821,55.86689],[59.20831,55.86717],[59.20827,55.86762],[59.20807,55.86792],[59.2075,55.86813],[59.20724,55.8683],[59.20731,55.86875],[59.20722,55.86902],[59.2073,55.86924],[59.20776,55.86943],[59.20795,55.86954],[59.20778,55.87001],[59.20718,55.87024],[59.20687,55.87039],[59.20668,55.87095],[59.20637,55.87116],[59.20621,55.87146],[59.2064,55.8718],[59.20623,55.87203],[59.20642,55.8722],[59.20676,55.87251],[59.2068,55.87314],[59.20702,55.87344],[59.20716,55.87368],[59.20719,55.87397],[59.20728,55.8749],[59.20679,55.87521],[59.20622,55.87524],[59.20545,55.87545],[59.20464,55.8758],[59.20451,55.87597],[59.20459,55.8764],[59.20431,55.8767],[59.20518,55.87766],[59.20527,55.87785],[59.20529,55.87807],[59.20529,55.87822],[59.20547,55.87834],[59.20584,55.87842],[59.20609,55.87872],[59.20622,55.879],[59.20667,55.87945],[59.20675,55.8796],[59.20689,55.88019],[59.20737,55.88056],[59.20748,55.88118],[59.2072,55.88155],[59.20719,55.88201],[59.20718,55.88256],[59.20642,55.88372],[59.206,55.88415],[59.20567,55.88455],[59.20538,55.88467],[59.20489,55.88456],[59.20484,55.88463],[59.20511,55.88504],[59.20489,55.88544],[59.20444,55.88542],[59.20434,55.88547],[59.20441,55.88563],[59.20457,55.88584],[59.20482,55.88624],[59.20517,55.88648],[59.2055,55.88664],[59.20593,55.88666],[59.20612,55.88653],[59.20601,55.88617],[59.20643,55.88625],[59.20729,55.88666],[59.20744,55.88685],[59.20754,55.88703],[59.20752,55.88728],[59.20713,55.88754],[59.20694,55.8877],[59.20694,55.88798],[59.2072,55.88816],[59.20763,55.8882],[59.20792,55.88855],[59.20797,55.88889],[59.20707,55.8894],[59.20685,55.88944],[59.20641,55.8894],[59.20636,55.88945],[59.20645,55.88959],[59.20658,55.88967],[59.20659,55.88975],[59.20647,55.88984],[59.20614,55.88997],[59.206,55.89011],[59.20598,55.89022],[59.20617,55.89045],[59.20648,55.89054],[59.20724,55.89066],[59.20757,55.89086],[59.20762,55.89095],[59.20731,55.89141],[59.2072,55.89157],[59.20724,55.8917],[59.20748,55.89179],[59.20772,55.89177],[59.2083,55.8914],[59.20858,55.89131],[59.2088,55.8913],[59.20905,55.89145],[59.20913,55.89164],[59.20881,55.89187],[59.20876,55.89202],[59.20892,55.89218],[59.20914,55.89235],[59.20928,55.89259],[59.20947,55.89304],[59.20972,55.8932],[59.21042,55.89339],[59.21087,55.89352],[59.21127,55.89381],[59.21197,55.89431],[59.21278,55.89455],[59.21333,55.89495],[59.21351,55.89502],[59.21376,55.89495],[59.21431,55.89474],[59.21459,55.89477],[59.2147,55.89485],[59.21474,55.895],[59.21475,55.89516],[59.21472,55.89526],[59.21468,55.89534],[59.21457,55.89546],[59.21454,55.89558],[59.21462,55.89565],[59.21472,55.89571],[59.2148,55.89571],[59.21518,55.89567],[59.21542,55.89569],[59.21575,55.89582],[59.21582,55.89595],[59.21581,55.89604],[59.21565,55.89628],[59.21563,55.89638],[59.21575,55.89648],[59.21587,55.8965],[59.2161,55.89647],[59.21627,55.89637],[59.21679,55.89606],[59.21696,55.89607],[59.21712,55.89613],[59.21719,55.89625],[59.21719,55.8963],[59.21693,55.89652],[59.21677,55.89663],[59.21679,55.8967],[59.21693,55.89677],[59.21717,55.89675],[59.2173,55.89666],[59.21761,55.89658],[59.21788,55.89659],[59.21809,55.89672],[59.21817,55.89674],[59.21836,55.89672],[59.21857,55.89666],[59.21868,55.89664],[59.21876,55.89669],[59.21887,55.89683],[59.21903,55.89694],[59.21926,55.89701],[59.21957,55.89711],[59.21981,55.89715],[59.22027,55.89717],[59.22061,55.89723],[59.22101,55.89737],[59.22107,55.89748],[59.221,55.89759],[59.2209,55.89771],[59.22089,55.89777],[59.22097,55.89786],[59.22112,55.89795],[59.22137,55.89804],[59.2215,55.89813],[59.22171,55.89822],[59.22187,55.89822],[59.22204,55.89825],[59.22251,55.89826],[59.22287,55.89837],[59.22321,55.89869],[59.22341,55.89877],[59.22369,55.8988],[59.22399,55.89879],[59.22425,55.89873],[59.22427,55.89843],[59.2244,55.89827],[59.22479,55.89831],[59.22505,55.89835],[59.22521,55.89826],[59.22533,55.89818],[59.22516,55.89803],[59.22427,55.89796],[59.22413,55.89786],[59.22427,55.8978],[59.22469,55.89774],[59.22494,55.89767],[59.22488,55.89731],[59.22521,55.89729],[59.22575,55.89757],[59.22589,55.89757],[59.22622,55.89763],[59.22667,55.89767],[59.22687,55.89783],[59.22688,55.898],[59.22698,55.89816],[59.22719,55.8983],[59.2273,55.8984],[59.22706,55.89851],[59.22646,55.89871],[59.22645,55.89885],[59.22661,55.89899],[59.22683,55.89902],[59.22721,55.89892],[59.22748,55.89896],[59.22811,55.89942],[59.22735,55.89974],[59.22735,55.89986],[59.22758,55.90004],[59.22806,55.90002],[59.22855,55.89984],[59.22891,55.89999],[59.22886,55.90019],[59.22878,55.90048],[59.22912,55.90064],[59.22966,55.90078],[59.23009,55.90105],[59.23041,55.90123],[59.23107,55.90143],[59.2313,55.90146],[59.23163,55.90173],[59.23158,55.90204],[59.23171,55.90216],[59.23216,55.90225],[59.23279,55.90235],[59.23299,55.90243],[59.23311,55.90257],[59.23294,55.90298],[59.23292,55.90308],[59.23294,55.90314],[59.23303,55.90322],[59.23327,55.90325],[59.23347,55.9033],[59.23376,55.90333],[59.23394,55.90331],[59.23418,55.90333],[59.23437,55.90335],[59.23444,55.90339],[59.2346,55.9037],[59.23465,55.90393],[59.23451,55.90411],[59.23436,55.90413],[59.23419,55.90401],[59.2338,55.90403],[59.23343,55.90406],[59.23339,55.90413],[59.23337,55.90421],[59.23353,55.90441],[59.23386,55.90464],[59.23397,55.90495],[59.23364,55.90506],[59.23369,55.90517],[59.23396,55.90538],[59.23416,55.90544],[59.23475,55.90554],[59.23471,55.90592],[59.23463,55.90597],[59.23402,55.90608],[59.23392,55.90644],[59.23372,55.90664],[59.23349,55.90682],[59.23351,55.90695],[59.23369,55.90697],[59.23411,55.90675],[59.23438,55.90682],[59.23454,55.90696],[59.2344,55.90718],[59.23398,55.9074],[59.23399,55.90753],[59.2342,55.90761],[59.2346,55.90766],[59.23507,55.90784],[59.2353,55.90797],[59.23551,55.90802],[59.23569,55.90821],[59.23553,55.90848],[59.23492,55.9087],[59.23459,55.90879],[59.23459,55.90891],[59.23479,55.90893],[59.23564,55.90904],[59.23598,55.90907],[59.23603,55.90936],[59.23597,55.90963],[59.23541,55.9099],[59.23543,55.91004],[59.23544,55.91011],[59.23572,55.91022],[59.23611,55.91048],[59.2363,55.91073],[59.23644,55.91111],[59.23678,55.91143],[59.237,55.91198],[59.23745,55.91253],[59.23766,55.91326],[59.23803,55.91347],[59.23825,55.9137],[59.23806,55.9138],[59.23774,55.91374],[59.23747,55.91359],[59.23727,55.91355],[59.23721,55.91365],[59.23737,55.91381],[59.23749,55.91408],[59.23735,55.91414],[59.23715,55.91425],[59.23729,55.91434],[59.2377,55.91428],[59.23788,55.91433],[59.23807,55.91447],[59.23822,55.9146],[59.23826,55.91492],[59.23772,55.91518],[59.2377,55.91532],[59.23801,55.91557],[59.23809,55.91582],[59.23839,55.91608],[59.23896,55.91616],[59.23954,55.91629],[59.23964,55.91664],[59.24027,55.91672],[59.24035,55.91697],[59.24,55.91712],[59.24,55.91727],[59.24021,55.91739],[59.24069,55.91749],[59.24111,55.91738],[59.24147,55.91739],[59.24167,55.91753],[59.24157,55.9177],[59.24139,55.91788],[59.24163,55.91799],[59.24232,55.91795],[59.24284,55.91808],[59.243,55.91827],[59.24298,55.91845],[59.24279,55.91865],[59.24256,55.91894],[59.24206,55.91902],[59.24191,55.91913],[59.24206,55.91929],[59.2426,55.91923],[59.24287,55.91933],[59.24291,55.91948],[59.24251,55.91957],[59.24252,55.91969],[59.24325,55.91972],[59.2435,55.91984],[59.24347,55.92014],[59.2432,55.92033],[59.2429,55.92039],[59.24258,55.92046],[59.24235,55.92056],[59.24232,55.92063],[59.24239,55.92069],[59.24357,55.9208],[59.24398,55.92093],[59.24402,55.92125],[59.24419,55.92138],[59.24439,55.92141],[59.24448,55.92144],[59.24454,55.92153],[59.24454,55.9216],[59.24451,55.92164],[59.24407,55.92175],[59.24387,55.92183],[59.24371,55.9219],[59.24367,55.92201],[59.24372,55.92206],[59.24382,55.92205],[59.24438,55.92198],[59.2446,55.922],[59.24471,55.92204],[59.24473,55.92215],[59.24442,55.9224],[59.24441,55.92246],[59.24459,55.92248],[59.24509,55.92238],[59.24528,55.92241],[59.24533,55.92256],[59.2451,55.92269],[59.24499,55.92282],[59.24486,55.9231],[59.24448,55.92338],[59.24464,55.9236],[59.24477,55.92376],[59.24503,55.92375],[59.24546,55.92349],[59.24574,55.92351],[59.24605,55.92365],[59.24598,55.92375],[59.24566,55.92399],[59.24567,55.92411],[59.24589,55.92427],[59.24624,55.9242],[59.24625,55.92387],[59.24667,55.92372],[59.24695,55.92374],[59.2472,55.92392],[59.24736,55.92414],[59.24758,55.92414],[59.24787,55.924],[59.2482,55.92395],[59.24855,55.92416],[59.24864,55.92449],[59.24834,55.92465],[59.24794,55.92473],[59.2471,55.92471],[59.24689,55.92475],[59.24696,55.92492],[59.24722,55.92528],[59.24717,55.92552],[59.24694,55.92577],[59.24697,55.92593],[59.24717,55.92607],[59.24737,55.92618],[59.24729,55.92634],[59.24676,55.92647],[59.24601,55.9263],[59.2459,55.92641],[59.24599,55.92663],[59.24632,55.92702],[59.24642,55.92718],[59.2463,55.92738],[59.24646,55.92755],[59.24679,55.92774],[59.2469,55.92789],[59.2465,55.92802],[59.24647,55.92812],[59.24722,55.9281],[59.24742,55.92824],[59.24743,55.92866],[59.24727,55.92923],[59.24694,55.92926],[59.24677,55.92887],[59.24662,55.92875],[59.24646,55.92881],[59.24647,55.92916],[59.24658,55.92939],[59.24688,55.92958],[59.24742,55.92959],[59.24755,55.9298],[59.2475,55.93004],[59.24726,55.93029],[59.24648,55.93056],[59.24637,55.93085],[59.24645,55.93141],[59.24637,55.9317],[59.24575,55.93198],[59.24548,55.93213],[59.24533,55.93238],[59.24532,55.93271],[59.24545,55.93275],[59.24605,55.93259],[59.24637,55.93264],[59.2464,55.93281],[59.24659,55.93289],[59.24749,55.93276],[59.24767,55.93295],[59.24721,55.9339],[59.2473,55.93409],[59.24757,55.93419],[59.24793,55.93434],[59.24794,55.93457],[59.24777,55.93476],[59.24758,55.93498],[59.24749,55.93533],[59.24772,55.93541],[59.24812,55.93526],[59.24844,55.93532],[59.24859,55.93548],[59.24878,55.93559],[59.24931,55.93575],[59.24956,55.93598],[59.24933,55.93614],[59.24864,55.9362],[59.24843,55.9363],[59.24862,55.93648],[59.24873,55.93671],[59.24847,55.93695],[59.24831,55.93712],[59.24841,55.93725],[59.24873,55.93729],[59.24893,55.93738],[59.24895,55.93756],[59.24867,55.9377],[59.24836,55.93791],[59.24826,55.93829],[59.24851,55.93834],[59.24865,55.93807],[59.24912,55.93798],[59.24938,55.93809],[59.24941,55.93837],[59.2494,55.93866],[59.24916,55.93889],[59.24915,55.9391],[59.24941,55.9393],[59.24975,55.93979],[59.24958,55.94],[59.24946,55.94048],[59.24947,55.9412],[59.24917,55.94152],[59.24934,55.94183],[59.24938,55.94206],[59.24907,55.94216],[59.24856,55.94189],[59.24836,55.94195],[59.24856,55.94224],[59.24906,55.94246],[59.2491,55.94262],[59.24883,55.9428],[59.24828,55.94269],[59.24764,55.94237],[59.24743,55.94231],[59.24726,55.94232],[59.24729,55.94264],[59.24762,55.94298],[59.24741,55.94313],[59.24717,55.94323],[59.24702,55.94332],[59.24708,55.94346],[59.24771,55.94355],[59.24835,55.94361],[59.24863,55.94388],[59.24856,55.94411],[59.2483,55.94428],[59.24739,55.94442],[59.24724,55.94453],[59.24724,55.94473],[59.24744,55.94487],[59.24827,55.94507],[59.24827,55.94531],[59.24803,55.94538],[59.24741,55.94536],[59.24736,55.94548],[59.24774,55.94548],[59.24801,55.9455],[59.24836,55.94571],[59.24842,55.94587],[59.24819,55.94599],[59.24767,55.94594],[59.24734,55.94595],[59.24721,55.94601],[59.24745,55.94611],[59.24839,55.94628],[59.24847,55.94668],[59.24828,55.94696],[59.24744,55.94722],[59.24734,55.94739],[59.24736,55.94762],[59.24794,55.94829],[59.24785,55.94843],[59.24744,55.94848],[59.2469,55.94834],[59.24668,55.94838],[59.24673,55.94856],[59.24674,55.94898],[59.24644,55.94918],[59.24647,55.94933],[59.24684,55.94949],[59.24703,55.94958],[59.24701,55.94971],[59.24681,55.94987],[59.24655,55.94995],[59.24579,55.94996],[59.24557,55.95009],[59.24557,55.95021],[59.24583,55.95039],[59.24622,55.95054],[59.24616,55.9507],[59.24588,55.95083],[59.24545,55.95084],[59.21621,55.95183],[59.22217,55.98227],[59.22196,55.98871],[59.21451,55.99978],[59.19258,56.02516],[59.24758,56.03122],[59.24133,56.03346],[59.24154,56.03602],[59.24707,56.03644],[59.25218,56.03261],[59.25921,56.03538],[59.27837,56.03517],[59.28007,56.03836],[59.27709,56.04177],[59.28177,56.04347],[59.28411,56.04262],[59.28326,56.03942],[59.28347,56.03559],[59.28645,56.03474],[59.29539,56.03964],[59.30199,56.04113],[59.30817,56.04629],[59.30731,56.05033],[59.30795,56.05374],[59.30029,56.05587],[59.30008,56.05864],[59.30774,56.05864],[59.31221,56.05778],[59.31647,56.06417],[59.31412,56.06758],[59.31583,56.06992],[59.32115,56.07013],[59.322,56.07465],[59.32541,56.07593],[59.32711,56.08083],[59.33435,56.08253],[59.33541,56.08593],[59.32668,56.08742],[59.32328,56.08636],[59.32157,56.08402],[59.31668,56.08317],[59.31434,56.08551],[59.31923,56.09195],[59.322,56.0962],[59.32306,56.10046],[59.32562,56.10217],[59.33115,56.10089],[59.33477,56.10217],[59.33051,56.10493],[59.32689,56.10685],[59.32796,56.11132],[59.33307,56.10988],[59.33881,56.1086],[59.34201,56.11031],[59.33988,56.11286],[59.332,56.11286],[59.32477,56.11478],[59.32328,56.11903],[59.31923,56.12563],[59.32093,56.12883],[59.32519,56.1301],[59.32604,56.13266],[59.32434,56.13479],[59.31838,56.13564],[59.31604,56.13755],[59.31689,56.14117],[59.31433,56.14394],[59.31625,56.14734],[59.32029,56.14798],[59.32306,56.14628],[59.32264,56.14202],[59.32625,56.13989],[59.33264,56.14117],[59.33264,56.14415],[59.33136,56.14585],[59.33243,56.14777],[59.33583,56.14969],[59.33264,56.15442],[59.33285,56.16123],[59.3291,56.15908],[59.33009,56.15634],[59.3254,56.15527],[59.31433,56.154],[59.30071,56.1557],[59.2956,56.15549],[59.29411,56.15357],[59.29305,56.15442],[59.28922,56.15336],[59.28113,56.1557],[59.27836,56.15932],[59.28283,56.14676],[59.27347,56.14309],[59.26516,56.14181],[59.26729,56.13862],[59.26602,56.13627],[59.26729,56.12904],[59.26091,56.12861],[59.25878,56.12755],[59.25665,56.1284],[59.2541,56.1284],[59.25197,56.12925],[59.23941,56.12946],[59.21983,56.13372],[59.20109,56.13649],[59.18917,56.13862],[59.18646,56.14192],[59.18385,56.13925],[59.18002,56.13755],[59.17938,56.13627],[59.17555,56.13606],[59.17619,56.13393],[59.17129,56.13287],[59.16725,56.13223],[59.16299,56.13031],[59.15384,56.13776],[59.15277,56.14564],[59.13128,56.14755],[59.10616,56.14819],[59.097,56.14904],[59.07849,56.15735],[59.06167,56.16549],[59.04443,56.16549],[59.04205,56.16836],[59.04078,56.16854],[59.04097,56.17143],[59.03621,56.17208],[59.03005,56.17331],[59.01886,56.19785]]]]}},{"type":"Feature","properties":{"osm_id":-398397,"name":"Магнитогорский городской округ","admin_level":6},"geometry":{"type":"MultiPolygon","coordinates":[[[[58.89744,53.46562],[58.96346,53.46822],[58.97813,53.47474],[58.9705,53.48117],[58.98107,53.48496],[58.97502,53.49241],[58.96999,53.49895],[58.96924,53.49743],[58.92488,53.49062],[58.91653,53.51183],[58.91696,53.51547],[58.92665,53.52461],[58.93977,53.53751],[58.94648,53.54411],[58.95253,53.54459],[58.95737,53.5428],[58.97122,53.53164],[58.97468,53.53241],[58.98038,53.52699],[58.9832,53.52379],[58.98803,53.51983],[58.98448,53.51905],[58.98819,53.51357],[58.98966,53.51445],[58.99065,53.5144],[58.99142,53.5142],[58.992,53.51381],[58.99225,53.51356],[58.99243,53.5128],[58.99286,53.51258],[58.99523,53.51246],[58.99672,53.51261],[58.99714,53.51238],[58.99728,53.51208],[58.99726,53.51173],[58.99699,53.51137],[58.99766,53.5107],[58.99767,53.51024],[58.99802,53.50995],[58.99868,53.51011],[59.00003,53.51128],[59.00109,53.51163],[59.0014,53.51215],[59.00345,53.51298],[59.00442,53.51295],[59.00631,53.51247],[59.00706,53.51198],[59.00808,53.5108],[59.00881,53.51042],[59.00912,53.51095],[59.01022,53.51187],[59.01039,53.51235],[59.01035,53.51359],[59.01087,53.51365],[59.01137,53.51416],[59.01186,53.51437],[59.01269,53.51415],[59.01343,53.51373],[59.01403,53.51297],[59.01471,53.51277],[59.01675,53.51265],[59.0135,53.52277],[59.02214,53.52778],[59.04024,53.53473],[59.04515,53.5403],[59.05694,53.54246],[59.0611,53.5478],[59.06306,53.55115],[59.06451,53.55072],[59.06135,53.54334],[59.0611,53.53501],[59.06154,53.53167],[59.06692,53.52993],[59.06684,53.51868],[59.0566,53.51155],[59.05556,53.51106],[59.03445,53.50331],[59.02329,53.50314],[59.02243,53.50158],[59.05457,53.49467],[59.10109,53.48407],[59.10414,53.48412],[59.11015,53.48338],[59.11354,53.48174],[59.12284,53.47932],[59.13244,53.47702],[59.16072,53.47065],[59.16714,53.46886],[59.18508,53.46425],[59.18599,53.45097],[59.20405,53.45287],[59.19822,53.44641],[59.19542,53.44709],[59.18708,53.44169],[59.18185,53.43718],[59.18827,53.43472],[59.19521,53.43162],[59.19748,53.42919],[59.20166,53.42758],[59.20283,53.4261],[59.20422,53.42532],[59.20544,53.42512],[59.20695,53.42452],[59.20863,53.4242],[59.21399,53.42384],[59.21557,53.42486],[59.21769,53.42553],[59.21839,53.42807],[59.21966,53.42768],[59.21892,53.42636],[59.21892,53.42404],[59.21732,53.42375],[59.21633,53.42329],[59.2155,53.42266],[59.20935,53.41428],[59.20906,53.41339],[59.20911,53.41237],[59.21003,53.41201],[59.21129,53.41178],[59.21012,53.41006],[59.20858,53.40992],[59.208,53.40955],[59.20764,53.40822],[59.20773,53.40748],[59.20882,53.40666],[59.20738,53.40604],[59.20677,53.40548],[59.20592,53.4019],[59.20476,53.39521],[59.20519,53.39187],[59.20568,53.38428],[59.20613,53.38323],[59.20712,53.38282],[59.20879,53.38267],[59.21831,53.39138],[59.22011,53.3924],[59.22401,53.39394],[59.22666,53.39442],[59.22748,53.39153],[59.22632,53.38942],[59.22678,53.3855],[59.2291,53.38494],[59.23305,53.38267],[59.23083,53.38203],[59.22881,53.3798],[59.22741,53.37871],[59.22752,53.37769],[59.22824,53.37604],[59.22792,53.37439],[59.22363,53.37327],[59.22607,53.36955],[59.2186,53.36912],[59.21583,53.3657],[59.21202,53.36577],[59.2023,53.36655],[59.20141,53.36591],[59.20181,53.36466],[59.20172,53.36411],[59.20133,53.36359],[59.20143,53.36273],[59.20042,53.36158],[59.19877,53.3607],[59.19866,53.3602],[59.19755,53.35923],[59.19749,53.35811],[59.19676,53.35698],[59.19666,53.35614],[59.1959,53.35531],[59.19642,53.35466],[59.19581,53.35392],[59.19548,53.35379],[59.19225,53.35406],[59.19212,53.35386],[59.19215,53.35296],[59.19193,53.35227],[59.18599,53.35551],[59.17915,53.35994],[59.16262,53.35665],[59.16092,53.35417],[59.16407,53.34993],[59.16653,53.34916],[59.15829,53.33929],[59.151,53.33962],[59.14636,53.33964],[59.14636,53.33747],[59.14573,53.32846],[59.14671,53.32507],[59.14644,53.32288],[59.13448,53.32568],[59.12428,53.33362],[59.10101,53.33766],[59.08975,53.32948],[59.0866,53.32392],[59.08432,53.32237],[59.0978,53.31714],[59.10723,53.31251],[59.10506,53.30889],[59.10332,53.30808],[59.10152,53.3063],[59.1005,53.30696],[59.09957,53.30789],[59.09925,53.30798],[59.09227,53.3085],[59.09032,53.30846],[59.09037,53.30966],[59.09012,53.31015],[59.09031,53.31002],[59.09039,53.31014],[59.09017,53.31042],[59.08967,53.31045],[59.08962,53.31081],[59.08914,53.31119],[59.08937,53.31122],[59.08765,53.31181],[59.08738,53.3123],[59.08681,53.3127],[59.08606,53.31275],[59.08459,53.31254],[59.08418,53.31276],[59.08408,53.31266],[59.08425,53.31261],[59.08316,53.31237],[59.08293,53.31227],[59.083,53.31219],[59.0817,53.31265],[59.07968,53.31264],[59.07679,53.31232],[59.07684,53.31197],[59.07949,53.30808],[59.01282,53.30568],[59.00889,53.3044],[59.00614,53.30555],[59.0018,53.30489],[58.99568,53.30429],[58.99527,53.29987],[58.96676,53.30035],[58.9674,53.30776],[58.96842,53.31688],[58.96784,53.3212],[58.94732,53.32034],[58.94134,53.32646],[58.92959,53.32661],[58.92962,53.32063],[58.92781,53.31964],[58.92873,53.31412],[58.91934,53.31426],[58.89932,53.31479],[58.89893,53.33298],[58.89914,53.36778],[58.89829,53.40679],[58.89801,53.42592],[58.89744,53.46562]]]]}},{"type":"Feature","properties":{"osm_id":-398391,"name":"Кусинский район","admin_level":6},"geometry":{"type":"MultiPolygon","coordinates":[[[[59.08022,55.31773],[59.08064,55.32284],[59.08639,55.32582],[59.09491,55.32369],[59.09853,55.3222],[59.10449,55.32241],[59.10172,55.32901],[59.10129,55.33284],[59.11875,55.33859],[59.12471,55.34263],[59.12896,55.34242],[59.13578,55.3388],[59.15004,55.3388],[59.1626,55.33327],[59.17537,55.33263],[59.17813,55.33454],[59.17686,55.33625],[59.17217,55.33745],[59.17111,55.33752],[59.16664,55.34029],[59.16004,55.34242],[59.16289,55.34634],[59.17686,55.36355],[59.18133,55.37376],[59.18345,55.37972],[59.18298,55.38417],[59.18431,55.38696],[59.17707,55.3885],[59.17536,55.39212],[59.16206,55.40087],[59.14429,55.41256],[59.14727,55.42043],[59.15003,55.42575],[59.17026,55.42384],[59.17111,55.43155],[59.17302,55.43986],[59.18303,55.44198],[59.18303,55.44582],[59.18515,55.44927],[59.18494,55.4563],[59.18664,55.45907],[59.18515,55.46247],[59.17983,55.46396],[59.18324,55.46843],[59.19473,55.46864],[59.20069,55.46545],[59.23901,55.46503],[59.25987,55.46567],[59.26561,55.46247],[59.27626,55.46439],[59.28137,55.46396],[59.33905,55.47759],[59.34714,55.47977],[59.34969,55.48403],[59.36161,55.48403],[59.36459,55.48168],[59.3729,55.47807],[59.37247,55.48509],[59.38609,55.48594],[59.38205,55.48722],[59.37353,55.48828],[59.37524,55.49105],[59.37204,55.49339],[59.37481,55.49446],[59.37481,55.49658],[59.37822,55.49701],[59.38034,55.49807],[59.3895,55.4968],[59.39397,55.4968],[59.40461,55.49446],[59.4176,55.49403],[59.43369,55.49399],[59.4359,55.48999],[59.43377,55.48956],[59.43356,55.48743],[59.43143,55.48658],[59.4342,55.48445],[59.43122,55.48041],[59.43101,55.477],[59.46407,55.47362],[59.46421,55.47722],[59.4686,55.47983],[59.47315,55.48254],[59.47251,55.48573],[59.47422,55.48999],[59.48103,55.49084],[59.48379,55.49957],[59.4921,55.5034],[59.49417,55.50243],[59.49511,55.502],[59.49806,55.50063],[59.50934,55.5051],[59.517,55.50936],[59.55531,55.51106],[59.57107,55.51383],[59.57894,55.5166],[59.58405,55.52857],[59.58618,55.53602],[59.58511,55.53793],[59.58724,55.54432],[59.59384,55.54922],[59.60065,55.54709],[59.61683,55.5539],[59.61683,55.55794],[59.6428,55.55757],[59.65493,55.59189],[59.65089,55.59764],[59.64769,55.59934],[59.66911,55.60649],[59.66944,55.60661],[59.66961,55.60676],[59.66948,55.60762],[59.67033,55.6074],[59.67074,55.60762],[59.67089,55.60812],[59.67141,55.6085],[59.67153,55.60942],[59.67262,55.60991],[59.67255,55.61048],[59.67316,55.61061],[59.67364,55.61093],[59.675,55.61101],[59.67588,55.61074],[59.6764,55.61087],[59.67659,55.61113],[59.67654,55.61154],[59.67685,55.6117],[59.67657,55.61207],[59.67672,55.61223],[59.67725,55.61219],[59.67759,55.61192],[59.67831,55.61202],[59.67885,55.61181],[59.68042,55.61181],[59.68106,55.61202],[59.68176,55.61195],[59.68243,55.61212],[59.68476,55.61226],[59.68587,55.61285],[59.68761,55.61325],[59.68813,55.61397],[59.68909,55.61433],[59.68935,55.61461],[59.68957,55.61585],[59.68924,55.61606],[59.68972,55.61719],[59.69006,55.61742],[59.6906,55.61749],[59.69087,55.61785],[59.69192,55.61802],[59.69229,55.6183],[59.69243,55.61871],[59.69325,55.619],[59.69324,55.6195],[59.69364,55.61998],[59.69334,55.62025],[59.69351,55.62026],[59.69322,55.621],[59.69356,55.62131],[59.6942,55.62245],[59.69487,55.62295],[59.69582,55.62346],[59.7041,55.6243],[59.70798,55.62602],[59.71906,55.63159],[59.72678,55.63238],[59.74302,55.62828],[59.76271,55.63223],[59.77029,55.63355],[59.80832,55.62037],[59.81054,55.6175],[59.81709,55.60977],[59.81881,55.6072],[59.82027,55.60542],[59.84813,55.59026],[59.85279,55.58758],[59.87368,55.58654],[59.87976,55.58907],[59.91676,55.60145],[59.92036,55.60189],[59.95467,55.59135],[59.97594,55.58457],[59.97663,55.58487],[59.97682,55.58506],[59.97661,55.58527],[59.97675,55.58548],[59.97721,55.58581],[59.9776,55.58558],[59.97824,55.58603],[59.97827,55.58619],[60.02645,55.58045],[60.02078,55.56579],[60.02004,55.56064],[60.0169,55.55507],[60.01584,55.55162],[59.98266,55.45889],[59.98962,55.45402],[59.97975,55.42074],[59.94679,55.42414],[59.94083,55.40483],[59.9076,55.40815],[59.89372,55.36178],[59.89204,55.35683],[59.89057,55.35138],[59.85861,55.35391],[59.85347,55.33566],[59.81628,55.33945],[59.80911,55.31749],[59.81186,55.31728],[59.80639,55.29983],[59.75176,55.30831],[59.74251,55.301],[59.73127,55.29267],[59.7175,55.28627],[59.71471,55.28194],[59.70753,55.27824],[59.69876,55.27062],[59.66074,55.27444],[59.6526,55.27711],[59.64461,55.27994],[59.61054,55.2831],[59.5849,55.28524],[59.56769,55.2858],[59.56251,55.28537],[59.5605,55.28553],[59.57026,55.27034],[59.57016,55.26997],[59.56525,55.26561],[59.56453,55.26482],[59.56414,55.2635],[59.56457,55.2615],[59.5645,55.2606],[59.56398,55.25964],[59.56178,55.25694],[59.56213,55.25684],[59.56561,55.24803],[59.56217,55.24389],[59.55367,55.24181],[59.55479,55.23894],[59.54936,55.23183],[59.54174,55.22279],[59.53376,55.21599],[59.52668,55.21598],[59.52638,55.2155],[59.52726,55.21155],[59.5251,55.21034],[59.52376,55.20982],[59.52276,55.21085],[59.5216,55.21103],[59.52008,55.21085],[59.51227,55.20924],[59.51114,55.20938],[59.50959,55.21011],[59.50604,55.21128],[59.50472,55.21211],[59.50172,55.21274],[59.50111,55.21343],[59.49996,55.21427],[59.49472,55.21685],[59.49349,55.21788],[59.49156,55.21846],[59.49008,55.21852],[59.48855,55.21794],[59.48634,55.21649],[59.48514,55.21594],[59.48417,55.21582],[59.48313,55.21602],[59.48148,55.21726],[59.48069,55.21757],[59.47878,55.21756],[59.47797,55.21722],[59.477,55.21613],[59.47711,55.21573],[59.47777,55.21475],[59.47758,55.2144],[59.47597,55.2136],[59.47359,55.21075],[59.43849,55.21249],[59.4392,55.21045],[59.43914,55.20893],[59.43833,55.20748],[59.43688,55.20615],[59.43596,55.20637],[59.43671,55.20719],[59.4353,55.20753],[59.43618,55.20848],[59.43658,55.20955],[59.43655,55.21027],[59.4358,55.21256],[59.42647,55.21255],[59.42814,55.21314],[59.43278,55.21379],[59.43307,55.21413],[59.43208,55.21607],[59.43197,55.21691],[59.43117,55.21775],[59.42851,55.21969],[59.42553,55.22135],[59.41965,55.2221],[59.41564,55.22312],[59.38161,55.22436],[59.38109,55.22098],[59.32325,55.22164],[59.32564,55.23435],[59.31581,55.23427],[59.316,55.23639],[59.31782,55.23784],[59.31933,55.23864],[59.31882,55.23908],[59.31757,55.24232],[59.31735,55.24289],[59.30871,55.24601],[59.30961,55.25265],[59.25076,55.25841],[59.17507,55.26515],[59.15504,55.26652],[59.14858,55.26712],[59.14972,55.26781],[59.15108,55.26928],[59.15146,55.27033],[59.15147,55.27058],[59.14924,55.27172],[59.14791,55.27255],[59.14712,55.27338],[59.14521,55.27439],[59.1435,55.27651],[59.14302,55.27779],[59.14089,55.27986],[59.13864,55.28087],[59.13636,55.28159],[59.13569,55.28139],[59.13456,55.28191],[59.13388,55.28235],[59.13339,55.28292],[59.13274,55.28423],[59.13245,55.28535],[59.13214,55.28637],[59.13182,55.28693],[59.13113,55.28745],[59.13038,55.28789],[59.12821,55.28875],[59.12717,55.28933],[59.12673,55.28981],[59.12671,55.2904],[59.12715,55.29102],[59.12714,55.29135],[59.12651,55.29159],[59.12228,55.29218],[59.12082,55.29294],[59.11901,55.29353],[59.11789,55.29368],[59.11537,55.29359],[59.11365,55.2935],[59.11177,55.29338],[59.10993,55.29373],[59.10912,55.29405],[59.10865,55.29434],[59.108,55.29513],[59.10751,55.2963],[59.10755,55.29657],[59.11168,55.30339],[59.11305,55.30456],[59.09278,55.31283],[59.08022,55.31773]]]]}},{"type":"Feature","properties":{"osm_id":-398410,"name":"Златоустовский городской округ","admin_level":6},"geometry":{"type":"MultiPolygon","coordinates":[[[[59.0818,54.64691],[59.10344,54.66393],[59.10605,54.66603],[59.10826,54.66819],[59.11098,54.67052],[59.11328,54.6731],[59.11589,54.67537],[59.1187,54.67837],[59.12161,54.68088],[59.1297,54.69116],[59.1318,54.69326],[59.13797,54.69734],[59.14226,54.69821],[59.14592,54.6999],[59.14895,54.70135],[59.15546,54.70472],[59.15981,54.70754],[59.1681,54.71366],[59.17235,54.71648],[59.17657,54.72085],[59.17999,54.72541],[59.18124,54.72819],[59.18411,54.73263],[59.18706,54.7367],[59.18823,54.73998],[59.19235,54.74762],[59.19386,54.75005],[59.19478,54.7532],[59.20869,54.75614],[59.2131,54.75779],[59.21809,54.75858],[59.22404,54.761],[59.22788,54.76235],[59.23346,54.76733],[59.23563,54.76977],[59.23846,54.77221],[59.24162,54.77456],[59.24638,54.77935],[59.24931,54.78112],[59.25205,54.78418],[59.25349,54.78633],[59.25506,54.79029],[59.2578,54.79335],[59.261,54.79802],[59.26375,54.8008],[59.26648,54.80429],[59.26823,54.80772],[59.27047,54.8112],[59.26746,54.81389],[59.27038,54.81619],[59.27247,54.81873],[59.27209,54.82129],[59.2713,54.82423],[59.26911,54.82693],[59.27196,54.8289],[59.27579,54.83087],[59.27912,54.83331],[59.2837,54.83491],[59.28713,54.83674],[59.29218,54.83971],[59.29651,54.84178],[59.30058,54.84447],[59.3062,54.84759],[59.31093,54.8508],[59.31419,54.85244],[59.31631,54.85378],[59.32151,54.85818],[59.32493,54.86053],[59.32356,54.86333],[59.32161,54.8666],[59.32166,54.86893],[59.32311,54.87088],[59.32438,54.87365],[59.32606,54.87632],[59.32724,54.87975],[59.3291,54.88218],[59.33013,54.88476],[59.32909,54.88737],[59.32667,54.88949],[59.32373,54.89737],[59.32294,54.90055],[59.32116,54.90477],[59.32082,54.90881],[59.32198,54.91304],[59.32193,54.91628],[59.32237,54.91946],[59.32306,54.92256],[59.32333,54.92589],[59.32424,54.9272],[59.32518,54.92932],[59.32617,54.93379],[59.3262,54.93698],[59.32744,54.94678],[59.32801,54.95244],[59.32869,54.95601],[59.33047,54.96296],[59.33116,54.96638],[59.33136,54.96933],[59.33245,54.97352],[59.33271,54.97761],[59.33348,54.98104],[59.33375,54.98432],[59.33446,54.9867],[59.33507,54.98979],[59.33625,54.9944],[59.33765,54.99893],[59.33787,55.00076],[59.33749,55.00283],[59.33669,55.00454],[59.33521,55.00568],[59.33281,55.00647],[59.31667,55.00775],[59.31721,55.01764],[59.31704,55.02712],[59.31746,55.04408],[59.31814,55.04769],[59.31302,55.04771],[59.30779,55.04797],[59.29439,55.04911],[59.28913,55.04938],[59.26422,55.04981],[59.25727,55.05014],[59.25303,55.05097],[59.25339,55.05354],[59.2536,55.06025],[59.25438,55.06287],[59.25433,55.07038],[59.25602,55.08194],[59.25662,55.08489],[59.25773,55.08751],[59.25823,55.08847],[59.26307,55.09122],[59.26671,55.09393],[59.26796,55.09504],[59.2689,55.09584],[59.27077,55.09728],[59.27242,55.09821],[59.27385,55.09897],[59.27629,55.09991],[59.27737,55.10025],[59.27819,55.1005],[59.28037,55.10105],[59.2804,55.103],[59.27995,55.10514],[59.28042,55.1069],[59.2796,55.11127],[59.27848,55.11326],[59.27416,55.1139],[59.25116,55.11576],[59.24435,55.11672],[59.21728,55.11869],[59.20233,55.12044],[59.2021,55.12343],[59.20329,55.13029],[59.20704,55.14745],[59.21206,55.1681],[59.21358,55.17172],[59.21446,55.17188],[59.2199,55.17205],[59.22419,55.17262],[59.22789,55.1735],[59.22976,55.17415],[59.23375,55.17604],[59.23476,55.17637],[59.23601,55.17662],[59.24075,55.17701],[59.24391,55.17767],[59.24531,55.17827],[59.24758,55.17847],[59.25066,55.17819],[59.25273,55.17831],[59.2551,55.17872],[59.25661,55.17926],[59.26202,55.18295],[59.2647,55.18376],[59.2634,55.18599],[59.26204,55.1877],[59.26049,55.19025],[59.25811,55.19319],[59.25554,55.19773],[59.25416,55.20063],[59.2522,55.20309],[59.25196,55.2059],[59.25298,55.20646],[59.2539,55.20722],[59.2554,55.20863],[59.2561,55.20985],[59.25819,55.21172],[59.26397,55.214],[59.28749,55.22399],[59.2876,55.22404],[59.28939,55.22507],[59.29011,55.22555],[59.29224,55.22636],[59.29551,55.22692],[59.2994,55.2272],[59.30416,55.22826],[59.30725,55.22997],[59.30985,55.23328],[59.31067,55.2337],[59.31155,55.23427],[59.31467,55.23562],[59.316,55.23639],[59.31581,55.23427],[59.32564,55.23435],[59.32325,55.22164],[59.38109,55.22098],[59.38161,55.22436],[59.41564,55.22312],[59.41965,55.2221],[59.42553,55.22135],[59.42851,55.21969],[59.43117,55.21775],[59.43197,55.21691],[59.43208,55.21607],[59.43307,55.21413],[59.43278,55.21379],[59.42814,55.21314],[59.42647,55.21255],[59.4358,55.21256],[59.43655,55.21027],[59.43658,55.20955],[59.43618,55.20848],[59.4353,55.20753],[59.43671,55.20719],[59.43596,55.20637],[59.43688,55.20615],[59.43833,55.20748],[59.43914,55.20893],[59.4392,55.21045],[59.43849,55.21249],[59.47359,55.21075],[59.47597,55.2136],[59.47758,55.2144],[59.47777,55.21475],[59.47711,55.21573],[59.477,55.21613],[59.47797,55.21722],[59.47878,55.21756],[59.48069,55.21757],[59.48148,55.21726],[59.48313,55.21602],[59.48417,55.21582],[59.48514,55.21594],[59.48634,55.21649],[59.48855,55.21794],[59.49008,55.21852],[59.49156,55.21846],[59.49349,55.21788],[59.49472,55.21685],[59.49996,55.21427],[59.50111,55.21343],[59.50172,55.21274],[59.50472,55.21211],[59.50604,55.21128],[59.50959,55.21011],[59.51114,55.20938],[59.51227,55.20924],[59.52008,55.21085],[59.5216,55.21103],[59.52276,55.21085],[59.52376,55.20982],[59.5251,55.21034],[59.52726,55.21155],[59.52638,55.2155],[59.52668,55.21598],[59.53376,55.21599],[59.54174,55.22279],[59.54936,55.23183],[59.55479,55.23894],[59.55367,55.24181],[59.56217,55.24389],[59.56561,55.24803],[59.56213,55.25684],[59.56178,55.25694],[59.56398,55.25964],[59.5645,55.2606],[59.56457,55.2615],[59.56414,55.2635],[59.56453,55.26482],[59.56525,55.26561],[59.57016,55.26997],[59.57026,55.27034],[59.5605,55.28553],[59.56251,55.28537],[59.56769,55.2858],[59.5849,55.28524],[59.61054,55.2831],[59.64461,55.27994],[59.6526,55.27711],[59.66074,55.27444],[59.69876,55.27062],[59.70753,55.27824],[59.71471,55.28194],[59.7175,55.28627],[59.73127,55.29267],[59.74251,55.301],[59.75176,55.30831],[59.80639,55.29983],[59.81186,55.31728],[59.80911,55.31749],[59.81628,55.33945],[59.85347,55.33566],[59.85861,55.35391],[59.89057,55.35138],[59.89204,55.35683],[59.89372,55.36178],[59.9076,55.40815],[59.94083,55.40483],[59.94679,55.42414],[59.97975,55.42074],[59.98962,55.45402],[59.99925,55.44667],[60.01365,55.44832],[60.02182,55.44632],[60.02436,55.44367],[60.02667,55.44203],[60.02777,55.44091],[60.03084,55.43985],[60.0318,55.43828],[60.03398,55.43672],[60.03584,55.4362],[60.03715,55.43556],[60.03882,55.43515],[60.04086,55.43397],[60.0422,55.43243],[60.04435,55.43143],[60.04692,55.43161],[60.05077,55.43043],[60.04743,55.4194],[60.04452,55.41413],[60.02263,55.39498],[60.02133,55.39188],[60.02202,55.38763],[60.01814,55.38557],[60.01404,55.37975],[60.01748,55.37348],[60.017,55.37039],[59.97159,55.33731],[59.95973,55.33019],[59.9599,55.32684],[59.95929,55.32496],[59.96907,55.30789],[59.96872,55.30296],[59.96807,55.30064],[59.96465,55.29289],[59.96243,55.28712],[59.95826,55.28454],[59.95624,55.27903],[59.95027,55.27671],[59.93515,55.27132],[59.9297,55.26611],[59.92837,55.26251],[59.92439,55.26076],[59.91544,55.24909],[59.91457,55.24717],[59.91405,55.24592],[59.91389,55.24467],[59.91262,55.23973],[59.91236,55.23819],[59.91103,55.23382],[59.90797,55.22231],[59.89104,55.21063],[59.88674,55.20396],[59.88742,55.19681],[59.86407,55.17785],[59.84873,55.1656],[59.84005,55.15868],[59.83239,55.15243],[59.80293,55.13024],[59.79613,55.12936],[59.793,55.12414],[59.7919,55.12262],[59.79082,55.11848],[59.79014,55.11725],[59.78781,55.11696],[59.78631,55.11488],[59.78553,55.10822],[59.78685,55.09425],[59.78781,55.07697],[59.76433,55.05888],[59.7587,55.05472],[59.75191,55.0447],[59.74883,55.04288],[59.7471,55.03937],[59.7436,55.03606],[59.73902,55.03322],[59.73693,55.03322],[59.72658,55.0243],[59.71886,55.01047],[59.71723,55.00469],[59.70976,54.99931],[59.70436,54.99334],[59.6913,54.98386],[59.67983,54.97578],[59.66744,54.96827],[59.66862,54.96626],[59.66411,54.96214],[59.64404,54.94244],[59.62679,54.9262],[59.62431,54.92441],[59.61798,54.90611],[59.61877,54.90175],[59.61345,54.88707],[59.60089,54.86701],[59.58067,54.85807],[59.56662,54.85226],[59.55108,54.84907],[59.53682,54.84141],[59.53618,54.82944],[59.52533,54.81879],[59.52001,54.79559],[59.52277,54.77979],[59.49893,54.76914],[59.49595,54.76595],[59.48659,54.76254],[59.44572,54.73695],[59.44146,54.72072],[59.38101,54.70262],[59.35973,54.69384],[59.33503,54.68128],[59.30502,54.66633],[59.28884,54.65824],[59.29034,54.64563],[59.29161,54.64286],[59.29161,54.63669],[59.2633,54.61689],[59.26628,54.61152],[59.24478,54.61961],[59.23521,54.62301],[59.21647,54.62472],[59.21222,54.62535],[59.19604,54.6245],[59.16347,54.63046],[59.15006,54.62812],[59.12218,54.63514],[59.09493,54.64089],[59.08854,54.64222],[59.08642,54.64605],[59.0818,54.64691]]]]}},{"type":"Feature","properties":{"osm_id":-398392,"name":"Нагайбакский район","admin_level":6},"geometry":{"type":"MultiPolygon","coordinates":[[[[59.33474,53.5139],[59.34687,53.53511],[59.35077,53.54277],[59.36204,53.56326],[59.36244,53.56428],[59.36287,53.56448],[59.37094,53.57894],[59.37029,53.5791],[59.36994,53.57943],[59.36956,53.58066],[59.36929,53.58102],[59.36953,53.58197],[59.36906,53.58222],[59.36947,53.58281],[59.37076,53.58396],[59.37131,53.58481],[59.37158,53.5859],[59.37132,53.58726],[59.37152,53.58768],[59.37202,53.58847],[59.37242,53.58881],[59.3737,53.58913],[59.37433,53.58946],[59.37579,53.59181],[59.37814,53.59224],[59.37919,53.59291],[59.37915,53.59374],[59.37928,53.59415],[59.38015,53.59526],[59.38026,53.59575],[59.38007,53.59593],[59.3805,53.59618],[59.37611,53.59795],[59.38869,53.61187],[59.39364,53.61712],[59.41893,53.60916],[59.42073,53.61064],[59.42797,53.61765],[59.43218,53.62144],[59.44353,53.63254],[59.45367,53.6439],[59.45798,53.64898],[59.46108,53.65309],[59.46315,53.65535],[59.44329,53.66149],[59.42572,53.66668],[59.41882,53.6585],[59.41067,53.66122],[59.40439,53.65327],[59.39131,53.65719],[59.38893,53.65763],[59.38627,53.6591],[59.37609,53.6614],[59.34483,53.67057],[59.34731,53.67318],[59.3536,53.68097],[59.35695,53.68461],[59.36241,53.69165],[59.37182,53.70291],[59.37858,53.71067],[59.36489,53.71465],[59.37857,53.73085],[59.38634,53.73969],[59.39942,53.75527],[59.40193,53.75801],[59.4055,53.76286],[59.41016,53.76795],[59.41781,53.77688],[59.43302,53.79524],[59.44531,53.78987],[59.4517,53.79689],[59.45547,53.80187],[59.46042,53.8077],[59.46159,53.80769],[59.46171,53.81188],[59.45947,53.81795],[59.45308,53.83384],[59.47915,53.85036],[59.49696,53.86136],[59.49699,53.86166],[59.4967,53.86217],[59.4951,53.86319],[59.49462,53.8638],[59.49459,53.86439],[59.49588,53.86553],[59.49577,53.86625],[59.49448,53.86726],[59.49244,53.86928],[59.49202,53.86938],[59.49137,53.8692],[59.491,53.86949],[59.4902,53.86962],[59.4896,53.86996],[59.48818,53.87073],[59.48732,53.87074],[59.48687,53.87136],[59.48712,53.87224],[59.4869,53.87257],[59.48618,53.87254],[59.48554,53.87273],[59.4845,53.8726],[59.48399,53.87274],[59.48259,53.87368],[59.48203,53.87355],[59.48181,53.87373],[59.48149,53.87419],[59.48141,53.87464],[59.48102,53.87483],[59.48085,53.87532],[59.4814,53.87552],[59.48109,53.87644],[59.48166,53.87698],[59.48131,53.87756],[59.48141,53.87788],[59.48191,53.87805],[59.48266,53.87803],[59.48336,53.87832],[59.48415,53.87823],[59.48431,53.87837],[59.48436,53.87879],[59.48468,53.87906],[59.4834,53.87927],[59.48292,53.87964],[59.48285,53.87991],[59.4815,53.88033],[59.48096,53.88128],[59.4811,53.88169],[59.48102,53.88213],[59.48122,53.8825],[59.4811,53.88317],[59.47989,53.88353],[59.47971,53.88367],[59.47968,53.88406],[59.49858,53.88785],[59.49885,53.89142],[59.50043,53.90129],[59.49757,53.90722],[59.53259,53.91367],[59.54728,53.9156],[59.55786,53.91726],[59.57901,53.92004],[59.57896,53.91956],[59.57927,53.91884],[59.58032,53.91848],[59.58074,53.91814],[59.58001,53.91741],[59.58046,53.91688],[59.57997,53.91653],[59.57986,53.91627],[59.58038,53.91519],[59.58028,53.91443],[59.57989,53.91372],[59.5802,53.91189],[59.58093,53.91064],[59.58214,53.90952],[59.58228,53.90901],[59.58227,53.90863],[59.58168,53.9077],[59.58152,53.90695],[59.58171,53.9066],[59.58448,53.90446],[59.58463,53.90417],[59.58463,53.90313],[59.58481,53.90254],[59.58418,53.89953],[59.5844,53.89926],[59.58444,53.89879],[59.58485,53.89829],[59.58427,53.8966],[59.58486,53.89583],[59.58415,53.89443],[59.58419,53.89395],[59.58483,53.89275],[59.58473,53.8922],[59.58292,53.8901],[59.5828,53.88971],[59.58295,53.88955],[59.58257,53.88877],[59.58274,53.88844],[59.58228,53.88813],[59.58221,53.88754],[59.57941,53.88529],[59.57943,53.88484],[59.57877,53.88405],[59.57849,53.88307],[59.57787,53.88191],[59.57621,53.88074],[59.57614,53.88052],[59.57621,53.88024],[59.57779,53.87924],[59.57835,53.87812],[59.57821,53.87795],[59.57822,53.87744],[59.57771,53.8775],[59.57756,53.87733],[59.57764,53.87682],[59.57901,53.8764],[59.57936,53.87608],[59.57941,53.87539],[59.57956,53.87521],[59.5792,53.87439],[59.57928,53.8741],[59.57899,53.87314],[59.57992,53.87224],[59.5801,53.87163],[59.58048,53.87125],[59.58063,53.87067],[59.58127,53.86952],[59.58141,53.8689],[59.56302,53.86891],[59.54843,53.86868],[59.54865,53.86101],[59.54816,53.85059],[59.54819,53.84174],[59.56051,53.83778],[59.58261,53.83121],[59.59762,53.82697],[59.59797,53.82657],[59.61537,53.82123],[59.62531,53.81851],[59.6497,53.81104],[59.65869,53.80853],[59.66589,53.80625],[59.67013,53.80523],[59.68457,53.80077],[59.6878,53.79953],[59.70198,53.79068],[59.70878,53.78795],[59.73537,53.78845],[59.74163,53.78834],[59.77626,53.7887],[59.77975,53.78871],[59.78332,53.78849],[59.82158,53.78872],[59.84673,53.79054],[59.87478,53.79197],[59.87479,53.79723],[59.87433,53.80846],[59.87445,53.81056],[59.87439,53.81452],[59.87727,53.81438],[59.87692,53.8158],[59.87726,53.82519],[59.88007,53.83055],[59.88334,53.83439],[59.88596,53.83653],[59.89287,53.84122],[59.89114,53.84371],[59.88858,53.85189],[59.8646,53.85961],[59.86373,53.86292],[59.8634,53.86538],[59.86139,53.8651],[59.85998,53.86462],[59.85891,53.86484],[59.85775,53.86479],[59.85699,53.86517],[59.85537,53.86526],[59.85341,53.86622],[59.85297,53.86683],[59.85354,53.86772],[59.85381,53.86773],[59.85397,53.86793],[59.85396,53.86842],[59.8499,53.87039],[59.84972,53.8706],[59.8497,53.87083],[59.85016,53.87114],[59.85003,53.8716],[59.85014,53.87213],[59.84942,53.87262],[59.84938,53.87324],[59.84904,53.87368],[59.84911,53.87444],[59.84803,53.87538],[59.84784,53.87662],[59.84804,53.87696],[59.84871,53.87731],[59.85058,53.87761],[59.85116,53.87794],[59.85119,53.8783],[59.85017,53.87926],[59.84988,53.87986],[59.84982,53.8806],[59.85009,53.8812],[59.84943,53.88327],[59.84989,53.88431],[59.85283,53.88562],[59.85297,53.8859],[59.85294,53.88613],[59.85119,53.88829],[59.85114,53.88855],[59.85131,53.88909],[59.85251,53.88984],[59.87065,53.89006],[59.87643,53.89044],[59.93478,53.89089],[59.93508,53.88315],[59.93521,53.88133],[59.93536,53.88124],[59.95624,53.88168],[59.95997,53.88172],[59.96191,53.88155],[59.98152,53.8821],[60.01446,53.88137],[60.01033,53.87726],[59.98437,53.85263],[60.00304,53.85038],[60.00119,53.84458],[60.01137,53.83361],[60.03406,53.83337],[60.04254,53.83345],[60.04234,53.82411],[60.04157,53.81404],[60.04075,53.79672],[60.03876,53.78525],[60.05115,53.78493],[60.06041,53.77477],[60.06215,53.77273],[60.06246,53.76756],[60.06246,53.75867],[60.09025,53.75591],[60.08266,53.73484],[60.07947,53.72541],[60.089,53.71909],[60.09709,53.71407],[60.0808,53.70537],[60.08511,53.69965],[60.09524,53.68691],[60.09918,53.6822],[60.10468,53.66976],[60.13347,53.66099],[60.1405,53.65862],[60.16128,53.66087],[60.16959,53.6532],[60.17606,53.64805],[60.18511,53.63967],[60.18645,53.63827],[60.1915,53.63393],[60.20512,53.6214],[60.21511,53.61247],[60.24417,53.58569],[60.24883,53.58181],[60.247,53.56495],[60.25252,53.55711],[60.24401,53.55498],[60.23932,53.55351],[60.24187,53.55243],[60.25165,53.54883],[60.2585,53.5465],[60.25633,53.53943],[60.26026,53.51237],[60.26038,53.50682],[60.26239,53.47601],[60.28338,53.46379],[60.29327,53.45785],[60.32843,53.43958],[60.32505,53.4401],[60.29647,53.44236],[60.28535,53.44423],[60.27984,53.44563],[60.27281,53.44698],[60.26314,53.44945],[60.25361,53.42737],[60.25168,53.41996],[60.25117,53.41744],[60.2502,53.41058],[60.24752,53.39905],[60.23794,53.39454],[60.24112,53.39143],[60.25291,53.38473],[60.25867,53.38169],[60.26426,53.37822],[60.26488,53.37716],[60.26898,53.37168],[60.27014,53.37174],[60.27068,53.37146],[60.27254,53.37131],[60.27335,53.3706],[60.2745,53.37034],[60.27595,53.36972],[60.27652,53.36916],[60.27644,53.36846],[60.2768,53.36741],[60.27766,53.3672],[60.27807,53.36677],[60.27885,53.36658],[60.27953,53.36592],[60.28049,53.36559],[60.28111,53.36518],[60.28237,53.36372],[60.28368,53.36282],[60.28428,53.36188],[60.28517,53.3616],[60.28527,53.36087],[60.28546,53.36066],[60.28608,53.36048],[60.28723,53.36051],[60.28856,53.35905],[60.28824,53.3586],[60.28829,53.35815],[60.2889,53.35788],[60.28936,53.35745],[60.28995,53.35723],[60.29039,53.35675],[60.29103,53.35653],[60.29204,53.35538],[60.29223,53.3546],[60.2916,53.35431],[60.29696,53.35021],[60.28073,53.33441],[60.28443,53.33114],[60.28823,53.32748],[60.29442,53.3222],[60.29992,53.3171],[60.30182,53.31492],[60.30402,53.31311],[60.30258,53.31246],[60.30194,53.3122],[60.30104,53.3121],[60.3001,53.31163],[60.29894,53.31147],[60.29718,53.31058],[60.29617,53.31035],[60.29547,53.3099],[60.29284,53.30959],[60.29134,53.3092],[60.29048,53.30855],[60.28934,53.30845],[60.28865,53.3082],[60.28677,53.30811],[60.28628,53.30787],[60.28601,53.30751],[60.28287,53.30681],[60.28003,53.30666],[60.27843,53.30293],[60.27811,53.30287],[60.26761,53.30369],[60.26308,53.30386],[60.26288,53.30685],[60.26239,53.30707],[60.26206,53.30699],[60.26128,53.30721],[60.26134,53.30785],[60.26118,53.30823],[60.25847,53.30977],[60.25724,53.30986],[60.25661,53.30963],[60.25476,53.30997],[60.25394,53.30989],[60.25359,53.31007],[60.25301,53.30992],[60.25209,53.31025],[60.25143,53.30996],[60.25044,53.30998],[60.24942,53.30964],[60.24567,53.30939],[60.24327,53.3094],[60.24387,53.3109],[60.24444,53.31416],[60.2442,53.31683],[60.23734,53.31629],[60.22422,53.31573],[60.19196,53.3151],[60.17598,53.31458],[60.17235,53.31475],[60.1507,53.31404],[60.13988,53.29593],[60.13656,53.29151],[60.12934,53.28298],[60.12287,53.27494],[60.11491,53.2755],[60.10655,53.27638],[60.09861,53.27665],[60.09069,53.27756],[60.01892,53.28368],[59.99745,53.28507],[59.98524,53.29391],[59.98246,53.29311],[59.97531,53.29211],[59.97523,53.28493],[59.97535,53.28274],[59.96892,53.27639],[59.96843,53.2699],[59.96704,53.26647],[59.94747,53.25646],[59.94238,53.25579],[59.9352,53.25782],[59.93212,53.25898],[59.9291,53.25973],[59.92654,53.2591],[59.92058,53.26037],[59.91407,53.2613],[59.90458,53.26366],[59.90236,53.25757],[59.90107,53.25339],[59.89214,53.25404],[59.88031,53.2556],[59.8527,53.25875],[59.84594,53.25866],[59.84935,53.25535],[59.86149,53.25313],[59.86265,53.24648],[59.85991,53.24441],[59.85379,53.24399],[59.84977,53.24511],[59.84795,53.24196],[59.84519,53.23602],[59.83427,53.21532],[59.82922,53.20612],[59.82557,53.19982],[59.8313,53.19966],[59.83099,53.19704],[59.78321,53.19725],[59.77645,53.19754],[59.77243,53.19878],[59.76485,53.20224],[59.76088,53.20307],[59.76227,53.20501],[59.75522,53.2072],[59.76207,53.21178],[59.75333,53.21577],[59.76615,53.23415],[59.76522,53.23565],[59.76495,53.23639],[59.76599,53.23703],[59.76647,53.23951],[59.76869,53.24279],[59.77429,53.24749],[59.77867,53.25078],[59.77991,53.25533],[59.78367,53.26021],[59.78681,53.26453],[59.78709,53.2659],[59.78676,53.2659],[59.78559,53.26599],[59.78481,53.26633],[59.78432,53.26684],[59.78297,53.26768],[59.78228,53.26874],[59.77985,53.26966],[59.77922,53.26964],[59.77843,53.26937],[59.77788,53.26985],[59.77718,53.2701],[59.77668,53.27051],[59.77697,53.27119],[59.7769,53.27136],[59.77602,53.27194],[59.7733,53.27213],[59.77189,53.27298],[59.7699,53.2745],[59.76848,53.27447],[59.76696,53.27582],[59.76384,53.27778],[59.76271,53.27781],[59.76249,53.2779],[59.76227,53.27834],[59.7601,53.27865],[59.75848,53.27838],[59.75728,53.27843],[59.75701,53.27815],[59.75634,53.27804],[59.75557,53.27816],[59.75529,53.27858],[59.75496,53.27866],[59.75382,53.27816],[59.7532,53.2784],[59.75214,53.27805],[59.75137,53.27804],[59.75128,53.27833],[59.75182,53.27889],[59.75179,53.27967],[59.75122,53.28005],[59.74939,53.28035],[59.74841,53.28079],[59.74812,53.28113],[59.74812,53.28143],[59.74856,53.28201],[59.74788,53.28261],[59.7473,53.28276],[59.74735,53.28321],[59.74665,53.28293],[59.74632,53.2832],[59.7459,53.28328],[59.74538,53.28377],[59.74365,53.2841],[59.7426,53.28404],[59.74085,53.28494],[59.73975,53.28487],[59.73976,53.28504],[59.74058,53.28539],[59.74068,53.28572],[59.74038,53.28593],[59.73987,53.28591],[59.7396,53.28632],[59.73877,53.2866],[59.73766,53.28752],[59.73661,53.28763],[59.73561,53.28719],[59.73444,53.287],[59.73384,53.28665],[59.73338,53.28592],[59.72302,53.29339],[59.72609,53.29744],[59.727,53.29895],[59.73127,53.30438],[59.69862,53.32819],[59.68875,53.33526],[59.68442,53.33865],[59.67326,53.34649],[59.65998,53.35611],[59.6546,53.36054],[59.63601,53.3751],[59.62305,53.38581],[59.6102,53.38329],[59.61075,53.38237],[59.61123,53.38089],[59.61044,53.37969],[59.60924,53.3788],[59.60886,53.37792],[59.60909,53.37718],[59.60986,53.37635],[59.61021,53.37565],[59.6092,53.37577],[59.60675,53.37514],[59.60673,53.37501],[59.60735,53.37454],[59.60731,53.37392],[59.605,53.37251],[59.60401,53.3723],[59.60311,53.37185],[59.60298,53.37186],[59.60298,53.37202],[59.6035,53.37231],[59.6035,53.37245],[59.60254,53.37221],[59.60199,53.37129],[59.60196,53.37075],[59.60172,53.37057],[59.60131,53.37074],[59.60087,53.36999],[59.59994,53.36914],[59.59591,53.36776],[59.59495,53.36758],[59.59323,53.36744],[59.59136,53.36769],[59.59032,53.36823],[59.58986,53.36872],[59.59021,53.36999],[59.58981,53.37138],[59.59011,53.37187],[59.59005,53.37231],[59.58959,53.37255],[59.58847,53.37231],[59.58691,53.37062],[59.5869,53.36964],[59.5867,53.36927],[59.58474,53.36822],[59.58393,53.36683],[59.58407,53.3665],[59.58498,53.36612],[59.58523,53.36569],[59.58512,53.36519],[59.58542,53.36479],[59.58799,53.36404],[59.58838,53.36312],[59.58798,53.36259],[59.58809,53.36185],[59.58842,53.36139],[59.58873,53.36125],[59.58976,53.36139],[59.58982,53.36032],[59.58939,53.35952],[59.58868,53.3593],[59.58748,53.35924],[59.58679,53.35978],[59.58613,53.3598],[59.58601,53.35971],[59.58623,53.35914],[59.58547,53.35888],[59.5852,53.35891],[59.58472,53.35933],[59.5844,53.35936],[59.58331,53.35894],[59.58213,53.3592],[59.57983,53.35873],[59.57876,53.35867],[59.57678,53.35922],[59.57628,53.35969],[59.5762,53.36003],[59.57642,53.36082],[59.57629,53.36112],[59.57448,53.36197],[59.57467,53.36277],[59.57302,53.3627],[59.57238,53.36315],[59.57241,53.36418],[59.57281,53.36466],[59.57393,53.36513],[59.57503,53.36533],[59.57501,53.36571],[59.57425,53.36612],[59.57257,53.36651],[59.57204,53.36646],[59.56972,53.36683],[59.56774,53.36672],[59.56393,53.36758],[59.56052,53.36705],[59.55864,53.36708],[59.55738,53.36744],[59.55514,53.36854],[59.55463,53.36901],[59.55429,53.37002],[59.55495,53.37067],[59.55484,53.37088],[59.55378,53.37165],[59.55306,53.37196],[59.55016,53.37145],[59.54923,53.37065],[59.54789,53.37092],[59.54751,53.37128],[59.54688,53.37149],[59.54676,53.3718],[59.54621,53.3723],[59.54618,53.37307],[59.5466,53.37382],[59.54806,53.37454],[59.54792,53.37521],[59.54759,53.37571],[59.54722,53.37589],[59.54228,53.37569],[59.53714,53.37493],[59.53496,53.3743],[59.5334,53.37362],[59.53155,53.37219],[59.53113,53.37157],[59.52894,53.36988],[59.52881,53.36872],[59.52792,53.36813],[59.52633,53.36757],[59.52441,53.36737],[59.52257,53.3673],[59.52055,53.36786],[59.51844,53.36801],[59.5142,53.36934],[59.51282,53.36968],[59.51097,53.36989],[59.51015,53.36984],[59.50971,53.3696],[59.50821,53.36955],[59.50408,53.36778],[59.50268,53.36781],[59.50219,53.36817],[59.50156,53.36907],[59.50158,53.36955],[59.50137,53.36972],[59.49914,53.37002],[59.49981,53.37053],[59.50038,53.37032],[59.50102,53.37069],[59.50085,53.37097],[59.5,53.37119],[59.49998,53.37143],[59.50017,53.37157],[59.5004,53.37216],[59.50022,53.37268],[59.50017,53.37326],[59.50014,53.3737],[59.50018,53.37404],[59.50027,53.37435],[59.50108,53.37547],[59.50136,53.37645],[59.50188,53.37726],[59.5018,53.37769],[59.50206,53.3784],[59.50217,53.37953],[59.50327,53.38023],[59.50381,53.3809],[59.50406,53.38154],[59.50501,53.38185],[59.506,53.38262],[59.50627,53.3834],[59.5073,53.38466],[59.50747,53.38599],[59.50818,53.38694],[59.50838,53.388],[59.50831,53.38857],[59.50812,53.38948],[59.50808,53.38994],[59.50791,53.39066],[59.50696,53.39106],[59.50659,53.39141],[59.50651,53.39178],[59.50676,53.39248],[59.50659,53.39322],[59.50656,53.39329],[59.50618,53.39451],[59.50576,53.39509],[59.50554,53.39625],[59.50553,53.39627],[59.50557,53.39743],[59.50486,53.39813],[59.50485,53.39859],[59.50519,53.40024],[59.50571,53.40146],[59.50569,53.40224],[59.50535,53.40262],[59.50474,53.40296],[59.50435,53.40362],[59.50312,53.40468],[59.50184,53.40644],[59.50173,53.4068],[59.5006,53.40768],[59.50042,53.40844],[59.50042,53.40847],[59.50039,53.40857],[59.50034,53.40911],[59.49942,53.40968],[59.49931,53.40987],[59.49903,53.41008],[59.4991,53.41043],[59.49897,53.41076],[59.49922,53.41109],[59.49956,53.41122],[59.49911,53.41158],[59.49908,53.4121],[59.49899,53.41234],[59.49913,53.4127],[59.50094,53.41354],[59.50103,53.41383],[59.50078,53.41409],[59.50026,53.41412],[59.4995,53.41377],[59.49909,53.41394],[59.49891,53.41441],[59.50122,53.41796],[59.50693,53.42588],[59.51146,53.4325],[59.51379,53.43808],[59.51445,53.44617],[59.51447,53.44848],[59.51321,53.45727],[59.5105,53.47384],[59.50993,53.47456],[59.50935,53.47717],[59.50772,53.4812],[59.50754,53.48151],[59.50703,53.48482],[59.50603,53.48964],[59.50682,53.49078],[59.51194,53.49677],[59.50023,53.49977],[59.4812,53.50517],[59.46695,53.50892],[59.46272,53.50409],[59.43041,53.50628],[59.40656,53.5081],[59.38204,53.51014],[59.35263,53.51234],[59.33474,53.5139]]]]}},{"type":"Feature","properties":{"osm_id":-398406,"name":"Миасский городской округ","admin_level":6},"geometry":{"type":"MultiPolygon","coordinates":[[[[59.61798,54.90611],[59.62431,54.92441],[59.62679,54.9262],[59.64404,54.94244],[59.66411,54.96214],[59.66862,54.96626],[59.66744,54.96827],[59.67983,54.97578],[59.6913,54.98386],[59.70436,54.99334],[59.70976,54.99931],[59.71723,55.00469],[59.71886,55.01047],[59.72658,55.0243],[59.73693,55.03322],[59.73902,55.03322],[59.7436,55.03606],[59.7471,55.03937],[59.74883,55.04288],[59.75191,55.0447],[59.7587,55.05472],[59.76433,55.05888],[59.78781,55.07697],[59.78685,55.09425],[59.78553,55.10822],[59.78631,55.11488],[59.78781,55.11696],[59.79014,55.11725],[59.79082,55.11848],[59.7919,55.12262],[59.793,55.12414],[59.79613,55.12936],[59.80293,55.13024],[59.83239,55.15243],[59.84005,55.15868],[59.84873,55.1656],[59.86407,55.17785],[59.88742,55.19681],[59.88674,55.20396],[59.89104,55.21063],[59.90797,55.22231],[59.91103,55.23382],[59.91236,55.23819],[59.91262,55.23973],[59.91389,55.24467],[59.91405,55.24592],[59.91457,55.24717],[59.91544,55.24909],[59.92439,55.26076],[59.92837,55.26251],[59.9297,55.26611],[59.93515,55.27132],[59.95027,55.27671],[59.95624,55.27903],[59.95826,55.28454],[59.96243,55.28712],[59.96465,55.29289],[59.96807,55.30064],[59.96872,55.30296],[59.96907,55.30789],[59.95929,55.32496],[59.9599,55.32684],[59.95973,55.33019],[59.97159,55.33731],[60.017,55.37039],[60.01748,55.37348],[60.01404,55.37975],[60.01814,55.38557],[60.02202,55.38763],[60.02133,55.39188],[60.02263,55.39498],[60.04452,55.41413],[60.04743,55.4194],[60.05077,55.43043],[60.05192,55.42998],[60.05412,55.42953],[60.05513,55.42916],[60.05589,55.42913],[60.05707,55.42874],[60.05757,55.42826],[60.06114,55.42788],[60.06364,55.42726],[60.0652,55.42729],[60.06627,55.42769],[60.07006,55.42833],[60.07136,55.42827],[60.07152,55.42838],[60.07144,55.42869],[60.0718,55.42886],[60.07379,55.42933],[60.07433,55.4292],[60.0745,55.42863],[60.07475,55.42837],[60.0752,55.42834],[60.07564,55.42859],[60.07752,55.42906],[60.07889,55.42979],[60.0793,55.43028],[60.08013,55.43024],[60.08042,55.42978],[60.08088,55.42963],[60.08297,55.42963],[60.08338,55.42943],[60.08338,55.42888],[60.08358,55.42869],[60.08451,55.42896],[60.08577,55.42858],[60.08617,55.42817],[60.0868,55.4281],[60.08761,55.42837],[60.08831,55.42762],[60.08921,55.42723],[60.08928,55.42653],[60.09186,55.42461],[60.09197,55.42341],[60.09167,55.4227],[60.09222,55.42148],[60.09392,55.41987],[60.09475,55.41836],[60.09584,55.41689],[60.09485,55.41556],[60.09488,55.41513],[60.09529,55.4147],[60.09599,55.4144],[60.09829,55.41424],[60.10012,55.41437],[60.10364,55.41496],[60.10667,55.41463],[60.10811,55.41485],[60.10942,55.41473],[60.11009,55.4145],[60.1104,55.41433],[60.11055,55.41362],[60.11145,55.41336],[60.11292,55.41354],[60.11384,55.41328],[60.11648,55.41345],[60.119,55.41339],[60.11953,55.41312],[60.1194,55.41296],[60.11959,55.41242],[60.11912,55.41241],[60.11871,55.4117],[60.11984,55.41079],[60.12543,55.40756],[60.1256,55.40663],[60.12668,55.40652],[60.12594,55.40599],[60.12715,55.40501],[60.12721,55.40444],[60.1266,55.40369],[60.1267,55.40318],[60.12713,55.40277],[60.12691,55.40147],[60.12715,55.40126],[60.12736,55.40028],[60.12878,55.39906],[60.13014,55.39952],[60.13066,55.40075],[60.12914,55.40224],[60.13094,55.40405],[60.13486,55.40408],[60.13615,55.40363],[60.13775,55.40312],[60.14149,55.40263],[60.14504,55.40244],[60.14627,55.40254],[60.14773,55.40227],[60.14807,55.4015],[60.14893,55.40103],[60.14912,55.4004],[60.14833,55.3996],[60.14857,55.39905],[60.15008,55.39866],[60.15077,55.39872],[60.15273,55.39804],[60.15439,55.39825],[60.15519,55.39797],[60.15515,55.3976],[60.15338,55.3961],[60.15345,55.39524],[60.15395,55.39476],[60.15519,55.39446],[60.1553,55.39364],[60.15667,55.39317],[60.15691,55.39243],[60.1567,55.39153],[60.15713,55.39046],[60.15756,55.39005],[60.15948,55.38928],[60.15927,55.389],[60.15844,55.38879],[60.15829,55.38792],[60.159,55.38736],[60.16312,55.38566],[60.1635,55.38532],[60.16424,55.38394],[60.16506,55.38349],[60.16613,55.38351],[60.16622,55.3837],[60.16589,55.38428],[60.16604,55.38451],[60.16698,55.38457],[60.1687,55.38343],[60.17524,55.3822],[60.17865,55.38065],[60.17933,55.38066],[60.17935,55.38082],[60.17855,55.38149],[60.17858,55.38167],[60.17885,55.38177],[60.17929,55.38174],[60.18068,55.38127],[60.18151,55.38081],[60.18176,55.38045],[60.18165,55.38022],[60.18053,55.38002],[60.18051,55.37981],[60.18076,55.37959],[60.18265,55.37894],[60.18375,55.37886],[60.18481,55.37911],[60.18606,55.37956],[60.18627,55.38004],[60.18695,55.38014],[60.18761,55.37967],[60.18782,55.37885],[60.18845,55.37757],[60.18861,55.37741],[60.18971,55.37716],[60.1898,55.377],[60.18958,55.37656],[60.18975,55.37626],[60.18997,55.37619],[60.19048,55.3762],[60.19171,55.37676],[60.19357,55.37714],[60.19386,55.37742],[60.19426,55.37908],[60.19494,55.37976],[60.19605,55.38036],[60.19759,55.3809],[60.20115,55.38146],[60.20172,55.38201],[60.2017,55.38279],[60.20208,55.38289],[60.20259,55.38278],[60.20364,55.38185],[60.20396,55.38184],[60.20539,55.38258],[60.20656,55.38276],[60.20702,55.38263],[60.2076,55.38142],[60.20831,55.38131],[60.21135,55.38217],[60.21407,55.38332],[60.21667,55.38323],[60.21721,55.38335],[60.2175,55.3835],[60.21733,55.38403],[60.21752,55.38447],[60.21736,55.38509],[60.21763,55.38532],[60.21987,55.38569],[60.22225,55.38521],[60.22366,55.38578],[60.2239,55.38598],[60.2243,55.38719],[60.22549,55.38821],[60.22563,55.38909],[60.22619,55.38953],[60.2281,55.39048],[60.22927,55.39069],[60.22961,55.39122],[60.23079,55.39138],[60.23213,55.39187],[60.2347,55.39394],[60.23541,55.39389],[60.23576,55.39326],[60.23606,55.39316],[60.23642,55.39335],[60.23685,55.39372],[60.23652,55.39423],[60.23661,55.39455],[60.23764,55.39518],[60.23798,55.39569],[60.23784,55.39637],[60.23728,55.39687],[60.23746,55.39706],[60.23819,55.39695],[60.23877,55.39718],[60.23875,55.39764],[60.23821,55.39803],[60.23492,55.39927],[60.23385,55.39895],[60.23303,55.39941],[60.23226,55.39901],[60.23163,55.39919],[60.23168,55.39962],[60.23146,55.40006],[60.23206,55.40099],[60.23186,55.40112],[60.231,55.40104],[60.23071,55.40116],[60.23075,55.40141],[60.23328,55.40254],[60.23461,55.40296],[60.23554,55.40342],[60.23567,55.40365],[60.23563,55.40387],[60.23379,55.40549],[60.23348,55.40631],[60.2336,55.40648],[60.23416,55.40662],[60.23659,55.40662],[60.2374,55.40682],[60.23807,55.40804],[60.23991,55.41005],[60.24306,55.41211],[60.24616,55.41317],[60.24807,55.41408],[60.24844,55.41389],[60.24818,55.41349],[60.24841,55.41332],[60.24887,55.41341],[60.24933,55.41376],[60.24946,55.41418],[60.25112,55.41549],[60.25115,55.41601],[60.25038,55.41681],[60.25094,55.41735],[60.25168,55.41739],[60.2523,55.41704],[60.25315,55.41614],[60.25371,55.4158],[60.25356,55.41537],[60.25383,55.41523],[60.25454,55.41537],[60.25484,55.41574],[60.25467,55.41625],[60.25492,55.41655],[60.2558,55.41704],[60.25617,55.41766],[60.25656,55.41787],[60.25708,55.41787],[60.25749,55.41731],[60.25795,55.41718],[60.25811,55.41779],[60.25857,55.41793],[60.2592,55.41806],[60.25955,55.41787],[60.26064,55.41781],[60.26119,55.41837],[60.26205,55.41882],[60.26263,55.41848],[60.26287,55.41851],[60.26338,55.4193],[60.26404,55.41964],[60.26424,55.42004],[60.26471,55.42042],[60.2664,55.42069],[60.2668,55.42155],[60.26715,55.42188],[60.26808,55.42202],[60.26866,55.42149],[60.26914,55.42138],[60.26969,55.42149],[60.26983,55.42183],[60.27077,55.42201],[60.27244,55.41969],[60.27247,55.41932],[60.27148,55.41743],[60.27056,55.41697],[60.26888,55.41648],[60.26811,55.41595],[60.26614,55.41242],[60.26482,55.41109],[60.26414,55.40979],[60.26314,55.40899],[60.26284,55.40792],[60.26252,55.40745],[60.26211,55.4072],[60.26117,55.40703],[60.25987,55.40618],[60.25864,55.40561],[60.25757,55.4045],[60.25603,55.40382],[60.25438,55.40264],[60.25426,55.40234],[60.25492,55.40188],[60.25511,55.40155],[60.25499,55.40054],[60.25518,55.40002],[60.25614,55.39939],[60.25706,55.3993],[60.25786,55.39825],[60.25805,55.39694],[60.25828,55.39648],[60.25805,55.39447],[60.25828,55.39366],[60.25824,55.39279],[60.25878,55.39209],[60.26093,55.39124],[60.26147,55.39031],[60.26142,55.38995],[60.26105,55.38947],[60.25893,55.38801],[60.25526,55.38606],[60.25449,55.3859],[60.25283,55.38602],[60.25125,55.38587],[60.25049,55.38544],[60.24682,55.38421],[60.24532,55.38343],[60.24505,55.38313],[60.24509,55.38273],[60.24548,55.38236],[60.24927,55.3808],[60.25115,55.37777],[60.25119,55.3774],[60.25088,55.37713],[60.25041,55.37684],[60.24971,55.37676],[60.24523,55.37663],[60.2428,55.37612],[60.24056,55.37589],[60.2346,55.37457],[60.23378,55.37414],[60.2328,55.37316],[60.23244,55.37183],[60.23192,55.37119],[60.23191,55.37027],[60.23169,55.36996],[60.23129,55.36979],[60.23021,55.36975],[60.22663,55.37013],[60.22622,55.36985],[60.22614,55.36961],[60.22636,55.36904],[60.22647,55.36764],[60.22642,55.36661],[60.22554,55.36484],[60.22567,55.36458],[60.22669,55.36376],[60.22664,55.36353],[60.22637,55.36335],[60.22318,55.36293],[60.22271,55.36275],[60.22261,55.36244],[60.22275,55.36216],[60.22332,55.36188],[60.22663,55.36108],[60.22897,55.36095],[60.23071,55.36063],[60.2311,55.36014],[60.23136,55.35954],[60.23307,55.35206],[60.23286,55.35165],[60.23237,55.35128],[60.23049,55.35045],[60.23524,55.34962],[60.23638,55.34966],[60.24143,55.35039],[60.24505,55.34153],[60.24842,55.34057],[60.24923,55.34014],[60.25374,55.33688],[60.25089,55.33507],[60.23096,55.31217],[60.22216,55.30242],[60.20898,55.2649],[60.20604,55.25606],[60.20127,55.24718],[60.19999,55.24359],[60.1978,55.23866],[60.19572,55.23677],[60.23005,55.2332],[60.22936,55.23244],[60.2288,55.2323],[60.2259,55.23227],[60.225,55.23208],[60.22335,55.23139],[60.2228,55.23047],[60.22275,55.22932],[60.222,55.22741],[60.22163,55.22683],[60.22033,55.22605],[60.2195,55.22571],[60.2144,55.2247],[60.21306,55.2243],[60.21188,55.22355],[60.21212,55.22303],[60.21204,55.22265],[60.21225,55.22234],[60.21186,55.22162],[60.21188,55.22116],[60.21149,55.22085],[60.21146,55.22],[60.21177,55.21975],[60.21164,55.2194],[60.2121,55.21907],[60.21221,55.21861],[60.23574,55.20884],[60.23977,55.20716],[60.24925,55.20169],[60.27018,55.19223],[60.27014,55.18979],[60.27049,55.18944],[60.27112,55.18921],[60.27212,55.18918],[60.27348,55.18942],[60.27502,55.18934],[60.276,55.18963],[60.27662,55.18941],[60.27781,55.18856],[60.27973,55.18827],[60.29673,55.18021],[60.29939,55.16887],[60.30095,55.16816],[60.30183,55.16729],[60.30202,55.16689],[60.30263,55.16642],[60.30208,55.16584],[60.30024,55.16538],[60.29858,55.1644],[60.2983,55.16402],[60.29693,55.16302],[60.29668,55.16215],[60.29679,55.16188],[60.29696,55.16168],[60.29836,55.16117],[60.29909,55.16049],[60.29982,55.16039],[60.30201,55.16071],[60.30353,55.16062],[60.30685,55.16097],[60.30794,55.16078],[60.3088,55.16114],[60.30995,55.16049],[60.31159,55.15956],[60.31117,55.15945],[60.31063,55.15899],[60.30951,55.15899],[60.30843,55.15871],[60.30763,55.1587],[60.30755,55.15794],[60.30706,55.15765],[60.30634,55.15766],[60.30533,55.1581],[60.30461,55.15807],[60.30357,55.15769],[60.30253,55.15782],[60.30223,55.15764],[60.30237,55.15724],[60.30135,55.15715],[60.30077,55.15734],[60.29957,55.15831],[60.29882,55.15861],[60.29776,55.15875],[60.29746,55.15863],[60.29746,55.15827],[60.29724,55.15789],[60.29603,55.15698],[60.29523,55.15666],[60.29557,55.15629],[60.29568,55.15546],[60.29594,55.15528],[60.2972,55.15532],[60.29835,55.15508],[60.29969,55.15556],[60.30167,55.15634],[60.30282,55.15625],[60.30328,55.15581],[60.30412,55.15564],[60.30423,55.1547],[60.30474,55.15406],[60.30532,55.1538],[60.30555,55.15333],[60.30606,55.15301],[60.30601,55.15273],[60.30617,55.15245],[60.30587,55.15203],[60.30587,55.15156],[60.30522,55.15107],[60.30553,55.15061],[60.30541,55.15037],[60.30439,55.15031],[60.304,55.14947],[60.3031,55.14929],[60.30285,55.14934],[60.30261,55.14967],[60.3023,55.14972],[60.30069,55.14959],[60.3,55.14919],[60.29957,55.14915],[60.29771,55.1495],[60.29578,55.15086],[60.29518,55.15176],[60.2942,55.15464],[60.29381,55.15536],[60.29223,55.15599],[60.29114,55.15574],[60.29027,55.15504],[60.2894,55.15475],[60.28814,55.15398],[60.28812,55.15353],[60.28859,55.15259],[60.28767,55.1523],[60.28729,55.15107],[60.28597,55.15023],[60.28576,55.14979],[60.28589,55.1491],[60.2859,55.14562],[60.28505,55.14403],[60.285,55.14312],[60.28553,55.14273],[60.28587,55.14214],[60.28665,55.14177],[60.28657,55.14102],[60.28694,55.14051],[60.28746,55.14021],[60.28677,55.13954],[60.28662,55.13869],[60.28586,55.13808],[60.28621,55.13711],[60.28664,55.13664],[60.28628,55.13605],[60.28627,55.13556],[60.2858,55.13516],[60.28381,55.13511],[60.28224,55.13528],[60.28129,55.13483],[60.27908,55.13452],[60.27864,55.13416],[60.27879,55.13325],[60.27858,55.13274],[60.27838,55.1324],[60.27761,55.13193],[60.27686,55.13223],[60.27632,55.13267],[60.27641,55.13414],[60.27597,55.1344],[60.2756,55.13525],[60.27482,55.1359],[60.27435,55.13589],[60.27314,55.13571],[60.27264,55.1348],[60.27277,55.13405],[60.27269,55.13205],[60.27218,55.13057],[60.27082,55.13006],[60.27007,55.12921],[60.26916,55.1288],[60.269,55.12851],[60.27049,55.12774],[60.27139,55.12624],[60.27271,55.12537],[60.27328,55.12517],[60.27334,55.12495],[60.27194,55.1242],[60.27107,55.12349],[60.27063,55.12312],[60.27042,55.12089],[60.27061,55.12049],[60.27044,55.12022],[60.27003,55.12007],[60.26943,55.12041],[60.26823,55.12043],[60.26777,55.12029],[60.26768,55.12012],[60.26887,55.11881],[60.27079,55.11825],[60.27121,55.11779],[60.27219,55.11732],[60.27235,55.11705],[60.27321,55.11686],[60.27334,55.11631],[60.2736,55.11615],[60.2752,55.11604],[60.27672,55.11619],[60.27777,55.11577],[60.278,55.11487],[60.27775,55.11461],[60.2762,55.11391],[60.27617,55.1136],[60.27658,55.11308],[60.27728,55.11261],[60.27769,55.11202],[60.27929,55.11124],[60.27976,55.11025],[60.27956,55.10954],[60.27984,55.10892],[60.27977,55.10868],[60.27896,55.10823],[60.27683,55.10782],[60.27542,55.10821],[60.27043,55.1111],[60.26875,55.11142],[60.26839,55.11126],[60.26825,55.11093],[60.26719,55.11047],[60.25925,55.10604],[60.25881,55.10546],[60.25902,55.10474],[60.26285,55.09441],[60.27942,55.09158],[60.2812,55.08732],[60.28894,55.08666],[60.29039,55.08637],[60.29067,55.08607],[60.29329,55.08543],[60.29427,55.08504],[60.29556,55.08427],[60.2956,55.08396],[60.2954,55.083],[60.29557,55.08254],[60.29719,55.08042],[60.29813,55.07944],[60.29839,55.07822],[60.29862,55.07794],[60.30043,55.07712],[60.30215,55.07669],[60.30278,55.07636],[60.30345,55.07637],[60.30406,55.07697],[60.30445,55.07715],[60.30622,55.07723],[60.30722,55.07663],[60.30862,55.07611],[60.30955,55.07541],[60.31295,55.07455],[60.31371,55.07403],[60.31466,55.07402],[60.31521,55.07335],[60.31517,55.07277],[60.31536,55.07249],[60.31605,55.07215],[60.31616,55.07175],[60.31643,55.07111],[60.31682,55.07086],[60.31643,55.07045],[60.31689,55.06947],[60.31729,55.06852],[60.31483,55.06877],[60.31375,55.06857],[60.31246,55.06798],[60.31112,55.068],[60.31023,55.06766],[60.3092,55.06605],[60.30827,55.06568],[60.30701,55.06554],[60.30531,55.06495],[60.30389,55.06484],[60.29874,55.06491],[60.29584,55.06445],[60.29459,55.06446],[60.29409,55.06419],[60.29357,55.0634],[60.29326,55.06326],[60.29274,55.06319],[60.29153,55.06347],[60.28992,55.06352],[60.28479,55.06378],[60.28403,55.06351],[60.28324,55.06303],[60.28262,55.06286],[60.28224,55.06125],[60.28262,55.06097],[60.28449,55.0604],[60.28469,55.05963],[60.285,55.05915],[60.28509,55.05844],[60.28483,55.05819],[60.28419,55.0581],[60.2834,55.05781],[60.28283,55.05789],[60.28271,55.05745],[60.28286,55.05714],[60.28341,55.05679],[60.28554,55.05592],[60.28735,55.05561],[60.28885,55.05497],[60.28975,55.0546],[60.29009,55.05446],[60.29011,55.05424],[60.29285,55.05322],[60.29469,55.05279],[60.29816,55.05304],[60.29884,55.0529],[60.29885,55.05272],[60.29773,55.05182],[60.2975,55.05141],[60.29712,55.04953],[60.29678,55.04905],[60.29344,55.0468],[60.29267,55.04591],[60.29226,55.045],[60.29189,55.04476],[60.29033,55.04452],[60.28882,55.04409],[60.28809,55.04352],[60.28794,55.04303],[60.28795,55.0419],[60.28766,55.0411],[60.28767,55.04021],[60.28729,55.03941],[60.2886,55.03901],[60.2888,55.03874],[60.2887,55.03845],[60.2876,55.03795],[60.28505,55.03775],[60.28281,55.0379],[60.28245,55.03775],[60.2813,55.0366],[60.28154,55.03585],[60.28155,55.03523],[60.28046,55.0341],[60.28034,55.03379],[60.28049,55.03356],[60.28132,55.03334],[60.2834,55.03352],[60.28472,55.03314],[60.28582,55.03307],[60.28664,55.03309],[60.28772,55.03349],[60.28886,55.03346],[60.28965,55.03342],[60.29032,55.03301],[60.29028,55.03274],[60.28989,55.0325],[60.28872,55.03216],[60.28822,55.03176],[60.28827,55.03154],[60.28972,55.03087],[60.28987,55.03057],[60.2897,55.03021],[60.28884,55.0295],[60.28821,55.02828],[60.28649,55.02701],[60.28644,55.02681],[60.28732,55.02615],[60.28725,55.02596],[60.28657,55.02595],[60.2852,55.02633],[60.28446,55.02603],[60.28239,55.02591],[60.28056,55.02623],[60.27871,55.02603],[60.27691,55.02629],[60.27573,55.02628],[60.27518,55.0264],[60.27411,55.02709],[60.27325,55.0273],[60.27141,55.02817],[60.2705,55.02814],[60.27019,55.02792],[60.27034,55.02732],[60.27077,55.0271],[60.27222,55.02662],[60.27415,55.02554],[60.27661,55.02496],[60.27861,55.02367],[60.28203,55.02315],[60.28807,55.02261],[60.28978,55.02207],[60.29077,55.02221],[60.29131,55.02258],[60.28809,55.01289],[60.28783,55.01245],[60.28523,55.01115],[60.28292,55.0103],[60.27848,55.00839],[60.27792,55.00369],[60.27628,55.00198],[60.27544,54.9954],[60.27483,54.99221],[60.27422,54.9889],[60.27617,54.98727],[60.27334,54.98117],[60.27229,54.97919],[60.27059,54.97531],[60.26335,54.96292],[60.26762,54.95841],[60.27829,54.94654],[60.27731,54.94546],[60.27961,54.9439],[60.28619,54.94032],[60.28492,54.94],[60.28523,54.93931],[60.28561,54.93915],[60.28578,54.93866],[60.28551,54.93766],[60.28566,54.93732],[60.28552,54.93714],[60.28588,54.93672],[60.28561,54.93639],[60.28402,54.93655],[60.28254,54.9375],[60.28119,54.93782],[60.27874,54.93789],[60.27661,54.93826],[60.2756,54.93816],[60.27399,54.93771],[60.27321,54.93781],[60.27367,54.9367],[60.27747,54.93079],[60.27875,54.92851],[60.27982,54.92037],[60.27137,54.92022],[60.26891,54.91094],[60.26794,54.9085],[60.26444,54.90485],[60.26191,54.90195],[60.25605,54.90002],[60.23722,54.9014],[60.23673,54.90103],[60.23451,54.89822],[60.23274,54.89663],[60.2313,54.89598],[60.22985,54.89578],[60.23006,54.89477],[60.22968,54.89396],[60.22973,54.89347],[60.23069,54.89212],[60.23065,54.89114],[60.23037,54.89031],[60.22928,54.88848],[60.22905,54.88774],[60.22847,54.887],[60.22901,54.88689],[60.22828,54.88634],[60.22656,54.87973],[60.21699,54.87812],[60.2013,54.87309],[60.18618,54.86629],[60.18056,54.866],[60.15903,54.85997],[60.14742,54.85652],[60.13519,54.85792],[60.13773,54.85446],[60.12835,54.84341],[60.12378,54.84012],[60.11557,54.84252],[60.09685,54.83593],[60.09698,54.83089],[60.09683,54.82838],[60.09193,54.82582],[60.09434,54.81922],[60.09658,54.81734],[60.09812,54.8165],[60.08809,54.80972],[60.08179,54.80591],[60.079,54.80462],[60.07712,54.80395],[60.07092,54.80046],[60.06781,54.79822],[60.06185,54.79441],[60.05646,54.79055],[60.04776,54.785],[60.04613,54.78414],[60.0296,54.7725],[60.01017,54.7738],[60.00796,54.75904],[59.99409,54.76257],[59.98265,54.76395],[59.96686,54.76782],[59.96237,54.7689],[59.95954,54.77682],[59.95484,54.78178],[59.94975,54.78321],[59.93742,54.78428],[59.92912,54.78889],[59.93508,54.80831],[59.93785,54.81278],[59.93827,54.81789],[59.96552,54.83476],[59.96786,54.83817],[59.98361,54.84626],[59.99319,54.85328],[60.00181,54.86413],[59.99936,54.86499],[59.97829,54.86584],[59.96914,54.86525],[59.96381,54.86845],[59.95509,54.86866],[59.94444,54.86781],[59.93167,54.86908],[59.92231,54.86887],[59.91528,54.86994],[59.91311,54.86794],[59.90975,54.86781],[59.90954,54.86525],[59.90549,54.86589],[59.90145,54.86142],[59.90187,54.85993],[59.90038,54.86014],[59.90123,54.8578],[59.89719,54.85759],[59.8957,54.85504],[59.89634,54.85248],[59.89315,54.85184],[59.88527,54.84971],[59.88506,54.84801],[59.88612,54.84631],[59.88676,54.84418],[59.8825,54.84269],[59.88165,54.84099],[59.87548,54.83843],[59.86675,54.84205],[59.86867,54.84546],[59.86526,54.84801],[59.86037,54.8512],[59.86186,54.85355],[59.85909,54.85418],[59.8576,54.85184],[59.85143,54.84929],[59.84547,54.84716],[59.84866,54.84482],[59.84312,54.84503],[59.8444,54.84269],[59.84249,54.84184],[59.83972,54.84461],[59.83802,54.84546],[59.83695,54.84546],[59.83567,54.84758],[59.83142,54.84865],[59.83014,54.8495],[59.82503,54.8478],[59.81205,54.84886],[59.8046,54.85205],[59.80417,54.85397],[59.80204,54.85503],[59.8046,54.85823],[59.80076,54.85652],[59.79778,54.85652],[59.79672,54.85871],[59.79331,54.85871],[59.7914,54.85807],[59.78523,54.86062],[59.77671,54.86041],[59.77416,54.86552],[59.7716,54.86616],[59.76926,54.86892],[59.76586,54.86892],[59.76671,54.87126],[59.76394,54.87318],[59.76075,54.87318],[59.76011,54.87403],[59.75734,54.87424],[59.75415,54.87659],[59.75138,54.87722],[59.74478,54.88063],[59.74223,54.88148],[59.74159,54.88361],[59.73882,54.88361],[59.73691,54.88574],[59.7335,54.88574],[59.73116,54.88723],[59.72775,54.88723],[59.72477,54.88574],[59.71988,54.88489],[59.71605,54.8851],[59.7103,54.88467],[59.70774,54.88595],[59.7037,54.88595],[59.70136,54.88553],[59.70008,54.88616],[59.69731,54.88595],[59.69412,54.88787],[59.68837,54.88851],[59.68284,54.89234],[59.66858,54.89792],[59.65942,54.90282],[59.66028,54.90793],[59.65325,54.90878],[59.64814,54.90878],[59.64197,54.90878],[59.6326,54.90644],[59.62303,54.90601],[59.61798,54.90611]]]]}},{"type":"Feature","properties":{"osm_id":-398421,"name":"Уйский район","admin_level":6},"geometry":{"type":"MultiPolygon","coordinates":[[[[59.64649,54.48403],[59.65092,54.48578],[59.65667,54.48663],[59.66093,54.48897],[59.66689,54.49067],[59.67008,54.49578],[59.67668,54.49834],[59.67796,54.50281],[59.6803,54.5043],[59.67306,54.5077],[59.67221,54.51068],[59.67689,54.51536],[59.6754,54.51856],[59.68221,54.52244],[59.68903,54.5218],[59.69435,54.52457],[59.6952,54.5267],[59.69924,54.52713],[59.7035,54.5316],[59.71095,54.53351],[59.71137,54.53692],[59.70988,54.53862],[59.71712,54.54123],[59.71797,54.54506],[59.72202,54.5474],[59.72521,54.54846],[59.72691,54.55166],[59.73564,54.55081],[59.73734,54.54932],[59.75778,54.55634],[59.79226,54.57231],[59.83015,54.59407],[59.85378,54.60902],[59.8812,54.65826],[59.88408,54.65706],[59.88976,54.64867],[59.88991,54.64728],[59.88801,54.6401],[59.90791,54.63547],[59.91888,54.6334],[59.92052,54.63536],[59.92452,54.63635],[59.93329,54.6368],[59.9375,54.63611],[59.94333,54.6357],[59.94439,54.63608],[59.95688,54.63282],[59.96453,54.62864],[59.96896,54.62561],[59.97769,54.62663],[59.98291,54.62791],[59.98638,54.63035],[59.9907,54.63029],[59.99324,54.63054],[59.99217,54.63174],[59.99291,54.63262],[59.99328,54.63352],[59.99354,54.63376],[59.99438,54.63408],[59.99548,54.63499],[59.99687,54.63518],[59.99723,54.63551],[59.99708,54.63584],[59.99717,54.6361],[59.99786,54.63672],[60.00302,54.63816],[60.00798,54.6413],[60.01701,54.64426],[60.02025,54.64454],[60.02285,54.64504],[60.02525,54.64514],[60.02587,54.64544],[60.02692,54.64542],[60.02912,54.64594],[60.02965,54.64616],[60.02987,54.64659],[60.03047,54.64697],[60.03201,54.64738],[60.03332,54.64738],[60.03434,54.64813],[60.03578,54.64814],[60.03799,54.64866],[60.03951,54.64916],[60.03951,54.64959],[60.03969,54.64978],[60.04159,54.65017],[60.04183,54.65008],[60.04874,54.6433],[60.05157,54.64314],[60.05557,54.63877],[60.05608,54.63757],[60.06023,54.63599],[60.06429,54.63154],[60.06218,54.62904],[60.06821,54.62436],[60.08901,54.62274],[60.11545,54.61919],[60.11617,54.61983],[60.11965,54.62002],[60.16369,54.61634],[60.17018,54.60645],[60.17314,54.60586],[60.17754,54.6002],[60.19921,54.60268],[60.20484,54.61744],[60.21694,54.61776],[60.23027,54.61495],[60.2347,54.62032],[60.24399,54.6235],[60.24702,54.62485],[60.24496,54.62828],[60.24828,54.6306],[60.24767,54.63279],[60.2455,54.63538],[60.25067,54.63532],[60.25635,54.6315],[60.26059,54.63196],[60.26327,54.63204],[60.26356,54.63439],[60.26363,54.63865],[60.26717,54.64042],[60.26879,54.6399],[60.27026,54.63983],[60.27519,54.64042],[60.28413,54.63878],[60.28496,54.64195],[60.28603,54.65062],[60.28887,54.65677],[60.3113,54.6566],[60.31495,54.65803],[60.32013,54.65726],[60.32079,54.65155],[60.32604,54.64913],[60.32372,54.64442],[60.32264,54.64128],[60.33619,54.64234],[60.34004,54.6416],[60.34219,54.64151],[60.34709,54.64084],[60.35103,54.6437],[60.35678,54.66202],[60.38218,54.66449],[60.38267,54.66729],[60.39713,54.66875],[60.39758,54.66863],[60.39769,54.66796],[60.40006,54.6668],[60.39991,54.66636],[60.40003,54.66611],[60.40045,54.66589],[60.4019,54.66566],[60.40235,54.66534],[60.40307,54.664],[60.39793,54.64011],[60.42182,54.63547],[60.46254,54.62943],[60.47111,54.62891],[60.4846,54.6278],[60.51429,54.6244],[60.53126,54.62228],[60.53642,54.62219],[60.57821,54.61788],[60.57975,54.6171],[60.58078,54.61614],[60.58146,54.61587],[60.58184,54.61535],[60.58261,54.61505],[60.58301,54.61446],[60.5835,54.61425],[60.58378,54.61357],[60.5842,54.6134],[60.58426,54.61312],[60.5851,54.61292],[60.5854,54.61257],[60.58619,54.61228],[60.58645,54.61194],[60.58698,54.61184],[60.5873,54.61154],[60.58842,54.61112],[60.58897,54.61067],[60.58908,54.61001],[60.59006,54.60951],[60.59086,54.60947],[60.59131,54.60924],[60.59414,54.60867],[60.59579,54.60863],[60.5994,54.60749],[60.60166,54.60752],[60.60186,54.60079],[60.60179,54.59031],[60.60169,54.5901],[60.6009,54.5902],[60.59972,54.58974],[60.59781,54.5898],[60.59765,54.58925],[60.59647,54.58838],[60.59525,54.58635],[60.59602,54.58533],[60.59709,54.58472],[60.59943,54.58296],[60.60052,54.58112],[60.60039,54.58055],[60.59958,54.58002],[60.59829,54.57948],[60.59783,54.57898],[60.59745,54.57885],[60.59471,54.5792],[60.59421,54.57907],[60.59381,54.57856],[60.59504,54.5769],[60.59463,54.57509],[60.59518,54.57361],[60.59612,54.57362],[60.59682,54.57387],[60.59802,54.57484],[60.59778,54.57535],[60.59719,54.57579],[60.59726,54.57628],[60.59772,54.57648],[60.59906,54.57649],[60.60011,54.57618],[60.60167,54.57611],[60.60221,54.57567],[60.6024,54.57491],[60.60228,54.57398],[60.60243,54.57351],[60.60338,54.57295],[60.60314,54.57249],[60.60317,54.57224],[60.60275,54.57194],[60.60111,54.57173],[60.59888,54.57095],[60.59907,54.56975],[60.59959,54.56934],[60.60029,54.56925],[60.60079,54.56877],[60.60057,54.56804],[60.60001,54.5674],[60.59884,54.56678],[60.59696,54.56635],[60.59449,54.56538],[60.59486,54.56514],[60.59507,54.56426],[60.59457,54.56388],[60.59451,54.56252],[60.59477,54.562],[60.59461,54.56162],[60.59209,54.55968],[60.59141,54.55975],[60.59107,54.55997],[60.59048,54.55988],[60.58973,54.55964],[60.589,54.55897],[60.58785,54.55858],[60.58752,54.55825],[60.58629,54.55238],[60.61512,54.55121],[60.61521,54.55094],[60.61505,54.54867],[60.6153,54.54777],[60.61494,54.54684],[60.61445,54.54645],[60.61344,54.54436],[60.61339,54.54239],[60.61312,54.54179],[60.61057,54.53849],[60.60857,54.53638],[60.60674,54.53478],[60.6061,54.53364],[60.60448,54.53212],[60.59917,54.52811],[60.58217,54.5301],[60.54688,54.52974],[60.53575,54.54065],[60.53234,54.54465],[60.52236,54.55434],[60.5103,54.56655],[60.47697,54.56626],[60.46934,54.56576],[60.43675,54.56421],[60.42816,54.56215],[60.4282,54.55758],[60.42843,54.55612],[60.42373,54.54623],[60.42608,54.54315],[60.42553,54.54282],[60.42581,54.54252],[60.42569,54.54218],[60.42347,54.54167],[60.42376,54.54133],[60.42457,54.54112],[60.42508,54.5405],[60.42551,54.54037],[60.42779,54.54049],[60.42927,54.5404],[60.42979,54.53999],[60.43014,54.53996],[60.43041,54.54026],[60.4329,54.54021],[60.43315,54.54061],[60.43471,54.54062],[60.43605,54.54002],[60.43618,54.53939],[60.43678,54.53899],[60.43775,54.53888],[60.43868,54.53948],[60.43913,54.53944],[60.44033,54.53883],[60.44233,54.53691],[60.44266,54.536],[60.44172,54.53551],[60.44153,54.53512],[60.44159,54.53471],[60.44197,54.53455],[60.44309,54.53485],[60.44349,54.53479],[60.44366,54.53448],[60.44363,54.5338],[60.44579,54.5322],[60.44615,54.53106],[60.4471,54.53077],[60.44726,54.53056],[60.44706,54.53027],[60.44734,54.53012],[60.449,54.53018],[60.44958,54.52976],[60.44993,54.52857],[60.45142,54.52649],[60.44497,54.52504],[60.44204,54.52468],[60.43175,54.52423],[60.42956,54.52366],[60.42859,54.5231],[60.42757,54.52285],[60.42678,54.52013],[60.42623,54.51748],[60.4217,54.4923],[60.42493,54.49187],[60.42108,54.47117],[60.42065,54.46544],[60.42541,54.46383],[60.42702,54.46348],[60.42982,54.46321],[60.44084,54.46009],[60.44016,54.45903],[60.43954,54.45878],[60.43872,54.45868],[60.43842,54.45832],[60.43918,54.45785],[60.43962,54.45724],[60.43955,54.45672],[60.43877,54.45609],[60.43853,54.45567],[60.43859,54.45524],[60.43882,54.45497],[60.44013,54.45459],[60.44141,54.45381],[60.44322,54.4539],[60.44482,54.45377],[60.44679,54.45398],[60.44846,54.45322],[60.44965,54.45243],[60.45016,54.4519],[60.45032,54.45155],[60.45021,54.45086],[60.44968,54.45006],[60.44952,54.44914],[60.44855,54.44773],[60.44844,54.44722],[60.44903,54.44661],[60.44926,54.44588],[60.44894,54.44547],[60.44886,54.44448],[60.44863,54.44417],[60.4466,54.44353],[60.44516,54.4438],[60.44249,54.44335],[60.44152,54.44249],[60.44077,54.44212],[60.44009,54.44117],[60.43993,54.44041],[60.43945,54.44004],[60.43937,54.43972],[60.44155,54.43813],[60.4409,54.43655],[60.44101,54.43543],[60.44082,54.43438],[60.4415,54.43381],[60.44155,54.43357],[60.44076,54.4322],[60.43924,54.43134],[60.43886,54.43075],[60.43793,54.42992],[60.46784,54.42098],[60.47727,54.39857],[60.48602,54.39479],[60.47726,54.3729],[60.46768,54.34245],[60.46606,54.33675],[60.45548,54.3321],[60.44807,54.32862],[60.4355,54.312],[60.43256,54.30908],[60.42734,54.30522],[60.40236,54.29918],[60.40136,54.29682],[60.39866,54.29349],[60.39155,54.29282],[60.34207,54.28412],[60.32316,54.26719],[60.33747,54.26454],[60.34298,54.2519],[60.34533,54.24576],[60.34571,54.24054],[60.34578,54.23631],[60.34649,54.2314],[60.34932,54.21534],[60.35797,54.21234],[60.38445,54.19635],[60.38462,54.19378],[60.38135,54.18885],[60.37877,54.18451],[60.37755,54.18288],[60.37508,54.17427],[60.37836,54.17006],[60.36876,54.16664],[60.33412,54.15604],[60.3275,54.14938],[60.32658,54.14888],[60.32582,54.14814],[60.32273,54.14752],[60.31992,54.14763],[60.31828,54.14733],[60.31706,54.14688],[60.31625,54.14606],[60.31394,54.14481],[60.31314,54.14393],[60.31217,54.14338],[60.31112,54.14326],[60.30877,54.14357],[60.3084,54.14339],[60.30807,54.14315],[60.30774,54.1423],[60.30735,54.14196],[60.30617,54.14179],[60.30589,54.14157],[60.30589,54.14007],[60.30536,54.13877],[60.30586,54.1377],[60.30543,54.13623],[60.30473,54.13505],[60.30497,54.13401],[60.30598,54.13319],[60.30585,54.13265],[60.30512,54.13196],[60.30596,54.13093],[60.30581,54.13066],[60.30474,54.13013],[60.3039,54.12947],[60.30378,54.12779],[60.30322,54.12709],[60.30284,54.12685],[60.30236,54.12678],[60.30203,54.1264],[60.30138,54.12609],[60.30071,54.12624],[60.30011,54.12589],[60.3002,54.12558],[60.29985,54.12515],[60.29939,54.12506],[60.29838,54.12539],[60.29798,54.12527],[60.29707,54.12551],[60.29565,54.12552],[60.29535,54.12575],[60.29535,54.12602],[60.29556,54.12623],[60.29485,54.12671],[60.29334,54.12616],[60.28833,54.12714],[60.286,54.12694],[60.2852,54.12777],[60.2853,54.12816],[60.285,54.12854],[60.28339,54.12869],[60.28273,54.12804],[60.28232,54.12795],[60.28106,54.12817],[60.2807,54.12775],[60.27893,54.12811],[60.27878,54.12829],[60.27894,54.1285],[60.27863,54.12865],[60.27791,54.12862],[60.27737,54.1288],[60.27626,54.12868],[60.27564,54.12891],[60.27273,54.12372],[60.26911,54.11826],[60.27301,54.10527],[60.24914,54.08918],[60.2422,54.08993],[60.23379,54.09118],[60.21404,54.0935],[60.16625,54.10032],[60.14902,54.10048],[60.11797,54.10045],[60.11788,54.1017],[60.11807,54.11444],[60.08722,54.11424],[60.08719,54.12351],[60.05987,54.12371],[60.01746,54.12362],[60.00916,54.12491],[60.00827,54.12485],[60.00835,54.12466],[60.00805,54.12444],[60.00692,54.12428],[60.00501,54.12426],[60.00493,54.12445],[60.00457,54.12452],[60.00388,54.12415],[60.003,54.12412],[60.00277,54.12381],[60.00192,54.12377],[60.00144,54.12344],[60.00003,54.12332],[60.00001,54.1229],[59.99953,54.12266],[59.99952,54.12213],[59.9991,54.12191],[59.99818,54.12212],[59.99634,54.12217],[59.99478,54.12264],[59.99287,54.12249],[59.99243,54.12227],[59.99192,54.1226],[59.9919,54.12235],[59.99168,54.12234],[59.99159,54.12251],[59.99176,54.12266],[59.99071,54.12298],[59.98997,54.12347],[59.98936,54.12342],[59.98895,54.1232],[59.98857,54.1229],[59.98846,54.12241],[59.9878,54.12231],[59.98713,54.12183],[59.98579,54.12178],[59.98418,54.12236],[59.9835,54.12197],[59.98301,54.1221],[59.98259,54.12269],[59.98143,54.12247],[59.98066,54.12192],[59.97913,54.12215],[59.97862,54.1218],[59.97695,54.12169],[59.94938,54.12272],[59.91013,54.12378],[59.89049,54.12293],[59.876,54.12288],[59.87668,54.12263],[59.87759,54.12257],[59.87768,54.12245],[59.87705,54.12212],[59.87706,54.12195],[59.87661,54.12157],[59.87689,54.12149],[59.87772,54.12165],[59.87794,54.12143],[59.87736,54.12118],[59.87765,54.12083],[59.87669,54.12081],[59.8772,54.12033],[59.87672,54.12029],[59.87722,54.11999],[59.87726,54.11941],[59.87716,54.11931],[59.87662,54.11943],[59.87666,54.1192],[59.877,54.11905],[59.87685,54.11887],[59.87691,54.1186],[59.87774,54.11877],[59.87801,54.11859],[59.87775,54.11829],[59.87832,54.11821],[59.87837,54.11802],[59.87789,54.11789],[59.87786,54.11771],[59.87928,54.11734],[59.87973,54.11739],[59.88001,54.11684],[59.88065,54.11662],[59.88097,54.11658],[59.88149,54.11681],[59.88247,54.11677],[59.88331,54.11634],[59.88376,54.11653],[59.8841,54.11625],[59.88477,54.11514],[59.88471,54.11395],[59.88534,54.11349],[59.88522,54.11269],[59.88542,54.11233],[59.88474,54.11206],[59.88525,54.11168],[59.88518,54.11155],[59.88479,54.11152],[59.88505,54.11126],[59.88448,54.11128],[59.88453,54.11107],[59.8849,54.11091],[59.88489,54.11071],[59.88438,54.11087],[59.88415,54.11069],[59.88466,54.11023],[59.8841,54.10961],[59.88407,54.10943],[59.88437,54.10916],[59.88436,54.10884],[59.88382,54.10867],[59.88401,54.10814],[59.8839,54.10787],[59.88432,54.10749],[59.88423,54.10702],[59.88375,54.10683],[59.8841,54.10663],[59.88387,54.1062],[59.88342,54.10628],[59.88302,54.10606],[59.88231,54.1061],[59.88189,54.10592],[59.87693,54.1062],[59.87508,54.10662],[59.87432,54.10731],[59.87219,54.10859],[59.87166,54.10832],[59.87014,54.10802],[59.86825,54.10906],[59.8664,54.10925],[59.86621,54.10901],[59.86537,54.10894],[59.8642,54.1095],[59.8618,54.10935],[59.86005,54.10968],[59.85849,54.10951],[59.85761,54.10958],[59.85694,54.10936],[59.85516,54.10972],[59.85352,54.1092],[59.85225,54.1096],[59.85175,54.10961],[59.85159,54.10981],[59.85086,54.11007],[59.84977,54.11032],[59.84955,54.11026],[59.84911,54.10968],[59.84858,54.10969],[59.84787,54.10916],[59.84734,54.10911],[59.84698,54.10931],[59.8465,54.109],[59.84551,54.109],[59.84499,54.10864],[59.84425,54.1085],[59.8439,54.10812],[59.84228,54.10702],[59.84027,54.10653],[59.84792,54.0933],[59.84162,54.08248],[59.82566,54.07607],[59.82545,54.06797],[59.79354,54.08309],[59.76477,54.09349],[59.7231,54.08995],[59.72171,54.10459],[59.72123,54.10627],[59.72059,54.11325],[59.72062,54.11429],[59.73467,54.12035],[59.7376,54.1385],[59.73977,54.15026],[59.74079,54.15677],[59.73656,54.15711],[59.73295,54.15775],[59.72896,54.15777],[59.72795,54.158],[59.70716,54.15764],[59.7067,54.16697],[59.70543,54.17995],[59.71075,54.19001],[59.71522,54.19512],[59.72267,54.19746],[59.73097,54.20257],[59.73842,54.20688],[59.77631,54.22646],[59.78929,54.24434],[59.78291,54.2593],[59.77184,54.27931],[59.75502,54.31427],[59.7414,54.31794],[59.73863,54.31986],[59.71692,54.32603],[59.68946,54.33326],[59.67179,54.33965],[59.69606,54.3612],[59.71223,54.37504],[59.72585,54.38488],[59.73607,54.40069],[59.73735,54.40601],[59.73735,54.43224],[59.74075,54.45076],[59.7399,54.45566],[59.71776,54.46061],[59.68988,54.46614],[59.68498,54.46763],[59.6703,54.46933],[59.67051,54.47466],[59.66221,54.47742],[59.64649,54.48403]]]]}},{"type":"Feature","properties":{"osm_id":-1483866,"name":"Карталинский район","admin_level":6},"geometry":{"type":"MultiPolygon","coordinates":[[[[59.70981,53.11523],[59.71044,53.11642],[59.71083,53.11671],[59.71264,53.11707],[59.71444,53.11799],[59.71524,53.11923],[59.71697,53.12042],[59.71751,53.12144],[59.7183,53.12229],[59.72008,53.12349],[59.72024,53.12402],[59.72002,53.12464],[59.71932,53.12531],[59.71911,53.12573],[59.71927,53.12646],[59.72035,53.12768],[59.72168,53.12838],[59.72285,53.12986],[59.72346,53.13142],[59.72401,53.13206],[59.72489,53.13244],[59.72763,53.13418],[59.72952,53.13464],[59.73005,53.13491],[59.73076,53.13614],[59.73183,53.13676],[59.73207,53.13803],[59.7336,53.13912],[59.73538,53.14005],[59.73824,53.14105],[59.74008,53.14212],[59.74247,53.14216],[59.7442,53.14289],[59.74633,53.14355],[59.7459,53.14437],[59.7398,53.148],[59.73451,53.15217],[59.73787,53.15691],[59.74211,53.16265],[59.75431,53.18016],[59.75814,53.18514],[59.75924,53.18699],[59.75583,53.1877],[59.75676,53.19682],[59.75635,53.20125],[59.75547,53.20202],[59.75786,53.20276],[59.75957,53.20304],[59.76088,53.20307],[59.76485,53.20224],[59.77243,53.19878],[59.77645,53.19754],[59.78321,53.19725],[59.83099,53.19704],[59.8313,53.19966],[59.82557,53.19982],[59.82922,53.20612],[59.83427,53.21532],[59.84519,53.23602],[59.84795,53.24196],[59.84977,53.24511],[59.85379,53.24399],[59.85991,53.24441],[59.86265,53.24648],[59.86149,53.25313],[59.84935,53.25535],[59.84594,53.25866],[59.8527,53.25875],[59.88031,53.2556],[59.89214,53.25404],[59.90107,53.25339],[59.90236,53.25757],[59.90458,53.26366],[59.91407,53.2613],[59.92058,53.26037],[59.92654,53.2591],[59.9291,53.25973],[59.93212,53.25898],[59.9352,53.25782],[59.94238,53.25579],[59.94747,53.25646],[59.96704,53.26647],[59.96843,53.2699],[59.96892,53.27639],[59.97535,53.28274],[59.97523,53.28493],[59.97531,53.29211],[59.98246,53.29311],[59.98524,53.29391],[59.99745,53.28507],[60.01892,53.28368],[60.09069,53.27756],[60.09861,53.27665],[60.10655,53.27638],[60.11491,53.2755],[60.12287,53.27494],[60.12934,53.28298],[60.13656,53.29151],[60.13988,53.29593],[60.1507,53.31404],[60.17235,53.31475],[60.17598,53.31458],[60.19196,53.3151],[60.22422,53.31573],[60.23734,53.31629],[60.2442,53.31683],[60.24444,53.31416],[60.24387,53.3109],[60.24327,53.3094],[60.24567,53.30939],[60.24942,53.30964],[60.25044,53.30998],[60.25143,53.30996],[60.25209,53.31025],[60.25301,53.30992],[60.25359,53.31007],[60.25394,53.30989],[60.25476,53.30997],[60.25661,53.30963],[60.25724,53.30986],[60.25847,53.30977],[60.26118,53.30823],[60.26134,53.30785],[60.26128,53.30721],[60.26206,53.30699],[60.26239,53.30707],[60.26288,53.30685],[60.26308,53.30386],[60.26761,53.30369],[60.27811,53.30287],[60.27843,53.30293],[60.28003,53.30666],[60.28287,53.30681],[60.28601,53.30751],[60.28628,53.30787],[60.28677,53.30811],[60.28865,53.3082],[60.28934,53.30845],[60.29048,53.30855],[60.29134,53.3092],[60.29284,53.30959],[60.29547,53.3099],[60.29617,53.31035],[60.29718,53.31058],[60.29894,53.31147],[60.3001,53.31163],[60.30104,53.3121],[60.30194,53.3122],[60.30258,53.31246],[60.30402,53.31311],[60.30182,53.31492],[60.29992,53.3171],[60.29442,53.3222],[60.28823,53.32748],[60.28443,53.33114],[60.28073,53.33441],[60.29696,53.35021],[60.2916,53.35431],[60.29223,53.3546],[60.29204,53.35538],[60.29103,53.35653],[60.29039,53.35675],[60.28995,53.35723],[60.28936,53.35745],[60.2889,53.35788],[60.28829,53.35815],[60.28824,53.3586],[60.28856,53.35905],[60.28723,53.36051],[60.28608,53.36048],[60.28546,53.36066],[60.28527,53.36087],[60.28517,53.3616],[60.28428,53.36188],[60.28368,53.36282],[60.28237,53.36372],[60.28111,53.36518],[60.28049,53.36559],[60.27953,53.36592],[60.27885,53.36658],[60.27807,53.36677],[60.27766,53.3672],[60.2768,53.36741],[60.27644,53.36846],[60.27652,53.36916],[60.27595,53.36972],[60.2745,53.37034],[60.27335,53.3706],[60.27254,53.37131],[60.27068,53.37146],[60.27014,53.37174],[60.26898,53.37168],[60.26488,53.37716],[60.26426,53.37822],[60.25867,53.38169],[60.25291,53.38473],[60.24112,53.39143],[60.23794,53.39454],[60.24752,53.39905],[60.2502,53.41058],[60.25117,53.41744],[60.25168,53.41996],[60.25361,53.42737],[60.26314,53.44945],[60.27281,53.44698],[60.27984,53.44563],[60.28535,53.44423],[60.29647,53.44236],[60.32505,53.4401],[60.32843,53.43958],[60.36209,53.43689],[60.37965,53.43794],[60.39943,53.42774],[60.41008,53.42178],[60.41339,53.42026],[60.41482,53.41905],[60.41525,53.39977],[60.415,53.3956],[60.41546,53.39242],[60.41516,53.38582],[60.41531,53.37682],[60.45955,53.37698],[60.45918,53.37373],[60.49509,53.3721],[60.52768,53.37221],[60.54922,53.37253],[60.57894,53.37216],[60.55793,53.30763],[60.55919,53.30748],[60.56049,53.30766],[60.56438,53.30744],[60.56799,53.30815],[60.57195,53.30871],[60.57254,53.30824],[60.57331,53.30801],[60.57426,53.30743],[60.5754,53.30752],[60.57607,53.30775],[60.57638,53.30809],[60.57644,53.30868],[60.57675,53.30896],[60.57837,53.30896],[60.57948,53.30927],[60.58103,53.30861],[60.58633,53.30732],[60.5873,53.30727],[60.58812,53.30696],[60.58884,53.30701],[60.58978,53.30756],[60.59052,53.30742],[60.59094,53.3077],[60.59182,53.30774],[60.59259,53.30754],[60.59306,53.30719],[60.59327,53.30684],[60.59398,53.3063],[60.59405,53.30569],[60.59477,53.30519],[60.59584,53.3048],[60.5963,53.30476],[60.59862,53.30451],[60.60122,53.30458],[60.60317,53.3049],[60.60605,53.3057],[60.60664,53.30556],[60.60743,53.30503],[60.60829,53.30513],[60.60894,53.30557],[60.60923,53.30614],[60.60893,53.30657],[60.60911,53.30696],[60.61034,53.30792],[60.61089,53.30797],[60.6126,53.3076],[60.61363,53.30797],[60.61646,53.30769],[60.6173,53.3079],[60.63659,53.30223],[60.66473,53.29468],[60.68525,53.29348],[60.71583,53.30082],[60.71693,53.28449],[60.7295,53.26791],[60.70392,53.25293],[60.71091,53.2427],[60.72516,53.24586],[60.74149,53.25021],[60.75462,53.26087],[60.77426,53.26261],[60.79182,53.25843],[60.79197,53.26454],[60.79986,53.27366],[60.80342,53.2772],[60.81145,53.27641],[60.82442,53.27827],[60.84556,53.27002],[60.85605,53.26183],[60.8628,53.2561],[60.87142,53.26787],[60.88359,53.28537],[60.89252,53.28455],[60.89294,53.28446],[60.89372,53.28519],[60.89735,53.28405],[60.90032,53.28331],[60.90701,53.27672],[60.91111,53.2718],[60.90976,53.26941],[60.90734,53.26195],[60.90397,53.25766],[60.90157,53.25559],[60.89511,53.25095],[60.88979,53.24645],[60.89591,53.2318],[60.93436,53.22611],[60.9034,53.19832],[60.9149,53.1804],[60.9292,53.15987],[60.93067,53.15775],[60.94404,53.14772],[60.95473,53.13868],[60.97971,53.12114],[60.98404,53.11903],[60.98618,53.1167],[60.99096,53.11318],[60.9845,53.11163],[60.98804,53.10543],[60.99402,53.09416],[60.99723,53.08662],[60.99525,53.08248],[60.99494,53.07896],[60.99099,53.07897],[60.99112,53.07554],[60.99296,53.06712],[60.99603,53.06367],[61.04357,53.00382],[61.04647,52.99898],[61.06064,52.97912],[61.04929,52.98082],[61.04447,52.9796],[61.03736,52.97973],[61.03426,52.97811],[61.02679,52.97723],[61.01679,52.97822],[61.00796,52.97828],[61.0291,52.95088],[61.05491,52.93946],[61.07666,52.92817],[61.07332,52.92324],[61.06937,52.92159],[61.06439,52.92169],[61.06251,52.91952],[61.05512,52.91838],[61.04688,52.91703],[61.04448,52.91548],[61.04585,52.91393],[61.04517,52.91237],[61.04191,52.91144],[61.04191,52.90999],[61.03779,52.90658],[61.03847,52.90544],[61.03727,52.90378],[61.03435,52.90306],[61.02903,52.90005],[61.02594,52.89985],[61.02543,52.89829],[61.01478,52.89446],[61.01169,52.89519],[61.00706,52.89332],[60.99985,52.88887],[60.99504,52.88794],[60.99161,52.88669],[60.9868,52.88659],[60.98423,52.88524],[60.98354,52.88296],[60.98028,52.88079],[60.97788,52.87768],[60.97822,52.87437],[60.97616,52.87022],[60.97376,52.86763],[60.97067,52.86649],[60.96586,52.86649],[60.96157,52.85996],[60.9602,52.85789],[60.95196,52.85416],[60.94904,52.8525],[60.94097,52.84794],[60.93479,52.84732],[60.93153,52.84628],[60.92552,52.84607],[60.92174,52.84472],[60.9099,52.83995],[60.90235,52.83446],[60.89737,52.83321],[60.89342,52.83456],[60.88878,52.83249],[60.88792,52.83069],[60.88345,52.83051],[60.87222,52.83278],[60.88526,52.82167],[60.83415,52.77415],[60.82308,52.77531],[60.73381,52.761],[60.71222,52.76453],[60.71395,52.69871],[60.68537,52.69835],[60.66691,52.69946],[60.65068,52.69947],[60.64789,52.71474],[60.64553,52.71492],[60.64097,52.71495],[60.63393,52.71467],[60.6312,52.71441],[60.60962,52.71099],[60.56556,52.69487],[60.56385,52.69861],[60.55213,52.71433],[60.55513,52.72851],[60.55195,52.73142],[60.54407,52.74882],[60.57043,52.76255],[60.5614,52.76948],[60.51927,52.77016],[60.52107,52.77222],[60.50421,52.77237],[60.4742,52.77264],[60.44235,52.77253],[60.43114,52.77226],[60.41516,52.77227],[60.41101,52.77082],[60.40574,52.76873],[60.40261,52.76628],[60.39925,52.76278],[60.39922,52.75404],[60.39831,52.74579],[60.39725,52.73116],[60.39643,52.72386],[60.39639,52.71876],[60.34242,52.71964],[60.33831,52.72958],[60.3344,52.73853],[60.32019,52.74488],[60.31703,52.74671],[60.24844,52.77906],[60.21329,52.76682],[60.15011,52.76584],[60.088,52.76103],[60.03899,52.76374],[60.03881,52.76367],[60.03453,52.76967],[60.01394,52.77244],[60.00925,52.76848],[59.99155,52.76894],[59.98354,52.77934],[59.97532,52.7848],[59.96099,52.7853],[59.96194,52.80095],[59.92741,52.80318],[59.91234,52.80119],[59.90767,52.81686],[59.90726,52.81997],[59.89837,52.82587],[59.89834,52.82886],[59.89914,52.83636],[59.89093,52.83714],[59.8905,52.84439],[59.88144,52.85767],[59.8793,52.86105],[59.87595,52.86733],[59.86317,52.87173],[59.83877,52.88129],[59.83994,52.88671],[59.79579,52.8915],[59.81562,52.91111],[59.83007,52.92462],[59.83093,52.93938],[59.83129,52.94462],[59.86093,52.96538],[59.8689,52.97075],[59.86215,52.97924],[59.85188,52.98357],[59.84335,52.98683],[59.80962,53.00058],[59.78521,53.01505],[59.78527,53.01518],[59.7885,53.01597],[59.79162,53.01635],[59.79623,53.0175],[59.7987,53.01925],[59.80105,53.02134],[59.80163,53.02218],[59.80389,53.02362],[59.80536,53.02503],[59.80718,53.02712],[59.80829,53.02792],[59.8132,53.03059],[59.81838,53.03393],[59.8202,53.0343],[59.82267,53.03449],[59.82379,53.03481],[59.82527,53.03614],[59.82541,53.03733],[59.82575,53.03775],[59.82625,53.03818],[59.82832,53.03925],[59.82929,53.04008],[59.82974,53.04073],[59.83009,53.04187],[59.8301,53.04247],[59.83124,53.04558],[59.83159,53.04624],[59.83382,53.04876],[59.8111,53.05316],[59.78993,53.06022],[59.78073,53.06352],[59.77035,53.07624],[59.7583,53.09151],[59.74945,53.10237],[59.74647,53.1064],[59.7426,53.10655],[59.73755,53.10842],[59.73431,53.10941],[59.71349,53.11415],[59.70981,53.11523]],[[60.54459,53.01514],[60.55104,53.00377],[60.55723,53.00293],[60.5675,53.00427],[60.56931,53.00569],[60.57264,53.0031],[60.58069,53.00995],[60.57818,53.02555],[60.58251,53.02917],[60.58692,53.02777],[60.58999,53.02933],[60.58763,53.03167],[60.59814,53.03636],[60.61408,53.03103],[60.61638,53.03001],[60.618,53.02962],[60.62057,53.02948],[60.62231,53.03044],[60.62651,53.03482],[60.62423,53.04641],[60.62468,53.04717],[60.6268,53.0491],[60.6252,53.05168],[60.61929,53.054],[60.61205,53.05207],[60.60191,53.0495],[60.58884,53.04492],[60.56324,53.03217],[60.54459,53.01514]]]]}},{"type":"Feature","properties":{"osm_id":-398388,"name":"Верхнеуфалейский городской округ","admin_level":6},"geometry":{"type":"MultiPolygon","coordinates":[[[[59.802,55.77858],[59.80245,55.78005],[59.80524,55.79291],[59.81074,55.81605],[59.81144,55.81674],[59.8118,55.81784],[59.81137,55.81958],[59.81146,55.82025],[59.81208,55.82121],[59.81508,55.82325],[59.81603,55.82421],[59.81793,55.82559],[59.81905,55.8276],[59.81988,55.82849],[59.81944,55.82942],[59.81944,55.8301],[59.82018,55.83187],[59.82028,55.83318],[59.82015,55.83365],[59.81866,55.83549],[59.81855,55.83664],[59.81771,55.83797],[59.81772,55.83823],[59.8184,55.83932],[59.82212,55.84238],[59.82465,55.84555],[59.82467,55.84629],[59.82484,55.8466],[59.82774,55.8491],[59.82872,55.84974],[59.82965,55.85012],[59.83054,55.85107],[59.83234,55.85206],[59.8334,55.85453],[59.83526,55.85655],[59.83571,55.85727],[59.83586,55.85888],[59.83551,55.85935],[59.83467,55.85974],[59.83416,55.86017],[59.834,55.86041],[59.83406,55.86114],[59.83384,55.86154],[59.83407,55.86239],[59.83484,55.86385],[59.83485,55.86453],[59.8358,55.86545],[59.83641,55.86556],[59.83693,55.86594],[59.8369,55.86732],[59.83583,55.86798],[59.83587,55.86839],[59.83651,55.86852],[59.83661,55.86867],[59.83634,55.86916],[59.83643,55.86977],[59.83597,55.86986],[59.83585,55.87002],[59.83717,55.87047],[59.83783,55.8712],[59.83827,55.87139],[59.83888,55.87195],[59.839,55.87329],[59.83967,55.87377],[59.83965,55.87423],[59.83934,55.87475],[59.83939,55.87501],[59.84057,55.87558],[59.8398,55.87595],[59.83973,55.87634],[59.84048,55.87704],[59.84119,55.87729],[59.84155,55.87765],[59.84157,55.87844],[59.84119,55.87976],[59.84132,55.88025],[59.84171,55.88092],[59.84284,55.8819],[59.84404,55.88197],[59.84432,55.88277],[59.8437,55.88404],[59.84299,55.88413],[59.84218,55.88469],[59.84174,55.88568],[59.84209,55.88621],[59.8419,55.88657],[59.84199,55.88672],[59.84261,55.88689],[59.84272,55.88715],[59.8421,55.8876],[59.84182,55.88827],[59.8421,55.8895],[59.84225,55.88961],[59.8422,55.89022],[59.84201,55.89048],[59.84205,55.89105],[59.84392,55.89276],[59.84622,55.89321],[59.84761,55.89372],[59.84864,55.89497],[59.8491,55.89526],[59.84969,55.8962],[59.85177,55.89737],[59.85298,55.89867],[59.85292,55.89932],[59.85268,55.89949],[59.8514,55.89982],[59.84977,55.89999],[59.84849,55.90091],[59.84696,55.90145],[59.84666,55.90169],[59.84695,55.90196],[59.8494,55.90204],[59.85332,55.90253],[59.85664,55.90231],[59.86016,55.90308],[59.86125,55.90303],[59.86212,55.90257],[59.8636,55.90243],[59.86487,55.90211],[59.86626,55.9022],[59.86779,55.90262],[59.86861,55.90312],[59.86868,55.90374],[59.86764,55.90452],[59.86749,55.90479],[59.86751,55.90546],[59.8679,55.90603],[59.86986,55.90643],[59.87249,55.90667],[59.87509,55.90638],[59.87551,55.9062],[59.87663,55.90524],[59.8776,55.90487],[59.87822,55.90481],[59.87928,55.90491],[59.8807,55.90557],[59.88159,55.90565],[59.88719,55.90568],[59.89009,55.90559],[59.89188,55.90585],[59.89283,55.90617],[59.89873,55.90894],[59.89896,55.90942],[59.89885,55.90963],[59.89804,55.91021],[59.89781,55.91136],[59.89731,55.91181],[59.89673,55.91308],[59.89591,55.91339],[59.89591,55.91377],[59.89624,55.91408],[59.89653,55.9147],[59.89831,55.91634],[59.89877,55.91664],[59.89967,55.9169],[59.90003,55.91745],[59.90059,55.91775],[59.90071,55.91816],[59.90113,55.91855],[59.90285,55.91931],[59.90331,55.91994],[59.90432,55.9205],[59.90387,55.92145],[59.90336,55.9217],[59.90331,55.92214],[59.90211,55.92303],[59.90279,55.92434],[59.9031,55.92461],[59.90315,55.92509],[59.9038,55.92564],[59.90381,55.92581],[59.90338,55.92615],[59.90333,55.92774],[59.90405,55.92848],[59.90515,55.92876],[59.9055,55.92913],[59.90533,55.9295],[59.90474,55.92992],[59.90465,55.93153],[59.90518,55.9325],[59.90636,55.9334],[59.90659,55.93397],[59.90566,55.93547],[59.90387,55.93637],[59.90293,55.93656],[59.90172,55.93711],[59.90041,55.93865],[59.89979,55.93887],[59.89905,55.93946],[59.89828,55.94018],[59.8982,55.94071],[59.89781,55.94133],[59.8979,55.94152],[59.89779,55.94196],[59.89827,55.94233],[59.90068,55.94254],[59.90185,55.94284],[59.90452,55.94414],[59.90813,55.94531],[59.90899,55.94542],[59.9095,55.94585],[59.91085,55.94601],[59.91142,55.94627],[59.91228,55.94703],[59.91331,55.94746],[59.91513,55.9488],[59.91502,55.94956],[59.91374,55.95103],[59.9134,55.95122],[59.91276,55.95223],[59.912,55.95297],[59.91162,55.95435],[59.91092,55.9553],[59.911,55.95644],[59.91079,55.9568],[59.91088,55.95771],[59.91035,55.9581],[59.91065,55.95882],[59.91078,55.96018],[59.91129,55.96072],[59.91176,55.96158],[59.91176,55.96215],[59.91126,55.9627],[59.90964,55.96364],[59.90924,55.96441],[59.90863,55.96483],[59.90853,55.9653],[59.90821,55.96558],[59.90823,55.96625],[59.90916,55.96769],[59.90956,55.96917],[59.91004,55.97004],[59.91111,55.9712],[59.91359,55.97322],[59.91615,55.97464],[59.91671,55.9748],[59.91691,55.97512],[59.91778,55.97564],[59.92051,55.9768],[59.92105,55.97733],[59.92035,55.97818],[59.91963,55.97855],[59.91826,55.98028],[59.91791,55.98098],[59.91796,55.98136],[59.91775,55.98162],[59.91802,55.98297],[59.89543,55.98505],[59.90005,55.98668],[59.90342,55.99438],[59.91441,55.9988],[59.92089,56.00433],[59.9233,56.01053],[59.9224,56.01682],[59.91738,56.01884],[59.91658,56.02244],[59.93239,56.0326],[59.93363,56.03602],[59.94673,56.04574],[59.94751,56.04652],[59.9503,56.05078],[59.95068,56.05181],[59.95097,56.05204],[59.95885,56.05509],[59.95828,56.05957],[59.96725,56.07706],[59.96818,56.07915],[59.96624,56.09226],[59.96766,56.09602],[59.96869,56.10011],[59.97265,56.10702],[59.97387,56.11064],[59.97657,56.12118],[59.97905,56.12461],[59.98212,56.12942],[59.999,56.1663],[60.0012,56.17072],[60.0031,56.18907],[60.00425,56.19434],[60.00402,56.19778],[60.00363,56.19798],[60.00347,56.19826],[60.00345,56.19938],[60.00235,56.20123],[59.9997,56.20873],[60.00401,56.22064],[60.01838,56.22502],[60.02285,56.22423],[60.02924,56.22306],[60.03223,56.22173],[60.05096,56.21355],[60.05688,56.21359],[60.06313,56.2135],[60.0645,56.21361],[60.07358,56.21747],[60.07702,56.21779],[60.10261,56.21884],[60.13033,56.21497],[60.14055,56.21389],[60.14499,56.21435],[60.15105,56.21505],[60.15789,56.2161],[60.16201,56.2167],[60.1706,56.21708],[60.17555,56.21553],[60.19016,56.20939],[60.1927,56.20827],[60.2006,56.20266],[60.21241,56.20232],[60.22248,56.20128],[60.22505,56.2011],[60.22787,56.20064],[60.23029,56.20056],[60.23233,56.2005],[60.23524,56.20017],[60.23966,56.19998],[60.24715,56.19983],[60.25895,56.19975],[60.26037,56.20176],[60.25985,56.20969],[60.26024,56.21216],[60.26072,56.21277],[60.26156,56.21353],[60.26558,56.21563],[60.26958,56.2174],[60.2708,56.21883],[60.27392,56.22162],[60.27869,56.22449],[60.28157,56.22595],[60.28616,56.22743],[60.29006,56.22846],[60.29044,56.22852],[60.29076,56.22797],[60.29134,56.22729],[60.29221,56.22659],[60.29306,56.22617],[60.2939,56.22593],[60.29451,56.22571],[60.29519,56.2254],[60.29581,56.22504],[60.29631,56.22491],[60.29698,56.22491],[60.29779,56.22501],[60.29882,56.22509],[60.2991,56.22503],[60.29972,56.22477],[60.30003,56.22459],[60.30056,56.22455],[60.30128,56.22457],[60.30257,56.22468],[60.30326,56.2247],[60.30371,56.22467],[60.30436,56.22465],[60.30488,56.22478],[60.3059,56.22515],[60.30645,56.22526],[60.30694,56.22544],[60.30755,56.22581],[60.30828,56.22632],[60.30877,56.22684],[60.309,56.22725],[60.30968,56.22798],[60.31043,56.22849],[60.31085,56.22862],[60.31147,56.2286],[60.31203,56.22852],[60.31316,56.22819],[60.31376,56.22812],[60.31445,56.22818],[60.31539,56.22841],[60.3171,56.22909],[60.31783,56.22936],[60.31886,56.2301],[60.31995,56.23079],[60.32064,56.23113],[60.32156,56.23131],[60.32303,56.23146],[60.32359,56.23141],[60.325,56.23105],[60.32693,56.23072],[60.32856,56.23036],[60.32983,56.23008],[60.33127,56.22988],[60.33278,56.22983],[60.33536,56.22987],[60.3372,56.23006],[60.33817,56.23015],[60.3392,56.2302],[60.33987,56.23017],[60.34096,56.23003],[60.34175,56.23004],[60.34272,56.23012],[60.34363,56.23028],[60.34519,56.23059],[60.34631,56.23095],[60.34728,56.23145],[60.34774,56.23177],[60.3483,56.2321],[60.34856,56.23215],[60.34942,56.23216],[60.35049,56.23215],[60.35169,56.23221],[60.35241,56.23233],[60.35292,56.23253],[60.35348,56.23274],[60.35408,56.23285],[60.35501,56.23285],[60.35571,56.23283],[60.35661,56.23282],[60.35724,56.23292],[60.35777,56.23305],[60.35862,56.2332],[60.3592,56.23321],[60.36014,56.23315],[60.36101,56.23299],[60.36151,56.23301],[60.36197,56.23308],[60.36236,56.23319],[60.36334,56.2333],[60.36381,56.23327],[60.36483,56.23308],[60.36727,56.23244],[60.37081,56.23173],[60.37524,56.23101],[60.38345,56.22989],[60.39146,56.22904],[60.40292,56.22749],[60.4093,56.22727],[60.42315,56.22678],[60.43455,56.22631],[60.43788,56.22612],[60.43795,56.22584],[60.43799,56.22516],[60.43782,56.22452],[60.43768,56.22412],[60.43846,56.22383],[60.44044,56.22371],[60.44601,56.22338],[60.45036,56.22321],[60.45332,56.22297],[60.45684,56.22243],[60.46522,56.22106],[60.4677,56.2223],[60.47106,56.22366],[60.47782,56.22628],[60.48571,56.22977],[60.49743,56.23458],[60.50262,56.23684],[60.50527,56.23548],[60.50682,56.23437],[60.50809,56.23376],[60.50928,56.23362],[60.51131,56.23347],[60.51274,56.23341],[60.51381,56.23315],[60.51502,56.23264],[60.51683,56.23206],[60.51855,56.23142],[60.52196,56.23003],[60.52462,56.22922],[60.52625,56.22871],[60.52734,56.22813],[60.52838,56.22719],[60.52915,56.22684],[60.52999,56.22658],[60.53137,56.22609],[60.53231,56.22562],[60.53373,56.22504],[60.53509,56.22451],[60.53621,56.2243],[60.53734,56.2242],[60.53815,56.22409],[60.54028,56.22357],[60.54212,56.22308],[60.54365,56.22254],[60.54557,56.22195],[60.54664,56.22171],[60.54839,56.22152],[60.55131,56.22135],[60.55384,56.22131],[60.55905,56.22128],[60.56153,56.22153],[60.56276,56.22155],[60.56398,56.22133],[60.56593,56.22066],[60.56805,56.21998],[60.56973,56.21911],[60.57233,56.21794],[60.57485,56.21657],[60.57729,56.21515],[60.57945,56.21384],[60.58049,56.21297],[60.58124,56.21215],[60.58156,56.2115],[60.58161,56.21075],[60.58153,56.21019],[60.58112,56.20962],[60.58227,56.20871],[60.58359,56.20739],[60.58708,56.20432],[60.59004,56.20149],[60.59355,56.1981],[60.59101,56.16964],[60.5868,56.16973],[60.58078,56.1686],[60.57792,56.16738],[60.57719,56.16607],[60.57477,56.16457],[60.56932,56.16347],[60.56563,56.16187],[60.51107,56.12124],[60.51154,56.11975],[60.51154,56.11928],[60.51144,56.11888],[60.51214,56.11856],[60.51296,56.11844],[60.51404,56.11827],[60.51596,56.1182],[60.51126,56.07375],[60.53458,56.05323],[60.54434,56.05223],[60.5428,56.03316],[60.50786,56.03432],[60.50688,56.02443],[60.5057,56.01467],[60.50523,56.0087],[60.50458,56.00465],[60.50417,55.99537],[60.50315,55.98699],[60.50008,55.95753],[60.49596,55.95783],[60.46648,55.95873],[60.45464,55.95891],[60.43881,55.95947],[60.41942,55.96065],[60.42318,55.95706],[60.36358,55.96272],[60.29439,55.96877],[60.2885,55.94829],[60.2809,55.92082],[60.27683,55.90702],[60.27205,55.89157],[60.2682,55.8776],[60.26682,55.87316],[60.25777,55.83418],[60.32304,55.8268],[60.32296,55.82659],[60.32236,55.8265],[60.32227,55.82623],[60.32102,55.82617],[60.32104,55.82592],[60.3208,55.82574],[60.32085,55.82552],[60.32035,55.8256],[60.3202,55.82547],[60.32048,55.8251],[60.32097,55.82509],[60.32025,55.82462],[60.31984,55.82411],[60.3195,55.82404],[60.31956,55.8238],[60.31896,55.82368],[60.31821,55.82304],[60.31711,55.82275],[60.31691,55.82246],[60.31592,55.82209],[60.31586,55.82189],[60.31539,55.82176],[60.31531,55.82157],[60.31489,55.8216],[60.31482,55.82187],[60.31445,55.82172],[60.31377,55.82187],[60.3136,55.82157],[60.31324,55.82179],[60.3126,55.82169],[60.31226,55.82104],[60.31291,55.82085],[60.3129,55.82071],[60.3125,55.82057],[60.3128,55.82035],[60.31198,55.81992],[60.3114,55.81992],[60.31037,55.81957],[60.31013,55.81976],[60.30936,55.81989],[60.30871,55.81966],[60.30786,55.81964],[60.30732,55.81932],[60.30719,55.81924],[60.30715,55.81878],[60.30687,55.81847],[60.30691,55.81823],[60.30669,55.81818],[60.30646,55.81834],[60.30543,55.81796],[60.30528,55.81764],[60.30549,55.81751],[60.30528,55.81742],[60.30552,55.81723],[60.30481,55.81701],[60.30495,55.81681],[60.30488,55.81651],[60.30419,55.81659],[60.30364,55.81613],[60.30261,55.81583],[60.30187,55.81534],[60.30099,55.81522],[60.30113,55.81496],[60.30017,55.81409],[60.29982,55.81409],[60.29961,55.81431],[60.2992,55.81426],[60.29895,55.81331],[60.29925,55.81312],[60.29881,55.81294],[60.29874,55.81269],[60.29912,55.81269],[60.29906,55.81246],[60.29865,55.81232],[60.29827,55.81153],[60.29739,55.81097],[60.29675,55.81099],[60.29673,55.81081],[60.29632,55.81048],[60.29599,55.81046],[60.29588,55.81075],[60.29549,55.81046],[60.29471,55.81102],[60.2948,55.81074],[60.2941,55.81037],[60.29382,55.81046],[60.29366,55.81023],[60.2928,55.81019],[60.29259,55.80986],[60.29082,55.80923],[60.29063,55.80925],[60.29052,55.80954],[60.28923,55.80948],[60.28927,55.80965],[60.2891,55.80975],[60.28882,55.80944],[60.2885,55.80937],[60.28797,55.8097],[60.28774,55.80964],[60.28783,55.80947],[60.2877,55.80942],[60.28694,55.80969],[60.28668,55.80966],[60.28667,55.80942],[60.28595,55.80945],[60.28573,55.80977],[60.28477,55.80973],[60.28495,55.80933],[60.28388,55.80901],[60.28257,55.80917],[60.28194,55.80896],[60.28141,55.80928],[60.28074,55.80873],[60.28028,55.80902],[60.27945,55.80839],[60.27849,55.80829],[60.27823,55.8078],[60.27779,55.80768],[60.27794,55.80745],[60.27785,55.80737],[60.27745,55.80716],[60.27695,55.80727],[60.27666,55.80686],[60.27684,55.80665],[60.27668,55.80647],[60.27595,55.80665],[60.27518,55.80654],[60.27508,55.80613],[60.27468,55.80607],[60.2745,55.8061],[60.27417,55.80656],[60.27373,55.80656],[60.27366,55.80604],[60.274,55.80592],[60.27128,55.80475],[60.27117,55.80431],[60.27137,55.80398],[60.27036,55.80292],[60.26855,55.80261],[60.26803,55.80224],[60.26801,55.80179],[60.26756,55.80162],[60.26788,55.80125],[60.26723,55.8007],[60.26507,55.79964],[60.26497,55.79934],[60.26537,55.79919],[60.26522,55.7987],[60.26431,55.79836],[60.26397,55.79797],[60.26408,55.79782],[60.26454,55.79776],[60.26453,55.79758],[60.26362,55.79742],[60.264,55.79702],[60.26406,55.79669],[60.26432,55.79653],[60.26385,55.79623],[60.26454,55.79597],[60.2643,55.79572],[60.26447,55.79553],[60.26507,55.79557],[60.26458,55.79519],[60.26484,55.79496],[60.2651,55.79497],[60.26523,55.79475],[60.26578,55.79476],[60.26597,55.7943],[60.26572,55.79409],[60.26578,55.79391],[60.26627,55.79399],[60.26611,55.79344],[60.26544,55.79341],[60.26524,55.79312],[60.26585,55.79285],[60.26519,55.79244],[60.26481,55.79255],[60.26473,55.79208],[60.26403,55.79222],[60.26351,55.79178],[60.26308,55.79188],[60.26301,55.79162],[60.26278,55.79151],[60.26238,55.79161],[60.26206,55.7915],[60.26188,55.79098],[60.26212,55.79093],[60.26216,55.79075],[60.26165,55.79049],[60.26087,55.78974],[60.26102,55.78953],[60.26076,55.78937],[60.26094,55.78921],[60.26084,55.78896],[60.2602,55.78853],[60.25832,55.78829],[60.25832,55.78786],[60.25775,55.78756],[60.25823,55.78718],[60.25817,55.78701],[60.25689,55.78658],[60.25677,55.78622],[60.25592,55.78585],[60.25398,55.78553],[60.25211,55.78561],[60.25157,55.78542],[60.25091,55.78584],[60.25008,55.78593],[60.24915,55.78642],[60.24459,55.78651],[60.24213,55.78622],[60.23507,55.78443],[60.23408,55.78433],[60.2288,55.78446],[60.2268,55.78418],[60.22555,55.78345],[60.22467,55.78325],[60.22106,55.78333],[60.20611,55.77656],[60.15592,55.75335],[60.14713,55.74974],[60.14288,55.74875],[60.1404,55.74797],[60.12875,55.7455],[60.13091,55.74937],[60.12369,55.75406],[60.11779,55.7522],[59.99759,55.76195],[59.89882,55.77071],[59.802,55.77858]]]]}},{"type":"Feature","properties":{"osm_id":-398401,"name":"Брединский район","admin_level":6},"geometry":{"type":"MultiPolygon","coordinates":[[[[59.34535,52.47186],[59.35464,52.49688],[59.35973,52.50971],[59.36194,52.51685],[59.36983,52.53605],[59.37018,52.5369],[59.4309,52.52826],[59.47072,52.52248],[59.47329,52.5246],[59.47889,52.52932],[59.47132,52.53199],[59.47742,52.54821],[59.4805,52.55282],[59.48132,52.55406],[59.48435,52.56193],[59.48933,52.57486],[59.48084,52.57701],[59.48103,52.57725],[59.48406,52.58106],[59.48624,52.58788],[59.50319,52.59873],[59.50425,52.59941],[59.48751,52.6201],[59.48692,52.62975],[59.48569,52.64463],[59.48237,52.64532],[59.48256,52.64652],[59.48327,52.64755],[59.48387,52.64791],[59.48462,52.64816],[59.48585,52.64824],[59.48641,52.64847],[59.48745,52.6485],[59.4888,52.64912],[59.4905,52.64903],[59.49104,52.64924],[59.49231,52.64931],[59.4931,52.64927],[59.49479,52.64873],[59.49972,52.64893],[59.50085,52.64913],[59.50225,52.64867],[59.50339,52.64853],[59.50473,52.64812],[59.50487,52.64809],[59.50595,52.64786],[59.50626,52.64764],[59.50641,52.64729],[59.50778,52.64589],[59.50957,52.64532],[59.51074,52.64477],[59.5124,52.64381],[59.51294,52.64333],[59.51343,52.64268],[59.51379,52.64236],[59.51418,52.64226],[59.51902,52.64254],[59.51976,52.64299],[59.52004,52.64339],[59.52022,52.6438],[59.52025,52.64478],[59.51953,52.64569],[59.51943,52.64626],[59.51904,52.64695],[59.51926,52.64816],[59.51859,52.64926],[59.5188,52.64974],[59.51915,52.65003],[59.52063,52.65068],[59.52221,52.6515],[59.52285,52.65181],[59.5234,52.65186],[59.52583,52.65163],[59.52707,52.6517],[59.52847,52.65211],[59.52931,52.65304],[59.53005,52.65342],[59.53144,52.65346],[59.53212,52.65332],[59.53262,52.65318],[59.53598,52.65236],[59.53696,52.65199],[59.53756,52.65075],[59.5384,52.65005],[59.53881,52.64992],[59.53974,52.6499],[59.5409,52.65012],[59.54317,52.6514],[59.54465,52.65155],[59.54521,52.65149],[59.54576,52.65119],[59.54623,52.65052],[59.54638,52.64997],[59.5459,52.64878],[59.54579,52.64798],[59.54629,52.64749],[59.54685,52.64723],[59.54731,52.64663],[59.54748,52.64638],[59.54869,52.64429],[59.54924,52.64356],[59.55021,52.64298],[59.55099,52.64313],[59.5529,52.64244],[59.55489,52.64246],[59.55566,52.64272],[59.55802,52.64653],[59.55913,52.64763],[59.56091,52.64789],[59.56339,52.64781],[59.56461,52.64764],[59.56548,52.64714],[59.56617,52.64705],[59.56773,52.64759],[59.56848,52.64806],[59.56861,52.64828],[59.56852,52.64842],[59.56748,52.64869],[59.56738,52.64884],[59.56733,52.64932],[59.56752,52.64981],[59.56801,52.65013],[59.56905,52.65046],[59.57013,52.65055],[59.5704,52.65076],[59.57111,52.65107],[59.57283,52.65138],[59.57287,52.65173],[59.57237,52.65248],[59.57266,52.65338],[59.57264,52.65403],[59.5731,52.65461],[59.5734,52.65584],[59.57451,52.65646],[59.58835,52.65321],[59.60516,52.64917],[59.62753,52.64471],[59.66004,52.6382],[59.67365,52.63692],[59.67783,52.63671],[59.68452,52.63224],[59.69518,52.62661],[59.70914,52.61975],[59.7207,52.61448],[59.7335,52.60772],[59.74119,52.6036],[59.74582,52.60069],[59.73826,52.59824],[59.77179,52.58959],[59.79298,52.60563],[59.80189,52.5978],[59.81139,52.6052],[59.82992,52.62011],[59.85186,52.63815],[59.86427,52.64286],[59.8939,52.65445],[59.91434,52.66238],[59.92184,52.66513],[59.9315,52.69008],[59.93609,52.70253],[59.94112,52.71467],[59.94695,52.73018],[59.94393,52.73179],[59.94012,52.73711],[59.93849,52.73904],[59.93916,52.74291],[59.94274,52.74378],[59.94674,52.74187],[59.97119,52.74497],[59.97688,52.74892],[59.97941,52.74882],[59.98744,52.73848],[60.002,52.73835],[60.00447,52.74522],[60.01187,52.75088],[60.01966,52.75653],[60.03881,52.76367],[60.03899,52.76374],[60.088,52.76103],[60.15011,52.76584],[60.21329,52.76682],[60.24844,52.77906],[60.31703,52.74671],[60.32019,52.74488],[60.3344,52.73853],[60.33831,52.72958],[60.34242,52.71964],[60.39639,52.71876],[60.39643,52.72386],[60.39725,52.73116],[60.39831,52.74579],[60.39922,52.75404],[60.39925,52.76278],[60.40261,52.76628],[60.40574,52.76873],[60.41101,52.77082],[60.41516,52.77227],[60.43114,52.77226],[60.44235,52.77253],[60.4742,52.77264],[60.50421,52.77237],[60.52107,52.77222],[60.51927,52.77016],[60.5614,52.76948],[60.57043,52.76255],[60.54407,52.74882],[60.55195,52.73142],[60.55513,52.72851],[60.55213,52.71433],[60.56385,52.69861],[60.56556,52.69487],[60.60962,52.71099],[60.6312,52.71441],[60.63393,52.71467],[60.64097,52.71495],[60.64553,52.71492],[60.64789,52.71474],[60.65068,52.69947],[60.66691,52.69946],[60.68537,52.69835],[60.71395,52.69871],[60.71489,52.66261],[60.74436,52.65147],[60.74425,52.63179],[60.74727,52.63097],[60.74753,52.6297],[60.7492,52.62909],[60.7534,52.62899],[60.75609,52.62858],[60.76146,52.62669],[60.76499,52.62685],[60.7686,52.62756],[60.77313,52.62888],[60.77599,52.62975],[60.77884,52.63041],[60.78623,52.63067],[60.78967,52.63046],[60.79286,52.62955],[60.7958,52.62919],[60.79924,52.62868],[60.80092,52.62975],[60.80377,52.63097],[60.80554,52.63153],[60.80772,52.63153],[60.80931,52.63057],[60.81102,52.63185],[60.8143,52.63136],[60.81543,52.63166],[60.8171,52.6312],[60.81874,52.63258],[60.82046,52.63331],[60.82286,52.63508],[60.82578,52.63581],[60.83093,52.63696],[60.83316,52.63904],[60.8354,52.63821],[60.83608,52.63748],[60.84003,52.63821],[60.84165,52.64047],[60.84341,52.64111],[60.84144,52.52173],[60.98097,52.50769],[60.9826,52.49274],[60.99118,52.42363],[61.06735,52.3476],[61.06044,52.34492],[61.05598,52.34262],[61.0534,52.34104],[61.04654,52.33842],[61.04276,52.33517],[61.03606,52.33223],[61.03469,52.33055],[61.0316,52.32992],[61.02885,52.33024],[61.02361,52.33002],[61.0194,52.32928],[61.01065,52.32607],[61.00961,52.32379],[61.00955,52.32244],[61.00877,52.31859],[61.00705,52.31576],[61.00431,52.31345],[60.99744,52.30925],[60.99057,52.30768],[60.98869,52.3061],[60.9868,52.30243],[60.9868,52.29981],[60.98663,52.29844],[60.98354,52.29487],[60.98182,52.29309],[60.98148,52.29036],[60.98045,52.28899],[60.97701,52.287],[60.97547,52.28584],[60.97361,52.28359],[60.97156,52.28304],[60.96778,52.28168],[60.96418,52.2801],[60.96331,52.27708],[60.95782,52.27477],[60.95232,52.27067],[60.94975,52.2692],[60.94547,52.2675],[60.94425,52.26637],[60.94082,52.26637],[60.93843,52.26529],[60.93327,52.26342],[60.93018,52.2629],[60.92778,52.26395],[60.92469,52.26277],[60.92314,52.26143],[60.91902,52.26027],[60.91576,52.25838],[60.90941,52.25691],[60.90272,52.25447],[60.89962,52.25271],[60.8967,52.25145],[60.89327,52.25134],[60.88812,52.25029],[60.88332,52.24932],[60.87937,52.24955],[60.87765,52.24924],[60.87456,52.24829],[60.87199,52.24693],[60.87044,52.24609],[60.86769,52.24346],[60.86375,52.24167],[60.86014,52.24041],[60.85396,52.24031],[60.84984,52.23925],[60.84847,52.23747],[60.84675,52.23568],[60.84503,52.234],[60.8404,52.23242],[60.83835,52.23176],[60.8368,52.23011],[60.83182,52.22948],[60.82718,52.22937],[60.82512,52.228],[60.82049,52.22811],[60.81706,52.22871],[60.81328,52.2279],[60.80641,52.228],[60.80246,52.22811],[60.79817,52.22737],[60.79268,52.2279],[60.78924,52.22969],[60.78667,52.22927],[60.78358,52.23011],[60.78049,52.22906],[60.77873,52.22635],[60.77947,52.22368],[60.77614,52.22103],[60.77663,52.21874],[60.77453,52.21712],[60.77396,52.21479],[60.77484,52.21433],[60.77323,52.2109],[60.77219,52.21003],[60.772,52.20815],[60.7706,52.20702],[60.77005,52.20565],[60.76664,52.20265],[60.76346,52.20178],[60.7627,52.20002],[60.76034,52.1976],[60.7584,52.19398],[60.75455,52.19112],[60.7442,52.18315],[60.74251,52.17948],[60.73797,52.17614],[60.73279,52.17338],[60.72735,52.17042],[60.72432,52.16226],[60.72005,52.15959],[60.71666,52.15606],[60.5104,52.15692],[60.41192,52.10186],[60.40604,52.09811],[60.39056,52.08807],[60.34025,52.05485],[60.26157,52.01632],[60.1981,51.99078],[60.00169,51.9933],[59.99988,51.99679],[59.97557,52.03357],[59.90792,52.04017],[59.91947,52.06426],[59.90544,52.08224],[59.93308,52.08497],[59.96814,52.15187],[60.01607,52.17555],[60.05683,52.17654],[60.05501,52.18232],[60.06739,52.19634],[60.08257,52.21614],[60.12291,52.22167],[60.14436,52.24477],[60.17389,52.26028],[60.17146,52.26445],[60.17253,52.26684],[60.16016,52.28293],[60.163,52.40012],[60.07621,52.4115],[60.03756,52.42293],[60.02114,52.41344],[60.00377,52.41967],[59.95728,52.42103],[59.91826,52.42202],[59.86014,52.46463],[59.83473,52.47593],[59.82417,52.48006],[59.73346,52.43406],[59.73404,52.4226],[59.72562,52.42243],[59.72562,52.42045],[59.70401,52.41624],[59.67756,52.40869],[59.66948,52.42387],[59.67253,52.43897],[59.67049,52.43978],[59.66348,52.43912],[59.65828,52.44126],[59.54765,52.44217],[59.52343,52.41193],[59.52319,52.40962],[59.52022,52.40904],[59.51989,52.40706],[59.51815,52.40649],[59.51667,52.40475],[59.51279,52.40343],[59.51139,52.40335],[59.50817,52.40137],[59.50636,52.40154],[59.50462,52.39989],[59.50174,52.39898],[59.48919,52.42744],[59.46762,52.44217],[59.44328,52.45743],[59.41907,52.45937],[59.41626,52.46126],[59.41453,52.46085],[59.41362,52.479],[59.41527,52.48321],[59.41849,52.48709],[59.41486,52.48511],[59.4123,52.48469],[59.40603,52.47958],[59.39935,52.47455],[59.39572,52.4724],[59.39374,52.4705],[59.39151,52.46918],[59.38722,52.46885],[59.38289,52.47063],[59.37002,52.47244],[59.35245,52.47193],[59.34535,52.47186]]]]}},{"type":"Feature","properties":{"osm_id":-398414,"name":"Чебаркульский район","admin_level":6},"geometry":{"type":"MultiPolygon","coordinates":[[[[59.8812,54.65826],[59.8857,54.66655],[59.89124,54.67208],[59.89273,54.67719],[59.8972,54.68464],[59.89762,54.70492],[59.91593,54.7269],[59.93189,54.74797],[59.94692,54.76987],[59.93361,54.78151],[59.93133,54.78449],[59.92896,54.78763],[59.92912,54.78889],[59.93742,54.78428],[59.94975,54.78321],[59.95484,54.78178],[59.95954,54.77682],[59.96237,54.7689],[59.96686,54.76782],[59.98265,54.76395],[59.99409,54.76257],[60.00796,54.75904],[60.01017,54.7738],[60.0296,54.7725],[60.04613,54.78414],[60.04776,54.785],[60.05646,54.79055],[60.06185,54.79441],[60.06781,54.79822],[60.07092,54.80046],[60.07712,54.80395],[60.079,54.80462],[60.08179,54.80591],[60.08809,54.80972],[60.09812,54.8165],[60.09658,54.81734],[60.09434,54.81922],[60.09193,54.82582],[60.09683,54.82838],[60.09698,54.83089],[60.09685,54.83593],[60.11557,54.84252],[60.12378,54.84012],[60.12835,54.84341],[60.13773,54.85446],[60.13519,54.85792],[60.14742,54.85652],[60.15903,54.85997],[60.18056,54.866],[60.18618,54.86629],[60.2013,54.87309],[60.21699,54.87812],[60.22656,54.87973],[60.22828,54.88634],[60.22901,54.88689],[60.22847,54.887],[60.22905,54.88774],[60.22928,54.88848],[60.23037,54.89031],[60.23065,54.89114],[60.23069,54.89212],[60.22973,54.89347],[60.22968,54.89396],[60.23006,54.89477],[60.22985,54.89578],[60.2313,54.89598],[60.23274,54.89663],[60.23451,54.89822],[60.23673,54.90103],[60.23722,54.9014],[60.25605,54.90002],[60.26191,54.90195],[60.26444,54.90485],[60.26794,54.9085],[60.26891,54.91094],[60.27137,54.92022],[60.27982,54.92037],[60.27875,54.92851],[60.27747,54.93079],[60.27367,54.9367],[60.27321,54.93781],[60.27399,54.93771],[60.2756,54.93816],[60.27661,54.93826],[60.27874,54.93789],[60.28119,54.93782],[60.28254,54.9375],[60.28402,54.93655],[60.28561,54.93639],[60.28588,54.93672],[60.28552,54.93714],[60.28566,54.93732],[60.28551,54.93766],[60.28578,54.93866],[60.28561,54.93915],[60.28523,54.93931],[60.28492,54.94],[60.28619,54.94032],[60.2888,54.93785],[60.29269,54.93647],[60.29577,54.93408],[60.3003,54.93435],[60.3043,54.93391],[60.30676,54.93268],[60.30855,54.93287],[60.31377,54.9302],[60.31625,54.93048],[60.3158,54.93428],[60.31988,54.93349],[60.32336,54.93365],[60.33071,54.93623],[60.3329,54.9372],[60.33441,54.93848],[60.33547,54.94158],[60.33681,54.94375],[60.33991,54.94657],[60.3441,54.9461],[60.34824,54.94645],[60.35221,54.94699],[60.3602,54.94603],[60.36038,54.9445],[60.36024,54.94284],[60.3596,54.94137],[60.36059,54.94067],[60.36197,54.93969],[60.36294,54.93887],[60.36577,54.93908],[60.3658,54.93874],[60.36606,54.93866],[60.36687,54.9389],[60.36737,54.93871],[60.36795,54.9389],[60.36877,54.93953],[60.36886,54.93944],[60.36864,54.93927],[60.36896,54.93922],[60.36892,54.9388],[60.36957,54.93814],[60.37092,54.93815],[60.37193,54.93849],[60.37237,54.93824],[60.37334,54.93808],[60.37544,54.93689],[60.37783,54.93587],[60.37799,54.93551],[60.38341,54.93746],[60.3844,54.93769],[60.38432,54.93778],[60.38565,54.93826],[60.38537,54.93851],[60.38577,54.93955],[60.38877,54.94152],[60.40251,54.94854],[60.4025,54.95028],[60.40222,54.95208],[60.40142,54.95351],[60.40116,54.95398],[60.40643,54.95503],[60.41164,54.95585],[60.42777,54.95834],[60.43476,54.95926],[60.4652,54.96371],[60.46492,54.97753],[60.46357,54.9809],[60.46144,54.98607],[60.46068,54.98937],[60.45785,54.99418],[60.45792,54.9955],[60.46397,54.99571],[60.46429,55.00393],[60.44979,55.00216],[60.44844,55.00194],[60.44792,55.00164],[60.44653,55.00013],[60.44511,54.99985],[60.44442,54.99955],[60.44334,54.99949],[60.44089,54.99867],[60.43867,54.99861],[60.43619,54.99803],[60.43552,54.99778],[60.43476,54.99795],[60.42991,54.999],[60.42682,54.99935],[60.42585,54.99962],[60.42376,55.00063],[60.42285,55.00068],[60.42191,55.00062],[60.41618,55.00122],[60.40112,55.00938],[60.39915,55.01146],[60.39499,55.01822],[60.393,55.01556],[60.38114,55.02525],[60.36524,55.02479],[60.35661,55.0265],[60.35069,55.02542],[60.34664,55.02718],[60.34516,55.0281],[60.34505,55.02943],[60.34089,55.03152],[60.34042,55.03316],[60.33863,55.03388],[60.33629,55.03555],[60.33496,55.03547],[60.33435,55.03491],[60.33292,55.03419],[60.33403,55.03256],[60.33247,55.03034],[60.33358,55.02895],[60.3345,55.02774],[60.33409,55.02602],[60.33222,55.0246],[60.32571,55.02359],[60.32343,55.0241],[60.32245,55.02415],[60.32059,55.0243],[60.31904,55.02371],[60.31854,55.0234],[60.31817,55.02305],[60.31778,55.02278],[60.3173,55.02259],[60.31462,55.02197],[60.31276,55.02178],[60.31125,55.02184],[60.31042,55.02192],[60.30957,55.02202],[60.30853,55.02213],[60.30408,55.02261],[60.30339,55.02306],[60.30321,55.0234],[60.30327,55.02428],[60.3023,55.0246],[60.30167,55.02483],[60.30124,55.02495],[60.30012,55.02521],[60.29882,55.0248],[60.29747,55.0248],[60.29576,55.02531],[60.29334,55.02408],[60.29259,55.02394],[60.29116,55.02399],[60.29092,55.02381],[60.29156,55.02288],[60.29131,55.02258],[60.29077,55.02221],[60.28978,55.02207],[60.28807,55.02261],[60.28203,55.02315],[60.27861,55.02367],[60.27661,55.02496],[60.27415,55.02554],[60.27222,55.02662],[60.27077,55.0271],[60.27034,55.02732],[60.27019,55.02792],[60.2705,55.02814],[60.27141,55.02817],[60.27325,55.0273],[60.27411,55.02709],[60.27518,55.0264],[60.27573,55.02628],[60.27691,55.02629],[60.27871,55.02603],[60.28056,55.02623],[60.28239,55.02591],[60.28446,55.02603],[60.2852,55.02633],[60.28657,55.02595],[60.28725,55.02596],[60.28732,55.02615],[60.28644,55.02681],[60.28649,55.02701],[60.28821,55.02828],[60.28884,55.0295],[60.2897,55.03021],[60.28987,55.03057],[60.28972,55.03087],[60.28827,55.03154],[60.28822,55.03176],[60.28872,55.03216],[60.28989,55.0325],[60.29028,55.03274],[60.29032,55.03301],[60.28965,55.03342],[60.28886,55.03346],[60.28772,55.03349],[60.28664,55.03309],[60.28582,55.03307],[60.28472,55.03314],[60.2834,55.03352],[60.28132,55.03334],[60.28049,55.03356],[60.28034,55.03379],[60.28046,55.0341],[60.28155,55.03523],[60.28154,55.03585],[60.2813,55.0366],[60.28245,55.03775],[60.28281,55.0379],[60.28505,55.03775],[60.2876,55.03795],[60.2887,55.03845],[60.2888,55.03874],[60.2886,55.03901],[60.28729,55.03941],[60.28767,55.04021],[60.28766,55.0411],[60.28795,55.0419],[60.28794,55.04303],[60.28809,55.04352],[60.28882,55.04409],[60.29033,55.04452],[60.29189,55.04476],[60.29226,55.045],[60.29267,55.04591],[60.29344,55.0468],[60.29678,55.04905],[60.29712,55.04953],[60.2975,55.05141],[60.29773,55.05182],[60.29885,55.05272],[60.29884,55.0529],[60.29816,55.05304],[60.29469,55.05279],[60.29285,55.05322],[60.29011,55.05424],[60.29009,55.05446],[60.28975,55.0546],[60.28885,55.05497],[60.28735,55.05561],[60.28554,55.05592],[60.28341,55.05679],[60.28286,55.05714],[60.28271,55.05745],[60.28283,55.05789],[60.2834,55.05781],[60.28419,55.0581],[60.28483,55.05819],[60.28509,55.05844],[60.285,55.05915],[60.28469,55.05963],[60.28449,55.0604],[60.28262,55.06097],[60.28224,55.06125],[60.28262,55.06286],[60.28324,55.06303],[60.28403,55.06351],[60.28479,55.06378],[60.28992,55.06352],[60.29153,55.06347],[60.29274,55.06319],[60.29326,55.06326],[60.29357,55.0634],[60.29409,55.06419],[60.29459,55.06446],[60.29584,55.06445],[60.29874,55.06491],[60.30389,55.06484],[60.30531,55.06495],[60.30701,55.06554],[60.30827,55.06568],[60.3092,55.06605],[60.31023,55.06766],[60.31112,55.068],[60.31246,55.06798],[60.31375,55.06857],[60.31483,55.06877],[60.31729,55.06852],[60.31689,55.06947],[60.31643,55.07045],[60.31682,55.07086],[60.31643,55.07111],[60.31616,55.07175],[60.31605,55.07215],[60.31536,55.07249],[60.31517,55.07277],[60.31521,55.07335],[60.31466,55.07402],[60.31371,55.07403],[60.31295,55.07455],[60.30955,55.07541],[60.30862,55.07611],[60.30722,55.07663],[60.30622,55.07723],[60.30445,55.07715],[60.30406,55.07697],[60.30345,55.07637],[60.30278,55.07636],[60.30215,55.07669],[60.30043,55.07712],[60.29862,55.07794],[60.29839,55.07822],[60.29813,55.07944],[60.29719,55.08042],[60.29557,55.08254],[60.2954,55.083],[60.2956,55.08396],[60.29556,55.08427],[60.29427,55.08504],[60.29329,55.08543],[60.29067,55.08607],[60.29039,55.08637],[60.28894,55.08666],[60.2812,55.08732],[60.27942,55.09158],[60.26285,55.09441],[60.25902,55.10474],[60.25881,55.10546],[60.25925,55.10604],[60.26719,55.11047],[60.26825,55.11093],[60.26839,55.11126],[60.26875,55.11142],[60.27043,55.1111],[60.27542,55.10821],[60.27683,55.10782],[60.27896,55.10823],[60.27977,55.10868],[60.27984,55.10892],[60.27956,55.10954],[60.27976,55.11025],[60.27929,55.11124],[60.27769,55.11202],[60.27728,55.11261],[60.27658,55.11308],[60.27617,55.1136],[60.2762,55.11391],[60.27775,55.11461],[60.278,55.11487],[60.27777,55.11577],[60.27672,55.11619],[60.2752,55.11604],[60.2736,55.11615],[60.27334,55.11631],[60.27321,55.11686],[60.27235,55.11705],[60.27219,55.11732],[60.27121,55.11779],[60.27079,55.11825],[60.26887,55.11881],[60.26768,55.12012],[60.26777,55.12029],[60.26823,55.12043],[60.26943,55.12041],[60.27003,55.12007],[60.27044,55.12022],[60.27061,55.12049],[60.27042,55.12089],[60.27063,55.12312],[60.27107,55.12349],[60.27194,55.1242],[60.27334,55.12495],[60.27328,55.12517],[60.27271,55.12537],[60.27139,55.12624],[60.27049,55.12774],[60.269,55.12851],[60.26916,55.1288],[60.27007,55.12921],[60.27082,55.13006],[60.27218,55.13057],[60.27269,55.13205],[60.27277,55.13405],[60.27264,55.1348],[60.27314,55.13571],[60.27435,55.13589],[60.27482,55.1359],[60.2756,55.13525],[60.27597,55.1344],[60.27641,55.13414],[60.27632,55.13267],[60.27686,55.13223],[60.27761,55.13193],[60.27838,55.1324],[60.27858,55.13274],[60.27879,55.13325],[60.27864,55.13416],[60.27908,55.13452],[60.28129,55.13483],[60.28224,55.13528],[60.28381,55.13511],[60.2858,55.13516],[60.28627,55.13556],[60.28628,55.13605],[60.28664,55.13664],[60.28621,55.13711],[60.28586,55.13808],[60.28662,55.13869],[60.28677,55.13954],[60.28746,55.14021],[60.28694,55.14051],[60.28657,55.14102],[60.28665,55.14177],[60.28587,55.14214],[60.28553,55.14273],[60.285,55.14312],[60.28505,55.14403],[60.2859,55.14562],[60.28589,55.1491],[60.28576,55.14979],[60.28597,55.15023],[60.28729,55.15107],[60.28767,55.1523],[60.28859,55.15259],[60.28812,55.15353],[60.28814,55.15398],[60.2894,55.15475],[60.29027,55.15504],[60.29114,55.15574],[60.29223,55.15599],[60.29381,55.15536],[60.2942,55.15464],[60.29518,55.15176],[60.29578,55.15086],[60.29771,55.1495],[60.29957,55.14915],[60.3,55.14919],[60.30069,55.14959],[60.3023,55.14972],[60.30261,55.14967],[60.30285,55.14934],[60.3031,55.14929],[60.304,55.14947],[60.30439,55.15031],[60.30541,55.15037],[60.30553,55.15061],[60.30522,55.15107],[60.30587,55.15156],[60.30587,55.15203],[60.30617,55.15245],[60.30601,55.15273],[60.30606,55.15301],[60.30555,55.15333],[60.30532,55.1538],[60.30474,55.15406],[60.30423,55.1547],[60.30412,55.15564],[60.30328,55.15581],[60.30282,55.15625],[60.30167,55.15634],[60.29969,55.15556],[60.29835,55.15508],[60.2972,55.15532],[60.29594,55.15528],[60.29568,55.15546],[60.29557,55.15629],[60.29523,55.15666],[60.29603,55.15698],[60.29724,55.15789],[60.29746,55.15827],[60.29746,55.15863],[60.29776,55.15875],[60.29882,55.15861],[60.29957,55.15831],[60.30077,55.15734],[60.30135,55.15715],[60.30237,55.15724],[60.30257,55.15751],[60.30353,55.15743],[60.3048,55.1579],[60.30523,55.15789],[60.30573,55.15763],[60.30523,55.15738],[60.30506,55.15701],[60.30556,55.15685],[60.30754,55.15731],[60.308,55.15763],[60.30769,55.15833],[60.30824,55.15865],[60.30957,55.15877],[60.31136,55.1583],[60.31225,55.15833],[60.31392,55.15902],[60.31543,55.1589],[60.31641,55.15855],[60.31582,55.15766],[60.31655,55.15751],[60.31951,55.1581],[60.32272,55.15931],[60.32462,55.15934],[60.32657,55.15969],[60.32852,55.15937],[60.32989,55.15958],[60.33012,55.15995],[60.3292,55.16055],[60.32876,55.16103],[60.32873,55.16317],[60.32802,55.16378],[60.32793,55.16453],[60.32804,55.16484],[60.32855,55.16535],[60.32899,55.16552],[60.33014,55.16556],[60.33146,55.16521],[60.3331,55.16453],[60.33442,55.16448],[60.33555,55.16377],[60.3367,55.1636],[60.33793,55.1631],[60.34027,55.1628],[60.34076,55.16262],[60.34219,55.1615],[60.34204,55.16091],[60.34088,55.16042],[60.33926,55.16027],[60.33604,55.16035],[60.33475,55.15994],[60.33431,55.15941],[60.33434,55.1588],[60.335,55.15823],[60.33767,55.15708],[60.33817,55.15652],[60.33782,55.15598],[60.33675,55.15537],[60.33511,55.15517],[60.33384,55.1548],[60.33343,55.15446],[60.3334,55.15381],[60.33364,55.15357],[60.3343,55.15336],[60.3354,55.15359],[60.33631,55.15343],[60.33673,55.15275],[60.33702,55.15259],[60.33828,55.15251],[60.34139,55.15322],[60.34481,55.15372],[60.34936,55.15466],[60.3535,55.15582],[60.35847,55.15792],[60.36229,55.15984],[60.36337,55.16018],[60.36446,55.16081],[60.36521,55.16145],[60.36612,55.16175],[60.36689,55.16169],[60.37268,55.16194],[60.37293,55.16191],[60.37304,55.16156],[60.37285,55.16071],[60.37184,55.15966],[60.37115,55.15936],[60.36968,55.15904],[60.36713,55.15749],[60.36715,55.15623],[60.36797,55.15519],[60.36811,55.15464],[60.3684,55.15423],[60.36951,55.15415],[60.37255,55.15348],[60.3753,55.15328],[60.38198,55.15453],[60.38584,55.15319],[60.38784,55.15182],[60.38834,55.15115],[60.38971,55.1507],[60.39115,55.1504],[60.39295,55.15035],[60.39683,55.1496],[60.39754,55.14987],[60.39833,55.14994],[60.39866,55.15015],[60.39965,55.15018],[60.40027,55.15043],[60.40111,55.15036],[60.40191,55.15018],[60.40251,55.14978],[60.40285,55.14906],[60.40359,55.14875],[60.40391,55.14876],[60.40451,55.14914],[60.40628,55.14932],[60.40683,55.14921],[60.40768,55.14941],[60.40909,55.14909],[60.41013,55.14933],[60.4115,55.14926],[60.41177,55.14907],[60.41271,55.14926],[60.41354,55.14916],[60.4145,55.1493],[60.41561,55.14884],[60.41721,55.14916],[60.41788,55.14912],[60.41873,55.14876],[60.42436,55.14891],[60.42567,55.14863],[60.42774,55.14905],[60.42809,55.14887],[60.43181,55.14864],[60.43239,55.1488],[60.43245,55.14906],[60.43234,55.14985],[60.43192,55.15034],[60.43738,55.15116],[60.44052,55.1503],[60.44391,55.15119],[60.44438,55.15119],[60.4514,55.14907],[60.45543,55.14941],[60.45823,55.14827],[60.46069,55.14765],[60.46111,55.14768],[60.46148,55.14797],[60.4636,55.14796],[60.46724,55.14762],[60.46891,55.14708],[60.47034,55.14716],[60.47087,55.14671],[60.47297,55.14405],[60.47571,55.14325],[60.47535,55.14214],[60.47848,55.14008],[60.47965,55.13985],[60.48171,55.13997],[60.48748,55.14069],[60.48621,55.14907],[60.48929,55.14834],[60.48985,55.15091],[60.51926,55.15007],[60.51869,55.15638],[60.52835,55.15649],[60.53063,55.14883],[60.53981,55.14856],[60.54516,55.14852],[60.5511,55.14899],[60.55116,55.14985],[60.55485,55.14919],[60.5548,55.15119],[60.56992,55.15014],[60.57073,55.15038],[60.57085,55.15056],[60.57048,55.15096],[60.56946,55.15105],[60.56926,55.15123],[60.57049,55.15127],[60.57078,55.15204],[60.56992,55.15246],[60.56969,55.15301],[60.57131,55.15287],[60.5715,55.15307],[60.57144,55.15347],[60.57172,55.15369],[60.57402,55.15419],[60.57558,55.1551],[60.57985,55.15025],[60.58048,55.14888],[60.58073,55.14641],[60.58138,55.14646],[60.58176,55.14674],[60.58217,55.14677],[60.58214,55.14718],[60.5823,55.14727],[60.5825,55.14717],[60.58255,55.14692],[60.58419,55.14708],[60.58435,55.14677],[60.58481,55.14689],[60.58506,55.14713],[60.58722,55.14729],[60.5885,55.14776],[60.58917,55.14755],[60.59038,55.14766],[60.59077,55.14793],[60.59158,55.14799],[60.59253,55.14837],[60.59247,55.14888],[60.59274,55.1491],[60.59383,55.1488],[60.5953,55.14896],[60.59578,55.14844],[60.59932,55.14777],[60.60005,55.14725],[60.60154,55.14704],[60.60693,55.14769],[60.60762,55.14747],[60.60823,55.14751],[60.60878,55.14766],[60.60894,55.14815],[60.60983,55.148],[60.60994,55.14868],[60.61065,55.14876],[60.61215,55.14963],[60.61321,55.14948],[60.61371,55.14958],[60.61641,55.14832],[60.63388,55.1443],[60.64691,55.14021],[60.6758,55.12981],[60.68219,55.1272],[60.69184,55.12361],[60.69695,55.12125],[60.71396,55.11296],[60.71797,55.11168],[60.71992,55.11143],[60.72259,55.11051],[60.72614,55.10985],[60.72781,55.1099],[60.72838,55.10951],[60.72975,55.10788],[60.73173,55.10677],[60.73416,55.1068],[60.73976,55.10569],[60.78117,55.0992],[60.78529,55.09839],[60.78824,55.09739],[60.7896,55.09725],[60.79137,55.09672],[60.79166,55.09676],[60.79238,55.09726],[60.80909,55.08572],[60.81845,55.08002],[60.82567,55.077],[60.82805,55.07574],[60.82931,55.07527],[60.83434,55.07255],[60.8361,55.07188],[60.84121,55.0688],[60.84304,55.06805],[60.84539,55.06652],[60.87433,55.05339],[60.8747,55.05301],[60.87483,55.05304],[60.87485,55.05285],[60.87448,55.05247],[60.87447,55.0522],[60.87416,55.05176],[60.87314,55.05137],[60.87297,55.05087],[60.87238,55.0506],[60.87195,55.05012],[60.87127,55.04998],[60.87057,55.04961],[60.87042,55.04944],[60.87052,55.04907],[60.8697,55.04849],[60.86861,55.04832],[60.86776,55.04796],[60.86674,55.04798],[60.8641,55.04708],[60.86109,55.04726],[60.85762,55.04635],[60.8549,55.0454],[60.85479,55.04485],[60.8521,55.04319],[60.85084,55.04288],[60.84846,55.04289],[60.84709,55.04264],[60.84723,55.04278],[60.84702,55.04289],[60.84335,55.04363],[60.84347,55.03638],[60.84408,55.02805],[60.84375,55.02023],[60.84383,55.00437],[60.84358,54.99846],[60.84303,54.99787],[60.83804,54.99703],[60.83805,54.98245],[60.86917,54.99151],[60.86595,54.99802],[60.86268,55.0071],[60.86548,55.00749],[60.86649,55.00783],[60.87125,55.00796],[60.87373,55.00835],[60.87919,55.00964],[60.89018,55.01164],[60.88888,55.01531],[60.88814,55.01872],[60.89514,55.01813],[60.90876,55.01915],[60.9216,55.01924],[60.92309,55.01943],[60.925,55.01914],[60.92548,55.0174],[60.92641,55.00863],[60.92386,55.00655],[60.92231,55.00572],[60.92326,55.00345],[60.92577,54.99616],[60.92945,54.99169],[60.93147,54.98574],[60.94357,54.96411],[60.94439,54.96183],[60.93948,54.95448],[60.93632,54.95016],[60.93545,54.94868],[60.94148,54.94509],[60.94223,54.94447],[60.94233,54.94336],[60.94206,54.92892],[60.94162,54.91325],[60.95151,54.90908],[60.96469,54.90784],[60.97188,54.91051],[60.97566,54.91286],[60.98947,54.90579],[60.98677,54.89727],[60.96753,54.89643],[60.97011,54.88121],[60.95212,54.87602],[60.94987,54.87399],[60.9461,54.87195],[60.92716,54.85668],[60.92203,54.85272],[60.91697,54.85587],[60.90435,54.84845],[60.86534,54.82517],[60.83869,54.80062],[60.82113,54.77683],[60.8941,54.7523],[60.87458,54.7415],[60.82677,54.71436],[60.83444,54.70967],[60.84426,54.70395],[60.8522,54.69385],[60.8467,54.68439],[60.84723,54.68255],[60.84283,54.67827],[60.84639,54.6704],[60.84325,54.66578],[60.84129,54.6613],[60.83885,54.65685],[60.83593,54.65344],[60.83255,54.64953],[60.84579,54.63986],[60.87003,54.62832],[60.93152,54.61966],[60.9325,54.61902],[60.93367,54.6189],[60.93383,54.61985],[60.93526,54.62105],[60.93882,54.62127],[60.93951,54.62108],[60.94073,54.61991],[60.94993,54.61822],[60.95183,54.61853],[60.95374,54.61924],[60.95592,54.61958],[60.96034,54.61963],[60.96038,54.61589],[60.96409,54.60447],[60.96639,54.59618],[60.95255,54.57687],[60.94987,54.57372],[60.94539,54.56723],[60.94414,54.565],[60.94206,54.56225],[60.93949,54.55859],[60.93204,54.54782],[60.91656,54.52614],[60.91365,54.52687],[60.91035,54.53053],[60.89145,54.5318],[60.88154,54.53032],[60.87752,54.52989],[60.86214,54.53165],[60.84692,54.52292],[60.84472,54.51992],[60.84401,54.51817],[60.83862,54.50722],[60.79524,54.51707],[60.78395,54.52025],[60.72715,54.53481],[60.71432,54.52845],[60.70312,54.5179],[60.68188,54.51958],[60.64999,54.52156],[60.64283,54.52215],[60.61332,54.52225],[60.58979,54.52214],[60.59215,54.52308],[60.59917,54.52811],[60.60448,54.53212],[60.6061,54.53364],[60.60674,54.53478],[60.60857,54.53638],[60.61057,54.53849],[60.61312,54.54179],[60.61339,54.54239],[60.61344,54.54436],[60.61445,54.54645],[60.61494,54.54684],[60.6153,54.54777],[60.61505,54.54867],[60.61521,54.55094],[60.61512,54.55121],[60.58629,54.55238],[60.58752,54.55825],[60.58785,54.55858],[60.589,54.55897],[60.58973,54.55964],[60.59048,54.55988],[60.59107,54.55997],[60.59141,54.55975],[60.59209,54.55968],[60.59461,54.56162],[60.59477,54.562],[60.59451,54.56252],[60.59457,54.56388],[60.59507,54.56426],[60.59486,54.56514],[60.59449,54.56538],[60.59696,54.56635],[60.59884,54.56678],[60.60001,54.5674],[60.60057,54.56804],[60.60079,54.56877],[60.60029,54.56925],[60.59959,54.56934],[60.59907,54.56975],[60.59888,54.57095],[60.60111,54.57173],[60.60275,54.57194],[60.60317,54.57224],[60.60314,54.57249],[60.60338,54.57295],[60.60243,54.57351],[60.60228,54.57398],[60.6024,54.57491],[60.60221,54.57567],[60.60167,54.57611],[60.60011,54.57618],[60.59906,54.57649],[60.59772,54.57648],[60.59726,54.57628],[60.59719,54.57579],[60.59778,54.57535],[60.59802,54.57484],[60.59682,54.57387],[60.59612,54.57362],[60.59518,54.57361],[60.59463,54.57509],[60.59504,54.5769],[60.59381,54.57856],[60.59421,54.57907],[60.59471,54.5792],[60.59745,54.57885],[60.59783,54.57898],[60.59829,54.57948],[60.59958,54.58002],[60.60039,54.58055],[60.60052,54.58112],[60.59943,54.58296],[60.59709,54.58472],[60.59602,54.58533],[60.59525,54.58635],[60.59647,54.58838],[60.59765,54.58925],[60.59781,54.5898],[60.59972,54.58974],[60.6009,54.5902],[60.60169,54.5901],[60.60179,54.59031],[60.60186,54.60079],[60.60166,54.60752],[60.5994,54.60749],[60.59579,54.60863],[60.59414,54.60867],[60.59131,54.60924],[60.59086,54.60947],[60.59006,54.60951],[60.58908,54.61001],[60.58897,54.61067],[60.58842,54.61112],[60.5873,54.61154],[60.58698,54.61184],[60.58645,54.61194],[60.58619,54.61228],[60.5854,54.61257],[60.5851,54.61292],[60.58426,54.61312],[60.5842,54.6134],[60.58378,54.61357],[60.5835,54.61425],[60.58301,54.61446],[60.58261,54.61505],[60.58184,54.61535],[60.58146,54.61587],[60.58078,54.61614],[60.57975,54.6171],[60.57821,54.61788],[60.53642,54.62219],[60.53126,54.62228],[60.51429,54.6244],[60.4846,54.6278],[60.47111,54.62891],[60.46254,54.62943],[60.42182,54.63547],[60.39793,54.64011],[60.40307,54.664],[60.40235,54.66534],[60.4019,54.66566],[60.40045,54.66589],[60.40003,54.66611],[60.39991,54.66636],[60.40006,54.6668],[60.39769,54.66796],[60.39758,54.66863],[60.39713,54.66875],[60.38267,54.66729],[60.38218,54.66449],[60.35678,54.66202],[60.35103,54.6437],[60.34709,54.64084],[60.34219,54.64151],[60.34004,54.6416],[60.33619,54.64234],[60.32264,54.64128],[60.32372,54.64442],[60.32604,54.64913],[60.32079,54.65155],[60.32013,54.65726],[60.31495,54.65803],[60.3113,54.6566],[60.28887,54.65677],[60.28603,54.65062],[60.28496,54.64195],[60.28413,54.63878],[60.27519,54.64042],[60.27026,54.63983],[60.26879,54.6399],[60.26717,54.64042],[60.26363,54.63865],[60.26356,54.63439],[60.26327,54.63204],[60.26059,54.63196],[60.25635,54.6315],[60.25067,54.63532],[60.2455,54.63538],[60.24767,54.63279],[60.24828,54.6306],[60.24496,54.62828],[60.24702,54.62485],[60.24399,54.6235],[60.2347,54.62032],[60.23027,54.61495],[60.21694,54.61776],[60.20484,54.61744],[60.19921,54.60268],[60.17754,54.6002],[60.17314,54.60586],[60.17018,54.60645],[60.16369,54.61634],[60.11965,54.62002],[60.11617,54.61983],[60.11545,54.61919],[60.08901,54.62274],[60.06821,54.62436],[60.06218,54.62904],[60.06429,54.63154],[60.06023,54.63599],[60.05608,54.63757],[60.05557,54.63877],[60.05157,54.64314],[60.04874,54.6433],[60.04183,54.65008],[60.04159,54.65017],[60.03969,54.64978],[60.03951,54.64959],[60.03951,54.64916],[60.03799,54.64866],[60.03578,54.64814],[60.03434,54.64813],[60.03332,54.64738],[60.03201,54.64738],[60.03047,54.64697],[60.02987,54.64659],[60.02965,54.64616],[60.02912,54.64594],[60.02692,54.64542],[60.02587,54.64544],[60.02525,54.64514],[60.02285,54.64504],[60.02025,54.64454],[60.01701,54.64426],[60.00798,54.6413],[60.00302,54.63816],[59.99786,54.63672],[59.99717,54.6361],[59.99708,54.63584],[59.99723,54.63551],[59.99687,54.63518],[59.99548,54.63499],[59.99438,54.63408],[59.99354,54.63376],[59.99328,54.63352],[59.99291,54.63262],[59.99217,54.63174],[59.99324,54.63054],[59.9907,54.63029],[59.98638,54.63035],[59.98291,54.62791],[59.97769,54.62663],[59.96896,54.62561],[59.96453,54.62864],[59.95688,54.63282],[59.94439,54.63608],[59.94333,54.6357],[59.9375,54.63611],[59.93329,54.6368],[59.92452,54.63635],[59.92052,54.63536],[59.91888,54.6334],[59.90791,54.63547],[59.88801,54.6401],[59.88991,54.64728],[59.88976,54.64867],[59.88408,54.65706],[59.8812,54.65826]]]]}},{"type":"Feature","properties":{"osm_id":-398400,"name":"Карабашский городской округ","admin_level":6},"geometry":{"type":"MultiPolygon","coordinates":[[[[59.97779,55.58805],[59.97783,55.5882],[59.9786,55.58842],[59.97859,55.5887],[59.97946,55.58871],[59.98014,55.58896],[59.97987,55.58916],[59.97978,55.58958],[59.97905,55.58948],[59.97876,55.58961],[59.97982,55.59029],[59.97979,55.59063],[59.98019,55.59069],[59.98025,55.59081],[59.97971,55.59116],[59.97979,55.59142],[59.98023,55.59148],[59.98077,55.59124],[59.98174,55.59149],[59.98201,55.59174],[59.98293,55.59171],[59.98337,55.59207],[59.98339,55.59224],[59.98249,55.59224],[59.98223,55.59241],[59.9829,55.59269],[59.98356,55.59254],[59.98383,55.59263],[59.98348,55.59297],[59.9838,55.59312],[59.98434,55.59276],[59.98478,55.59302],[59.98494,55.59295],[59.98485,55.59266],[59.98505,55.59255],[59.98581,55.59275],[59.98656,55.5938],[59.98618,55.59453],[59.98649,55.59471],[59.98737,55.59453],[59.98754,55.59494],[59.98778,55.59507],[59.98843,55.59505],[59.98835,55.59541],[59.98859,55.59544],[59.989,55.59519],[59.98962,55.59528],[59.99019,55.59606],[59.99089,55.59664],[59.99051,55.59712],[59.99109,55.59739],[59.99048,55.59732],[59.99001,55.59776],[59.9907,55.59764],[59.99073,55.59784],[59.99001,55.59809],[59.98952,55.59791],[59.9893,55.59798],[59.98941,55.59847],[59.9877,55.5991],[59.98767,55.59925],[59.98851,55.59953],[59.98855,55.59964],[59.98819,55.59983],[59.98897,55.60019],[59.9889,55.60089],[59.98971,55.6008],[59.98981,55.60115],[59.99009,55.60123],[59.99012,55.60138],[59.98982,55.60144],[59.98933,55.60126],[59.98913,55.60144],[59.98837,55.60157],[59.98837,55.6017],[59.98933,55.60208],[59.98914,55.60242],[59.99011,55.60298],[59.99019,55.60323],[59.99063,55.6035],[59.98995,55.60376],[59.99001,55.60384],[59.9916,55.6041],[59.99173,55.6044],[59.99225,55.60432],[59.9922,55.60467],[59.99265,55.60468],[59.99266,55.60482],[59.99226,55.60502],[59.99237,55.60512],[59.9932,55.60521],[59.99403,55.60573],[59.99404,55.60661],[59.99342,55.60689],[59.99431,55.60728],[59.99395,55.6075],[59.9942,55.60761],[59.9952,55.60742],[59.99574,55.60772],[59.99634,55.60767],[59.99686,55.6079],[59.99696,55.60812],[59.9964,55.60823],[59.9964,55.60838],[59.99751,55.60866],[59.99781,55.60852],[59.99891,55.60875],[59.99908,55.60907],[59.99881,55.60933],[59.99842,55.60932],[59.99826,55.60947],[59.99891,55.6098],[59.99899,55.61003],[59.99856,55.61024],[59.99848,55.61046],[59.99902,55.61093],[59.99886,55.61127],[59.99962,55.61264],[60.00099,55.61269],[60.0013,55.61245],[60.00235,55.61286],[60.0027,55.61335],[60.00265,55.61383],[60.00237,55.61414],[60.00241,55.61456],[60.00221,55.61511],[60.00245,55.61629],[60.00345,55.61718],[60.00376,55.61777],[60.00361,55.61815],[60.00285,55.6188],[60.00291,55.61915],[60.00367,55.61975],[60.00351,55.62003],[60.00473,55.61991],[60.00587,55.62046],[60.00624,55.62091],[60.00699,55.62143],[60.00694,55.62177],[60.0067,55.62205],[60.00738,55.62248],[60.00775,55.62296],[60.00773,55.62341],[60.00749,55.6237],[60.00689,55.62384],[60.00719,55.62436],[60.007,55.62476],[60.00708,55.62498],[60.00824,55.62547],[60.00896,55.62556],[60.00907,55.62573],[60.00856,55.62608],[60.00856,55.6263],[60.00962,55.62682],[60.00951,55.62762],[60.00972,55.62788],[60.01048,55.62804],[60.01092,55.62831],[60.01078,55.62881],[60.012,55.62938],[60.01214,55.62971],[60.01194,55.62998],[60.01111,55.63024],[60.01097,55.63056],[60.01145,55.63127],[60.01219,55.6316],[60.0124,55.63224],[60.01185,55.63249],[60.01175,55.63278],[60.01224,55.63403],[60.01199,55.63429],[60.0125,55.63456],[60.0121,55.63486],[60.01299,55.6349],[60.01321,55.63504],[60.0128,55.63543],[60.01275,55.63573],[60.01248,55.63581],[60.01218,55.63563],[60.01183,55.63591],[60.01174,55.63623],[60.01205,55.63644],[60.0122,55.63658],[60.01213,55.63684],[60.01285,55.63723],[60.01294,55.63751],[60.01315,55.63792],[60.01283,55.63799],[60.01226,55.6377],[60.01193,55.63778],[60.01139,55.63802],[60.01191,55.63845],[60.01215,55.63873],[60.01329,55.63889],[60.01383,55.63917],[60.01372,55.63969],[60.01546,55.64038],[60.0162,55.64114],[60.01585,55.64162],[60.01601,55.64265],[60.01737,55.64422],[60.01872,55.64491],[60.01879,55.64525],[60.02069,55.64611],[60.02046,55.64652],[60.02069,55.64668],[60.02244,55.64675],[60.02282,55.64701],[60.02309,55.64764],[60.02344,55.64786],[60.02317,55.64864],[60.02333,55.64904],[60.02417,55.64958],[60.02449,55.64958],[60.02484,55.64935],[60.02522,55.64939],[60.02622,55.6505],[60.02655,55.65123],[60.02635,55.65163],[60.02652,55.65188],[60.02701,55.65194],[60.02813,55.65185],[60.03097,55.65129],[60.03152,55.65118],[60.03171,55.6507],[60.03225,55.65054],[60.03295,55.65068],[60.0336,55.65029],[60.03463,55.65049],[60.03484,55.65049],[60.03496,55.65043],[60.03499,55.65034],[60.03488,55.65025],[60.0348,55.65009],[60.03496,55.64995],[60.03536,55.64987],[60.03569,55.64991],[60.03662,55.64984],[60.03742,55.64986],[60.03818,55.64999],[60.03974,55.6501],[60.04099,55.65037],[60.04605,55.65159],[60.04675,55.65162],[60.04734,55.65144],[60.04758,55.65118],[60.04712,55.65079],[60.04731,55.65046],[60.04853,55.65009],[60.04935,55.65008],[60.05237,55.65098],[60.05383,55.65094],[60.05484,55.65115],[60.05636,55.65087],[60.05704,55.65058],[60.05884,55.65073],[60.05917,55.65045],[60.05793,55.65004],[60.05663,55.65014],[60.05623,55.64969],[60.05688,55.64944],[60.05682,55.64875],[60.05729,55.64865],[60.05767,55.64904],[60.05796,55.64898],[60.05818,55.64846],[60.06042,55.64838],[60.06158,55.64802],[60.06223,55.64805],[60.06295,55.64832],[60.06391,55.64803],[60.06493,55.64809],[60.0662,55.64791],[60.06711,55.64858],[60.06865,55.64895],[60.06866,55.64915],[60.06825,55.64939],[60.06882,55.64975],[60.06849,55.65008],[60.06869,55.65023],[60.07019,55.65024],[60.0695,55.64988],[60.06944,55.64971],[60.06974,55.64964],[60.07015,55.64982],[60.07055,55.64983],[60.07081,55.65018],[60.07108,55.6502],[60.0713,55.65008],[60.071,55.64957],[60.07128,55.64933],[60.0719,55.64953],[60.07241,55.64946],[60.07268,55.64912],[60.07287,55.64897],[60.07276,55.64859],[60.073,55.64839],[60.0736,55.6485],[60.07412,55.64899],[60.07412,55.64965],[60.07446,55.65016],[60.07365,55.65104],[60.07334,55.65172],[60.07317,55.65218],[60.07337,55.65283],[60.07332,55.65329],[60.07205,55.6534],[60.07199,55.6536],[60.07353,55.65471],[60.07455,55.65485],[60.0749,55.65504],[60.07506,55.65541],[60.07501,55.65592],[60.07374,55.65613],[60.07422,55.65703],[60.07396,55.65738],[60.07395,55.6577],[60.07436,55.65809],[60.07469,55.65817],[60.0758,55.65808],[60.07668,55.65845],[60.07744,55.65824],[60.07787,55.65832],[60.07794,55.6587],[60.07852,55.65916],[60.07867,55.65964],[60.07851,55.66022],[60.07758,55.66047],[60.07774,55.66104],[60.07766,55.66151],[60.07807,55.6624],[60.07787,55.6632],[60.07799,55.66356],[60.07871,55.66408],[60.08015,55.66304],[60.08144,55.66319],[60.08183,55.6641],[60.08182,55.66433],[60.08149,55.66472],[60.08155,55.66485],[60.08327,55.66528],[60.08353,55.66565],[60.08369,55.66647],[60.08423,55.66699],[60.08488,55.66718],[60.08505,55.66739],[60.08494,55.66782],[60.08444,55.66813],[60.08321,55.6684],[60.08098,55.66851],[60.08016,55.6688],[60.07942,55.66944],[60.07918,55.67089],[60.07947,55.6715],[60.07944,55.67254],[60.07982,55.67273],[60.08098,55.67273],[60.08122,55.67295],[60.08122,55.67359],[60.08135,55.67373],[60.08253,55.67346],[60.08269,55.67471],[60.08111,55.67465],[60.081,55.67481],[60.08116,55.67528],[60.08088,55.6756],[60.07983,55.67513],[60.07889,55.67519],[60.07862,55.67545],[60.07867,55.67583],[60.07908,55.67597],[60.0798,55.67592],[60.07999,55.67611],[60.07988,55.67624],[60.07799,55.67731],[60.07464,55.67856],[60.07232,55.67905],[60.06784,55.67936],[60.0665,55.67908],[60.06623,55.67896],[60.06604,55.6786],[60.06561,55.67848],[60.06482,55.67894],[60.06479,55.67916],[60.06519,55.67957],[60.06493,55.67985],[60.06298,55.68026],[60.06031,55.68124],[60.05821,55.6813],[60.05506,55.68061],[60.0544,55.68067],[60.05338,55.68104],[60.05266,55.6807],[60.05225,55.68077],[60.05178,55.68119],[60.05048,55.68173],[60.05036,55.68194],[60.05055,55.6821],[60.05176,55.68225],[60.0517,55.6829],[60.05122,55.68332],[60.05148,55.68351],[60.05257,55.68363],[60.05283,55.68382],[60.05278,55.68479],[60.05242,55.68578],[60.05253,55.68716],[60.05198,55.68767],[60.05093,55.68814],[60.05117,55.68875],[60.05185,55.68929],[60.05176,55.69006],[60.05222,55.69107],[60.05276,55.6915],[60.05333,55.69172],[60.05394,55.69171],[60.05452,55.69141],[60.05465,55.69097],[60.05438,55.69071],[60.05465,55.6905],[60.05467,55.6903],[60.0544,55.69006],[60.05333,55.68984],[60.05309,55.68961],[60.05331,55.68934],[60.05314,55.68889],[60.05322,55.68875],[60.05374,55.68855],[60.05438,55.68854],[60.05539,55.689],[60.05613,55.69],[60.05683,55.69023],[60.05746,55.69068],[60.05883,55.69103],[60.05929,55.69133],[60.05933,55.69163],[60.05915,55.69186],[60.05851,55.69235],[60.05748,55.69276],[60.05709,55.69315],[60.05737,55.69346],[60.05872,55.69363],[60.05855,55.69383],[60.05755,55.69404],[60.05742,55.69438],[60.05779,55.69487],[60.05892,55.69485],[60.05922,55.69547],[60.05932,55.69638],[60.05841,55.69633],[60.05831,55.69659],[60.05984,55.69745],[60.06096,55.6976],[60.06147,55.69786],[60.06151,55.69813],[60.06104,55.69854],[60.06126,55.69885],[60.06271,55.69883],[60.06364,55.69935],[60.06522,55.69985],[60.06564,55.70024],[60.06562,55.70071],[60.06438,55.70088],[60.06414,55.70123],[60.065,55.70163],[60.0663,55.7011],[60.06753,55.70236],[60.06788,55.70311],[60.06782,55.70441],[60.06706,55.70517],[60.06062,55.70687],[60.05973,55.70822],[60.05964,55.70875],[60.06029,55.70922],[60.06205,55.70913],[60.06245,55.70887],[60.06234,55.70846],[60.06258,55.70809],[60.06237,55.70792],[60.06159,55.70789],[60.0614,55.7077],[60.06188,55.70749],[60.0635,55.7074],[60.06364,55.70754],[60.06343,55.70789],[60.06345,55.70846],[60.06396,55.70893],[60.06406,55.70933],[60.06471,55.70994],[60.065,55.71008],[60.06608,55.71004],[60.0677,55.71148],[60.06893,55.71198],[60.06944,55.71246],[60.2021,55.69891],[60.19602,55.67967],[60.19256,55.66976],[60.15863,55.67351],[60.15522,55.66326],[60.14651,55.63503],[60.24721,55.62329],[60.256,55.6234],[60.34746,55.61264],[60.35358,55.61186],[60.37994,55.60711],[60.41392,55.60529],[60.41256,55.60067],[60.41158,55.58386],[60.40644,55.56883],[60.42693,55.56792],[60.4428,55.56813],[60.47713,55.5656],[60.4851,55.55901],[60.47626,55.53316],[60.44734,55.49459],[60.41739,55.48238],[60.40545,55.47762],[60.38769,55.47083],[60.38711,55.47047],[60.38511,55.47007],[60.38191,55.46981],[60.38026,55.46995],[60.37463,55.46868],[60.34462,55.44912],[60.32099,55.45032],[60.29151,55.42639],[60.28994,55.42537],[60.28641,55.4174],[60.28376,55.41246],[60.27744,55.40353],[60.27698,55.40091],[60.27591,55.39844],[60.27211,55.39341],[60.27334,55.39295],[60.27358,55.39229],[60.27439,55.3917],[60.27245,55.38686],[60.2726,55.38634],[60.27175,55.384],[60.27227,55.38287],[60.27259,55.38122],[60.27249,55.37894],[60.27256,55.37816],[60.27314,55.37716],[60.27324,55.37366],[60.27239,55.37315],[60.27254,55.37195],[60.27073,55.37149],[60.26824,55.37176],[60.26739,55.36796],[60.26719,55.36615],[60.26741,55.36467],[60.26667,55.35903],[60.26283,55.34647],[60.26367,55.34503],[60.26418,55.34465],[60.26514,55.34424],[60.2667,55.34393],[60.26679,55.34355],[60.26159,55.34091],[60.25938,55.34],[60.2553,55.33786],[60.25415,55.33743],[60.25374,55.33688],[60.24923,55.34014],[60.24842,55.34057],[60.24505,55.34153],[60.24143,55.35039],[60.23638,55.34966],[60.23524,55.34962],[60.23049,55.35045],[60.23237,55.35128],[60.23286,55.35165],[60.23307,55.35206],[60.23136,55.35954],[60.2311,55.36014],[60.23071,55.36063],[60.22897,55.36095],[60.22663,55.36108],[60.22332,55.36188],[60.22275,55.36216],[60.22261,55.36244],[60.22271,55.36275],[60.22318,55.36293],[60.22637,55.36335],[60.22664,55.36353],[60.22669,55.36376],[60.22567,55.36458],[60.22554,55.36484],[60.22642,55.36661],[60.22647,55.36764],[60.22636,55.36904],[60.22614,55.36961],[60.22622,55.36985],[60.22663,55.37013],[60.23021,55.36975],[60.23129,55.36979],[60.23169,55.36996],[60.23191,55.37027],[60.23192,55.37119],[60.23244,55.37183],[60.2328,55.37316],[60.23378,55.37414],[60.2346,55.37457],[60.24056,55.37589],[60.2428,55.37612],[60.24523,55.37663],[60.24971,55.37676],[60.25041,55.37684],[60.25088,55.37713],[60.25119,55.3774],[60.25115,55.37777],[60.24927,55.3808],[60.24548,55.38236],[60.24509,55.38273],[60.24505,55.38313],[60.24532,55.38343],[60.24682,55.38421],[60.25049,55.38544],[60.25125,55.38587],[60.25283,55.38602],[60.25449,55.3859],[60.25526,55.38606],[60.25893,55.38801],[60.26105,55.38947],[60.26142,55.38995],[60.26147,55.39031],[60.26093,55.39124],[60.25878,55.39209],[60.25824,55.39279],[60.25828,55.39366],[60.25805,55.39447],[60.25828,55.39648],[60.25805,55.39694],[60.25786,55.39825],[60.25706,55.3993],[60.25614,55.39939],[60.25518,55.40002],[60.25499,55.40054],[60.25511,55.40155],[60.25492,55.40188],[60.25426,55.40234],[60.25438,55.40264],[60.25603,55.40382],[60.25757,55.4045],[60.25864,55.40561],[60.25987,55.40618],[60.26117,55.40703],[60.26211,55.4072],[60.26252,55.40745],[60.26284,55.40792],[60.26314,55.40899],[60.26414,55.40979],[60.26482,55.41109],[60.26614,55.41242],[60.26811,55.41595],[60.26888,55.41648],[60.27056,55.41697],[60.27148,55.41743],[60.27247,55.41932],[60.27244,55.41969],[60.27077,55.42201],[60.26983,55.42183],[60.26969,55.42149],[60.26914,55.42138],[60.26866,55.42149],[60.26808,55.42202],[60.26715,55.42188],[60.2668,55.42155],[60.2664,55.42069],[60.26471,55.42042],[60.26424,55.42004],[60.26404,55.41964],[60.26338,55.4193],[60.26287,55.41851],[60.26263,55.41848],[60.26205,55.41882],[60.26119,55.41837],[60.26064,55.41781],[60.25955,55.41787],[60.2592,55.41806],[60.25857,55.41793],[60.25811,55.41779],[60.25795,55.41718],[60.25749,55.41731],[60.25708,55.41787],[60.25656,55.41787],[60.25617,55.41766],[60.2558,55.41704],[60.25492,55.41655],[60.25467,55.41625],[60.25484,55.41574],[60.25454,55.41537],[60.25383,55.41523],[60.25356,55.41537],[60.25371,55.4158],[60.25315,55.41614],[60.2523,55.41704],[60.25168,55.41739],[60.25094,55.41735],[60.25038,55.41681],[60.25115,55.41601],[60.25112,55.41549],[60.24946,55.41418],[60.24933,55.41376],[60.24887,55.41341],[60.24841,55.41332],[60.24818,55.41349],[60.24844,55.41389],[60.24807,55.41408],[60.24616,55.41317],[60.24306,55.41211],[60.23991,55.41005],[60.23807,55.40804],[60.2374,55.40682],[60.23659,55.40662],[60.23416,55.40662],[60.2336,55.40648],[60.23348,55.40631],[60.23379,55.40549],[60.23563,55.40387],[60.23567,55.40365],[60.23554,55.40342],[60.23461,55.40296],[60.23328,55.40254],[60.23075,55.40141],[60.23071,55.40116],[60.231,55.40104],[60.23186,55.40112],[60.23206,55.40099],[60.23146,55.40006],[60.23168,55.39962],[60.23163,55.39919],[60.23226,55.39901],[60.23303,55.39941],[60.23385,55.39895],[60.23492,55.39927],[60.23821,55.39803],[60.23875,55.39764],[60.23877,55.39718],[60.23819,55.39695],[60.23746,55.39706],[60.23728,55.39687],[60.23784,55.39637],[60.23798,55.39569],[60.23764,55.39518],[60.23661,55.39455],[60.23652,55.39423],[60.23685,55.39372],[60.23642,55.39335],[60.23606,55.39316],[60.23576,55.39326],[60.23541,55.39389],[60.2347,55.39394],[60.23213,55.39187],[60.23079,55.39138],[60.22961,55.39122],[60.22927,55.39069],[60.2281,55.39048],[60.22619,55.38953],[60.22563,55.38909],[60.22549,55.38821],[60.2243,55.38719],[60.2239,55.38598],[60.22366,55.38578],[60.22225,55.38521],[60.21987,55.38569],[60.21763,55.38532],[60.21736,55.38509],[60.21752,55.38447],[60.21733,55.38403],[60.2175,55.3835],[60.21721,55.38335],[60.21667,55.38323],[60.21407,55.38332],[60.21135,55.38217],[60.20831,55.38131],[60.2076,55.38142],[60.20702,55.38263],[60.20656,55.38276],[60.20539,55.38258],[60.20396,55.38184],[60.20364,55.38185],[60.20259,55.38278],[60.20208,55.38289],[60.2017,55.38279],[60.20172,55.38201],[60.20115,55.38146],[60.19759,55.3809],[60.19605,55.38036],[60.19494,55.37976],[60.19426,55.37908],[60.19386,55.37742],[60.19357,55.37714],[60.19171,55.37676],[60.19048,55.3762],[60.18997,55.37619],[60.18975,55.37626],[60.18958,55.37656],[60.1898,55.377],[60.18971,55.37716],[60.18861,55.37741],[60.18845,55.37757],[60.18782,55.37885],[60.18761,55.37967],[60.18695,55.38014],[60.18627,55.38004],[60.18606,55.37956],[60.18481,55.37911],[60.18375,55.37886],[60.18265,55.37894],[60.18076,55.37959],[60.18051,55.37981],[60.18053,55.38002],[60.18165,55.38022],[60.18176,55.38045],[60.18151,55.38081],[60.18068,55.38127],[60.17929,55.38174],[60.17885,55.38177],[60.17858,55.38167],[60.17855,55.38149],[60.17935,55.38082],[60.17933,55.38066],[60.17865,55.38065],[60.17524,55.3822],[60.1687,55.38343],[60.16698,55.38457],[60.16604,55.38451],[60.16589,55.38428],[60.16622,55.3837],[60.16613,55.38351],[60.16506,55.38349],[60.16424,55.38394],[60.1635,55.38532],[60.16312,55.38566],[60.159,55.38736],[60.15829,55.38792],[60.15844,55.38879],[60.15927,55.389],[60.15948,55.38928],[60.15756,55.39005],[60.15713,55.39046],[60.1567,55.39153],[60.15691,55.39243],[60.15667,55.39317],[60.1553,55.39364],[60.15519,55.39446],[60.15395,55.39476],[60.15345,55.39524],[60.15338,55.3961],[60.15515,55.3976],[60.15519,55.39797],[60.15439,55.39825],[60.15273,55.39804],[60.15077,55.39872],[60.15008,55.39866],[60.14857,55.39905],[60.14833,55.3996],[60.14912,55.4004],[60.14893,55.40103],[60.14807,55.4015],[60.14773,55.40227],[60.14627,55.40254],[60.14504,55.40244],[60.14149,55.40263],[60.13775,55.40312],[60.13615,55.40363],[60.13486,55.40408],[60.13094,55.40405],[60.12914,55.40224],[60.13066,55.40075],[60.13014,55.39952],[60.12878,55.39906],[60.12736,55.40028],[60.12715,55.40126],[60.12691,55.40147],[60.12713,55.40277],[60.1267,55.40318],[60.1266,55.40369],[60.12721,55.40444],[60.12715,55.40501],[60.12594,55.40599],[60.12668,55.40652],[60.1256,55.40663],[60.12543,55.40756],[60.11984,55.41079],[60.11871,55.4117],[60.11912,55.41241],[60.11959,55.41242],[60.1194,55.41296],[60.11953,55.41312],[60.119,55.41339],[60.11648,55.41345],[60.11384,55.41328],[60.11292,55.41354],[60.11145,55.41336],[60.11055,55.41362],[60.1104,55.41433],[60.11009,55.4145],[60.10942,55.41473],[60.10811,55.41485],[60.10667,55.41463],[60.10364,55.41496],[60.10012,55.41437],[60.09829,55.41424],[60.09599,55.4144],[60.09529,55.4147],[60.09488,55.41513],[60.09485,55.41556],[60.09584,55.41689],[60.09475,55.41836],[60.09392,55.41987],[60.09222,55.42148],[60.09167,55.4227],[60.09197,55.42341],[60.09186,55.42461],[60.08928,55.42653],[60.08921,55.42723],[60.08831,55.42762],[60.08761,55.42837],[60.0868,55.4281],[60.08617,55.42817],[60.08577,55.42858],[60.08451,55.42896],[60.08358,55.42869],[60.08338,55.42888],[60.08338,55.42943],[60.08297,55.42963],[60.08088,55.42963],[60.08042,55.42978],[60.08013,55.43024],[60.0793,55.43028],[60.07889,55.42979],[60.07752,55.42906],[60.07564,55.42859],[60.0752,55.42834],[60.07475,55.42837],[60.0745,55.42863],[60.07433,55.4292],[60.07379,55.42933],[60.0718,55.42886],[60.07144,55.42869],[60.07152,55.42838],[60.07136,55.42827],[60.07006,55.42833],[60.06627,55.42769],[60.0652,55.42729],[60.06364,55.42726],[60.06114,55.42788],[60.05757,55.42826],[60.05707,55.42874],[60.05589,55.42913],[60.05513,55.42916],[60.05412,55.42953],[60.05192,55.42998],[60.05077,55.43043],[60.04692,55.43161],[60.04435,55.43143],[60.0422,55.43243],[60.04086,55.43397],[60.03882,55.43515],[60.03715,55.43556],[60.03584,55.4362],[60.03398,55.43672],[60.0318,55.43828],[60.03084,55.43985],[60.02777,55.44091],[60.02667,55.44203],[60.02436,55.44367],[60.02182,55.44632],[60.01365,55.44832],[59.99925,55.44667],[59.98962,55.45402],[59.98266,55.45889],[60.01584,55.55162],[60.0169,55.55507],[60.02004,55.56064],[60.02078,55.56579],[60.02645,55.58045],[59.97827,55.58619],[59.97808,55.58683],[59.97849,55.58737],[59.97779,55.58805]]]]}},{"type":"Feature","properties":{"osm_id":-398420,"name":"Чесменский район","admin_level":6},"geometry":{"type":"MultiPolygon","coordinates":[[[[59.98437,53.85263],[60.01033,53.87726],[60.01446,53.88137],[60.08582,53.88097],[60.09021,53.88109],[60.17829,53.88073],[60.24031,53.88068],[60.24002,53.87601],[60.24018,53.87094],[60.24008,53.86522],[60.25562,53.86536],[60.2779,53.86584],[60.30039,53.8657],[60.33857,53.85975],[60.35223,53.85809],[60.35213,53.86102],[60.35239,53.87727],[60.3525,53.90714],[60.36053,53.90697],[60.39478,53.90694],[60.39909,53.90679],[60.39893,53.913],[60.39954,53.9251],[60.44665,53.92521],[60.44853,53.95182],[60.48423,53.95176],[60.53219,53.95141],[60.53311,53.94832],[60.53618,53.94219],[60.53929,53.93659],[60.54774,53.93722],[60.54965,53.93764],[60.55277,53.93788],[60.55418,53.93824],[60.556,53.93812],[60.56049,53.93925],[60.5632,53.94031],[60.56347,53.9405],[60.56368,53.94106],[60.56492,53.94105],[60.56633,53.94146],[60.56744,53.9416],[60.56806,53.94193],[60.56847,53.94255],[60.56956,53.94237],[60.57028,53.94258],[60.57145,53.94339],[60.5716,53.94399],[60.57322,53.94415],[60.57389,53.94446],[60.57562,53.94651],[60.57657,53.94696],[60.57867,53.94719],[60.57978,53.94881],[60.58181,53.94819],[60.58183,53.94959],[60.58233,53.94996],[60.58353,53.95034],[60.58525,53.95058],[60.5869,53.95171],[60.58955,53.95233],[60.58961,53.9398],[60.58933,53.92778],[60.5893,53.91565],[60.59601,53.91543],[60.6656,53.91507],[60.67646,53.91483],[60.68861,53.91498],[60.71777,53.91486],[60.75149,53.91449],[60.76428,53.91455],[60.78245,53.91417],[60.80443,53.91418],[60.86282,53.91368],[60.86399,53.91328],[60.86374,53.91269],[60.88462,53.91171],[60.88452,53.90302],[60.88406,53.89895],[60.90224,53.89838],[60.90411,53.91328],[60.93352,53.91287],[60.96429,53.91274],[60.96458,53.91324],[60.96522,53.92066],[60.99553,53.92051],[60.99538,53.90662],[61.03652,53.9085],[61.05747,53.89413],[61.13536,53.90424],[61.17969,53.85239],[61.20759,53.84705],[61.21043,53.8383],[61.23673,53.84173],[61.23262,53.82113],[61.22719,53.79567],[61.19618,53.77986],[61.16958,53.77248],[61.13401,53.73774],[61.11518,53.72155],[61.05841,53.72143],[61.04228,53.65297],[60.99845,53.65075],[60.9953,53.67294],[60.89634,53.66761],[60.8731,53.65984],[60.86007,53.65485],[60.85338,53.65292],[60.85337,53.65884],[60.85305,53.66494],[60.85299,53.67071],[60.85307,53.68136],[60.8525,53.68754],[60.85233,53.69185],[60.85258,53.69936],[60.85318,53.70355],[60.8537,53.70577],[60.81248,53.70593],[60.78476,53.69332],[60.79799,53.68114],[60.80461,53.67529],[60.7963,53.67151],[60.77982,53.66461],[60.78025,53.66441],[60.78209,53.66439],[60.78257,53.66424],[60.78278,53.66348],[60.78424,53.66253],[60.78432,53.66208],[60.78417,53.66161],[60.78465,53.66044],[60.78452,53.65925],[60.7842,53.65867],[60.78427,53.65821],[60.78487,53.65768],[60.7857,53.65769],[60.78618,53.65749],[60.78664,53.65701],[60.78709,53.65616],[60.78718,53.65546],[60.78807,53.65272],[60.78817,53.651],[60.7877,53.64454],[60.78752,53.64391],[60.72297,53.64349],[60.65483,53.64357],[60.62982,53.64358],[60.61595,53.64343],[60.61539,53.62635],[60.61414,53.62108],[60.61413,53.61596],[60.61443,53.60901],[60.61459,53.59722],[60.61514,53.59663],[60.61628,53.59612],[60.6185,53.59541],[60.62167,53.59411],[60.62304,53.59394],[60.6236,53.59345],[60.62396,53.59334],[60.62625,53.5929],[60.62748,53.59266],[60.62757,53.59266],[60.6302,53.5926],[60.63144,53.59206],[60.63172,53.59168],[60.63356,53.59167],[60.63384,53.59155],[60.63445,53.59076],[60.63491,53.59051],[60.63623,53.59018],[60.63765,53.5896],[60.63796,53.5893],[60.63792,53.58883],[60.63857,53.58855],[60.63889,53.58794],[60.63891,53.58699],[60.63929,53.58644],[60.63915,53.58593],[60.63865,53.58532],[60.63833,53.58515],[60.6368,53.58504],[60.63657,53.58479],[60.63687,53.58446],[60.63682,53.5843],[60.63599,53.58415],[60.63536,53.58375],[60.63307,53.58143],[60.63017,53.57998],[60.62862,53.57696],[60.63038,53.57482],[60.63319,53.57239],[60.63417,53.57181],[60.63907,53.57004],[60.64191,53.56982],[60.64323,53.56946],[60.64472,53.56871],[60.6449,53.56842],[60.64414,53.56774],[60.64384,53.56693],[60.64489,53.56635],[60.6449,53.56505],[60.6452,53.56457],[60.64579,53.56419],[60.64589,53.56361],[60.64597,53.55209],[60.64563,53.53824],[60.64428,53.51941],[60.63895,53.52017],[60.63558,53.52011],[60.63249,53.5211],[60.62826,53.52159],[60.62604,53.52243],[60.62417,53.52291],[60.62263,53.52394],[60.61897,53.52484],[60.61693,53.525],[60.6148,53.52455],[60.61378,53.52455],[60.60818,53.52513],[60.60691,53.52504],[60.60534,53.52465],[60.60806,53.52179],[60.60778,53.50442],[60.6065,53.47821],[60.6068,53.47188],[60.60669,53.46693],[60.60426,53.45821],[60.60181,53.45],[60.60005,53.4449],[60.59837,53.4388],[60.59477,53.42905],[60.59213,53.41983],[60.58486,53.39256],[60.57894,53.37216],[60.54922,53.37253],[60.52768,53.37221],[60.49509,53.3721],[60.45918,53.37373],[60.45955,53.37698],[60.41531,53.37682],[60.41516,53.38582],[60.41546,53.39242],[60.415,53.3956],[60.41525,53.39977],[60.41482,53.41905],[60.41339,53.42026],[60.41008,53.42178],[60.39943,53.42774],[60.37965,53.43794],[60.36209,53.43689],[60.32843,53.43958],[60.29327,53.45785],[60.28338,53.46379],[60.26239,53.47601],[60.26038,53.50682],[60.26026,53.51237],[60.25633,53.53943],[60.2585,53.5465],[60.25165,53.54883],[60.24187,53.55243],[60.23932,53.55351],[60.24401,53.55498],[60.25252,53.55711],[60.247,53.56495],[60.24883,53.58181],[60.24417,53.58569],[60.21511,53.61247],[60.20512,53.6214],[60.1915,53.63393],[60.18645,53.63827],[60.18511,53.63967],[60.17606,53.64805],[60.16959,53.6532],[60.16128,53.66087],[60.1405,53.65862],[60.13347,53.66099],[60.10468,53.66976],[60.09918,53.6822],[60.09524,53.68691],[60.08511,53.69965],[60.0808,53.70537],[60.09709,53.71407],[60.089,53.71909],[60.07947,53.72541],[60.08266,53.73484],[60.09025,53.75591],[60.06246,53.75867],[60.06246,53.76756],[60.06215,53.77273],[60.06041,53.77477],[60.05115,53.78493],[60.03876,53.78525],[60.04075,53.79672],[60.04157,53.81404],[60.04234,53.82411],[60.04254,53.83345],[60.03406,53.83337],[60.01137,53.83361],[60.00119,53.84458],[60.00304,53.85038],[59.98437,53.85263]]],[[[61.03698,53.95857],[61.05269,53.96462],[61.06865,53.96968],[61.07276,53.97073],[61.08006,53.97052],[61.08763,53.96377],[61.08826,53.95621],[61.08632,53.95358],[61.07988,53.94463],[61.06457,53.94493],[61.05565,53.95869],[61.03698,53.95857]]]]}},{"type":"Feature","properties":{"osm_id":-398402,"name":"Кыштымский городской округ","admin_level":6},"geometry":{"type":"MultiPolygon","coordinates":[[[[60.06944,55.71246],[60.06968,55.71298],[60.06997,55.71307],[60.0711,55.71423],[60.07216,55.71465],[60.07218,55.71518],[60.07171,55.7154],[60.07154,55.71592],[60.07242,55.7163],[60.07248,55.71695],[60.07321,55.71705],[60.0741,55.71647],[60.07521,55.71645],[60.07683,55.71703],[60.07707,55.71723],[60.07708,55.71741],[60.0767,55.71772],[60.07666,55.7179],[60.07687,55.71802],[60.07766,55.7178],[60.07809,55.71745],[60.07824,55.71695],[60.0785,55.71678],[60.07951,55.7171],[60.08043,55.71675],[60.08097,55.71713],[60.08072,55.71751],[60.08084,55.71773],[60.08185,55.7175],[60.08204,55.71733],[60.08195,55.71706],[60.08117,55.71647],[60.08063,55.71576],[60.08179,55.71533],[60.08276,55.71562],[60.08417,55.71563],[60.08427,55.71576],[60.08405,55.71595],[60.08407,55.71616],[60.08475,55.7164],[60.08564,55.7159],[60.0867,55.71611],[60.08786,55.71595],[60.08818,55.71576],[60.08852,55.71514],[60.08961,55.71514],[60.09032,55.71489],[60.09097,55.71485],[60.09109,55.71514],[60.09071,55.71558],[60.09153,55.71597],[60.09253,55.71613],[60.09288,55.71593],[60.0929,55.71563],[60.09175,55.71498],[60.09239,55.7147],[60.09254,55.71431],[60.09288,55.71425],[60.09316,55.7143],[60.09369,55.71476],[60.09733,55.71541],[60.1016,55.71644],[60.10651,55.71993],[60.10708,55.72155],[60.10721,55.72265],[60.10678,55.72373],[60.10685,55.72622],[60.10759,55.72754],[60.109,55.72858],[60.11275,55.72923],[60.11547,55.73042],[60.11787,55.73257],[60.12332,55.73844],[60.1253,55.73965],[60.12875,55.7455],[60.1404,55.74797],[60.14288,55.74875],[60.14713,55.74974],[60.15592,55.75335],[60.20611,55.77656],[60.22106,55.78333],[60.22467,55.78325],[60.22555,55.78345],[60.2268,55.78418],[60.2288,55.78446],[60.23408,55.78433],[60.23507,55.78443],[60.24213,55.78622],[60.24459,55.78651],[60.24915,55.78642],[60.25008,55.78593],[60.25091,55.78584],[60.25157,55.78542],[60.25211,55.78561],[60.25398,55.78553],[60.25592,55.78585],[60.25677,55.78622],[60.25689,55.78658],[60.25817,55.78701],[60.25823,55.78718],[60.25775,55.78756],[60.25832,55.78786],[60.25832,55.78829],[60.2602,55.78853],[60.26084,55.78896],[60.26094,55.78921],[60.26076,55.78937],[60.26102,55.78953],[60.26087,55.78974],[60.26165,55.79049],[60.26216,55.79075],[60.26212,55.79093],[60.26188,55.79098],[60.26206,55.7915],[60.26238,55.79161],[60.26278,55.79151],[60.26301,55.79162],[60.26308,55.79188],[60.26351,55.79178],[60.26403,55.79222],[60.26473,55.79208],[60.26481,55.79255],[60.26519,55.79244],[60.26585,55.79285],[60.26524,55.79312],[60.26544,55.79341],[60.26611,55.79344],[60.26627,55.79399],[60.26578,55.79391],[60.26572,55.79409],[60.26597,55.7943],[60.26578,55.79476],[60.26523,55.79475],[60.2651,55.79497],[60.26484,55.79496],[60.26458,55.79519],[60.26507,55.79557],[60.26447,55.79553],[60.2643,55.79572],[60.26454,55.79597],[60.26385,55.79623],[60.26432,55.79653],[60.26406,55.79669],[60.264,55.79702],[60.26362,55.79742],[60.26453,55.79758],[60.26454,55.79776],[60.26408,55.79782],[60.26397,55.79797],[60.26431,55.79836],[60.26522,55.7987],[60.26537,55.79919],[60.26497,55.79934],[60.26507,55.79964],[60.26723,55.8007],[60.26788,55.80125],[60.26756,55.80162],[60.26801,55.80179],[60.26803,55.80224],[60.26855,55.80261],[60.27036,55.80292],[60.27137,55.80398],[60.27117,55.80431],[60.27128,55.80475],[60.274,55.80592],[60.27366,55.80604],[60.27373,55.80656],[60.27417,55.80656],[60.2745,55.8061],[60.27468,55.80607],[60.27508,55.80613],[60.27518,55.80654],[60.27595,55.80665],[60.27668,55.80647],[60.27684,55.80665],[60.27666,55.80686],[60.27695,55.80727],[60.27745,55.80716],[60.27785,55.80737],[60.27794,55.80745],[60.27779,55.80768],[60.27823,55.8078],[60.27849,55.80829],[60.27945,55.80839],[60.28028,55.80902],[60.28074,55.80873],[60.28141,55.80928],[60.28194,55.80896],[60.28257,55.80917],[60.28388,55.80901],[60.28495,55.80933],[60.28477,55.80973],[60.28573,55.80977],[60.28595,55.80945],[60.28667,55.80942],[60.28668,55.80966],[60.28694,55.80969],[60.2877,55.80942],[60.28783,55.80947],[60.28774,55.80964],[60.28797,55.8097],[60.2885,55.80937],[60.28882,55.80944],[60.2891,55.80975],[60.28927,55.80965],[60.28923,55.80948],[60.29052,55.80954],[60.29063,55.80925],[60.29082,55.80923],[60.29259,55.80986],[60.2928,55.81019],[60.29366,55.81023],[60.29382,55.81046],[60.2941,55.81037],[60.2948,55.81074],[60.29471,55.81102],[60.29549,55.81046],[60.29588,55.81075],[60.29599,55.81046],[60.29632,55.81048],[60.29673,55.81081],[60.29675,55.81099],[60.29739,55.81097],[60.29827,55.81153],[60.29865,55.81232],[60.29906,55.81246],[60.29912,55.81269],[60.29874,55.81269],[60.29881,55.81294],[60.29925,55.81312],[60.29895,55.81331],[60.2992,55.81426],[60.29961,55.81431],[60.29982,55.81409],[60.30017,55.81409],[60.30113,55.81496],[60.30099,55.81522],[60.30187,55.81534],[60.30261,55.81583],[60.30364,55.81613],[60.30419,55.81659],[60.30488,55.81651],[60.30495,55.81681],[60.30481,55.81701],[60.30552,55.81723],[60.30528,55.81742],[60.30549,55.81751],[60.30528,55.81764],[60.30543,55.81796],[60.30646,55.81834],[60.30669,55.81818],[60.30691,55.81823],[60.30687,55.81847],[60.30715,55.81878],[60.30719,55.81924],[60.30732,55.81932],[60.30786,55.81964],[60.30871,55.81966],[60.30936,55.81989],[60.31013,55.81976],[60.31037,55.81957],[60.3114,55.81992],[60.31198,55.81992],[60.3128,55.82035],[60.3125,55.82057],[60.3129,55.82071],[60.31291,55.82085],[60.31226,55.82104],[60.3126,55.82169],[60.31324,55.82179],[60.3136,55.82157],[60.31377,55.82187],[60.31445,55.82172],[60.31482,55.82187],[60.31489,55.8216],[60.31531,55.82157],[60.31539,55.82176],[60.31586,55.82189],[60.31592,55.82209],[60.31691,55.82246],[60.31711,55.82275],[60.31821,55.82304],[60.31896,55.82368],[60.31956,55.8238],[60.3195,55.82404],[60.31984,55.82411],[60.32025,55.82462],[60.32097,55.82509],[60.32048,55.8251],[60.3202,55.82547],[60.32035,55.8256],[60.32085,55.82552],[60.3208,55.82574],[60.32104,55.82592],[60.32102,55.82617],[60.32227,55.82623],[60.32236,55.8265],[60.32296,55.82659],[60.32304,55.8268],[60.32308,55.82711],[60.32338,55.82724],[60.32406,55.82709],[60.32447,55.82722],[60.32434,55.82787],[60.32447,55.82813],[60.32485,55.8283],[60.32579,55.8282],[60.32647,55.82837],[60.29102,55.83171],[60.29631,55.85123],[60.30203,55.87035],[60.31247,55.86936],[60.31746,55.8878],[60.37639,55.88295],[60.37389,55.87381],[60.37157,55.86449],[60.36961,55.85853],[60.33527,55.86162],[60.33066,55.84813],[60.39135,55.84046],[60.42237,55.83676],[60.42439,55.85478],[60.42446,55.86405],[60.45075,55.86292],[60.55983,55.8594],[60.55981,55.85919],[60.55894,55.84924],[60.55782,55.83989],[60.55721,55.83115],[60.55589,55.8212],[60.63654,55.81189],[60.63673,55.80835],[60.64221,55.79442],[60.64203,55.77455],[60.64166,55.77227],[60.64113,55.76225],[60.64082,55.7613],[60.64023,55.7607],[60.63814,55.75364],[60.64,55.75341],[60.64079,55.75287],[60.64084,55.75232],[60.63776,55.75245],[60.63631,55.74854],[60.63541,55.74855],[60.635,55.74726],[60.63612,55.7473],[60.63253,55.73629],[60.63193,55.73624],[60.63048,55.73264],[60.63116,55.73243],[60.62994,55.73015],[60.62889,55.72775],[60.62793,55.72501],[60.62511,55.71773],[60.62458,55.71678],[60.62264,55.71101],[60.62317,55.7055],[60.62214,55.7035],[60.61739,55.68603],[60.63008,55.67247],[60.64114,55.66956],[60.64547,55.66761],[60.64661,55.66696],[60.64999,55.66384],[60.65366,55.66264],[60.6557,55.66172],[60.65706,55.66064],[60.65893,55.6588],[60.66911,55.66011],[60.66956,55.65932],[60.67067,55.65856],[60.67229,55.65793],[60.67244,55.65721],[60.67398,55.65446],[60.67322,55.6542],[60.67148,55.65305],[60.66832,55.65248],[60.66712,55.65274],[60.66554,55.65336],[60.66457,55.6535],[60.6632,55.65302],[60.66497,55.64992],[60.66812,55.64754],[60.66891,55.64588],[60.66922,55.64469],[60.67091,55.64221],[60.67109,55.64105],[60.67059,55.63916],[60.67099,55.63757],[60.67156,55.63547],[60.67264,55.63307],[60.67425,55.63161],[60.67916,55.62835],[60.68667,55.62454],[60.69067,55.62209],[60.69264,55.62064],[60.68938,55.62054],[60.68852,55.62177],[60.68735,55.62256],[60.68635,55.62284],[60.68182,55.62313],[60.68049,55.62342],[60.68003,55.62334],[60.67999,55.62319],[60.68034,55.62292],[60.68004,55.62294],[60.67879,55.62353],[60.67814,55.62519],[60.67757,55.62573],[60.67671,55.6263],[60.67564,55.62665],[60.67272,55.62715],[60.66895,55.62703],[60.6657,55.62666],[60.66403,55.62676],[60.66317,55.62714],[60.66074,55.62918],[60.66003,55.62955],[60.65832,55.62954],[60.65718,55.62977],[60.65561,55.62934],[60.65478,55.62937],[60.65409,55.6291],[60.6535,55.62915],[60.65312,55.62973],[60.65203,55.63009],[60.65143,55.63177],[60.65076,55.63272],[60.64928,55.63289],[60.64835,55.63376],[60.64702,55.63368],[60.64597,55.63389],[60.64393,55.63393],[60.64206,55.63472],[60.63903,55.63541],[60.63716,55.63528],[60.63327,55.63576],[60.63188,55.63565],[60.63055,55.6354],[60.62939,55.63487],[60.62697,55.63412],[60.6258,55.63406],[60.62394,55.63343],[60.62231,55.63321],[60.62111,55.63261],[60.62078,55.63279],[60.62039,55.63254],[60.61967,55.63271],[60.61868,55.63193],[60.61736,55.63191],[60.6168,55.63167],[60.61626,55.63119],[60.61592,55.63117],[60.61556,55.63138],[60.61526,55.63122],[60.6152,55.63101],[60.61651,55.63061],[60.61673,55.63041],[60.61674,55.62999],[60.61696,55.63002],[60.6173,55.63049],[60.6176,55.63047],[60.6191,55.62975],[60.61912,55.62946],[60.61874,55.62891],[60.61826,55.62893],[60.61679,55.62965],[60.61667,55.62951],[60.61712,55.6286],[60.61804,55.62812],[60.61835,55.62762],[60.61933,55.62756],[60.61961,55.62687],[60.61946,55.62642],[60.61821,55.62562],[60.61835,55.62542],[60.61872,55.62533],[60.61883,55.62508],[60.61841,55.62477],[60.61709,55.62432],[60.61647,55.62451],[60.61537,55.6245],[60.61494,55.6241],[60.61507,55.62384],[60.6163,55.62349],[60.61698,55.62318],[60.61749,55.62264],[60.61795,55.62249],[60.61867,55.62312],[60.61969,55.62337],[60.62032,55.62338],[60.62105,55.62301],[60.6208,55.62238],[60.62019,55.62197],[60.62081,55.6214],[60.62062,55.62119],[60.61928,55.62119],[60.61889,55.62088],[60.61863,55.62042],[60.61927,55.6205],[60.62425,55.61933],[60.62691,55.61892],[60.62324,55.60644],[60.61417,55.57687],[60.54621,55.58378],[60.54475,55.57978],[60.54056,55.56447],[60.5072,55.56775],[60.50589,55.56346],[60.5057,55.56327],[60.50558,55.56277],[60.50567,55.56235],[60.50472,55.56243],[60.50393,55.56286],[60.48743,55.55899],[60.4851,55.55901],[60.47713,55.5656],[60.4428,55.56813],[60.42693,55.56792],[60.40644,55.56883],[60.41158,55.58386],[60.41256,55.60067],[60.41392,55.60529],[60.37994,55.60711],[60.35358,55.61186],[60.34746,55.61264],[60.256,55.6234],[60.24721,55.62329],[60.14651,55.63503],[60.15522,55.66326],[60.15863,55.67351],[60.19256,55.66976],[60.19602,55.67967],[60.2021,55.69891],[60.06944,55.71246]]]]}},{"type":"Feature","properties":{"osm_id":-398408,"name":"Аргаяшский район","admin_level":6},"geometry":{"type":"MultiPolygon","coordinates":[[[[60.19572,55.23677],[60.1978,55.23866],[60.19999,55.24359],[60.20127,55.24718],[60.20604,55.25606],[60.20898,55.2649],[60.22216,55.30242],[60.23096,55.31217],[60.25089,55.33507],[60.25374,55.33688],[60.25415,55.33743],[60.2553,55.33786],[60.25938,55.34],[60.26159,55.34091],[60.26679,55.34355],[60.2667,55.34393],[60.26514,55.34424],[60.26418,55.34465],[60.26367,55.34503],[60.26283,55.34647],[60.26667,55.35903],[60.26741,55.36467],[60.26719,55.36615],[60.26739,55.36796],[60.26824,55.37176],[60.27073,55.37149],[60.27254,55.37195],[60.27239,55.37315],[60.27324,55.37366],[60.27314,55.37716],[60.27256,55.37816],[60.27249,55.37894],[60.27259,55.38122],[60.27227,55.38287],[60.27175,55.384],[60.2726,55.38634],[60.27245,55.38686],[60.27439,55.3917],[60.27358,55.39229],[60.27334,55.39295],[60.27211,55.39341],[60.27591,55.39844],[60.27698,55.40091],[60.27744,55.40353],[60.28376,55.41246],[60.28641,55.4174],[60.28994,55.42537],[60.29151,55.42639],[60.32099,55.45032],[60.34462,55.44912],[60.37463,55.46868],[60.38026,55.46995],[60.38191,55.46981],[60.38511,55.47007],[60.38711,55.47047],[60.38769,55.47083],[60.40545,55.47762],[60.41739,55.48238],[60.44734,55.49459],[60.47626,55.53316],[60.4851,55.55901],[60.48743,55.55899],[60.50393,55.56286],[60.50472,55.56243],[60.50567,55.56235],[60.50558,55.56277],[60.5057,55.56327],[60.50589,55.56346],[60.5072,55.56775],[60.54056,55.56447],[60.54475,55.57978],[60.54621,55.58378],[60.61417,55.57687],[60.62324,55.60644],[60.62691,55.61892],[60.62425,55.61933],[60.61927,55.6205],[60.61863,55.62042],[60.61889,55.62088],[60.61928,55.62119],[60.62062,55.62119],[60.62081,55.6214],[60.62019,55.62197],[60.6208,55.62238],[60.62105,55.62301],[60.62032,55.62338],[60.61969,55.62337],[60.61867,55.62312],[60.61795,55.62249],[60.61749,55.62264],[60.61698,55.62318],[60.6163,55.62349],[60.61507,55.62384],[60.61494,55.6241],[60.61537,55.6245],[60.61647,55.62451],[60.61709,55.62432],[60.61841,55.62477],[60.61883,55.62508],[60.61872,55.62533],[60.61835,55.62542],[60.61821,55.62562],[60.61946,55.62642],[60.61961,55.62687],[60.61933,55.62756],[60.61835,55.62762],[60.61804,55.62812],[60.61712,55.6286],[60.61667,55.62951],[60.61679,55.62965],[60.61826,55.62893],[60.61874,55.62891],[60.61912,55.62946],[60.6191,55.62975],[60.6176,55.63047],[60.6173,55.63049],[60.61696,55.63002],[60.61674,55.62999],[60.61673,55.63041],[60.61651,55.63061],[60.6152,55.63101],[60.61526,55.63122],[60.61556,55.63138],[60.61592,55.63117],[60.61626,55.63119],[60.6168,55.63167],[60.61736,55.63191],[60.61868,55.63193],[60.61967,55.63271],[60.62039,55.63254],[60.62078,55.63279],[60.62111,55.63261],[60.62231,55.63321],[60.62394,55.63343],[60.6258,55.63406],[60.62697,55.63412],[60.62939,55.63487],[60.63055,55.6354],[60.63188,55.63565],[60.63327,55.63576],[60.63716,55.63528],[60.63903,55.63541],[60.64206,55.63472],[60.64393,55.63393],[60.64597,55.63389],[60.64702,55.63368],[60.64835,55.63376],[60.64928,55.63289],[60.65076,55.63272],[60.65143,55.63177],[60.65203,55.63009],[60.65312,55.62973],[60.6535,55.62915],[60.65409,55.6291],[60.65478,55.62937],[60.65561,55.62934],[60.65718,55.62977],[60.65832,55.62954],[60.66003,55.62955],[60.66074,55.62918],[60.66317,55.62714],[60.66403,55.62676],[60.6657,55.62666],[60.66895,55.62703],[60.67272,55.62715],[60.67564,55.62665],[60.67671,55.6263],[60.67757,55.62573],[60.67814,55.62519],[60.67879,55.62353],[60.68004,55.62294],[60.68034,55.62292],[60.67999,55.62319],[60.68003,55.62334],[60.68049,55.62342],[60.68182,55.62313],[60.68635,55.62284],[60.68735,55.62256],[60.68852,55.62177],[60.68938,55.62054],[60.69264,55.62064],[60.71066,55.60578],[60.71689,55.60493],[60.73884,55.60387],[60.73835,55.60345],[60.73785,55.60344],[60.73742,55.60372],[60.73702,55.6036],[60.73477,55.60189],[60.73429,55.60112],[60.73329,55.60015],[60.73301,55.59958],[60.73261,55.59814],[60.73286,55.59684],[60.73313,55.59635],[60.73391,55.59562],[60.73504,55.59502],[60.73511,55.59499],[60.73637,55.59438],[60.73751,55.59413],[60.74113,55.59365],[60.74409,55.59361],[60.74436,55.59313],[60.74574,55.5932],[60.7458,55.59296],[60.74649,55.59303],[60.74712,55.59286],[60.74793,55.59258],[60.74909,55.59204],[60.7521,55.59037],[60.75223,55.59022],[60.75213,55.59006],[60.76323,55.59174],[60.76543,55.59272],[60.77238,55.59815],[60.77393,55.59964],[60.7745,55.60044],[60.77507,55.60166],[60.77531,55.60296],[60.77529,55.60428],[60.7993,55.60425],[60.80526,55.61379],[60.79805,55.61335],[60.79802,55.61411],[60.79781,55.61881],[60.80106,55.62278],[60.80232,55.62579],[60.80262,55.62583],[60.80273,55.62607],[60.80201,55.62751],[60.80165,55.62875],[60.80168,55.62917],[60.80402,55.62951],[60.80486,55.62948],[60.80577,55.62973],[60.80755,55.63252],[60.81195,55.63887],[60.81388,55.6414],[60.81689,55.64607],[60.81919,55.64614],[60.82187,55.64652],[60.82267,55.64669],[60.82321,55.64711],[60.82548,55.64633],[60.82644,55.646],[60.8358,55.64483],[60.83704,55.64467],[60.83727,55.64289],[60.83793,55.6408],[60.83993,55.63032],[60.84076,55.62759],[60.84154,55.62565],[60.84297,55.62374],[60.85574,55.6318],[60.86768,55.6388],[60.89958,55.65665],[60.91,55.66219],[60.91094,55.66681],[60.91705,55.66898],[60.92175,55.67072],[60.92905,55.67178],[60.93356,55.67415],[60.94516,55.68077],[60.95125,55.68447],[60.96274,55.69209],[60.93695,55.70497],[60.95032,55.71185],[60.97138,55.69785],[61.01985,55.70181],[61.04147,55.70102],[61.05417,55.69356],[61.05743,55.69111],[61.08178,55.69099],[61.08083,55.69441],[61.08373,55.70027],[61.09903,55.69961],[61.09986,55.69829],[61.10168,55.69334],[61.10278,55.68934],[61.10734,55.6806],[61.10834,55.67912],[61.11021,55.67802],[61.11255,55.6796],[61.11906,55.67862],[61.12601,55.68212],[61.1288,55.68564],[61.14774,55.69218],[61.14681,55.69998],[61.14622,55.70866],[61.15143,55.72478],[61.15435,55.72874],[61.16929,55.72526],[61.17204,55.72444],[61.17867,55.72539],[61.18607,55.72574],[61.19194,55.72737],[61.19391,55.72826],[61.19543,55.72915],[61.19726,55.72821],[61.19631,55.72585],[61.20912,55.72619],[61.23318,55.72596],[61.24429,55.69473],[61.24798,55.6852],[61.2461,55.68316],[61.24392,55.67917],[61.24136,55.67929],[61.23853,55.67992],[61.23418,55.68042],[61.22187,55.68104],[61.22154,55.66446],[61.21874,55.66239],[61.21564,55.6601],[61.20707,55.66112],[61.20473,55.65989],[61.1989,55.65683],[61.19966,55.65564],[61.20605,55.65373],[61.20864,55.65295],[61.21151,55.65209],[61.21148,55.65067],[61.21205,55.64412],[61.21554,55.64255],[61.22078,55.63909],[61.22019,55.63379],[61.22518,55.6337],[61.22726,55.63365],[61.2275,55.63174],[61.23373,55.62484],[61.23613,55.61489],[61.2379,55.6145],[61.23893,55.61408],[61.24119,55.6141],[61.24158,55.61453],[61.24287,55.61461],[61.2432,55.61446],[61.24331,55.61422],[61.24314,55.61389],[61.24312,55.61322],[61.2433,55.61291],[61.24364,55.61254],[61.24529,55.61169],[61.2499,55.61064],[61.2522,55.61028],[61.25349,55.61025],[61.25474,55.60989],[61.25503,55.60991],[61.25631,55.60997],[61.25808,55.6097],[61.2593,55.60978],[61.26094,55.60945],[61.26126,55.60959],[61.26096,55.60997],[61.26186,55.61038],[61.26427,55.60972],[61.2656,55.60997],[61.26642,55.6104],[61.26689,55.61044],[61.2679,55.6103],[61.26967,55.60961],[61.27082,55.60975],[61.27199,55.6099],[61.27358,55.61056],[61.27435,55.60995],[61.27475,55.60985],[61.27496,55.6099],[61.2767,55.61031],[61.2779,55.61112],[61.27896,55.61118],[61.28121,55.61072],[61.28299,55.61074],[61.28459,55.61062],[61.2856,55.61055],[61.28673,55.61046],[61.29312,55.59542],[61.29439,55.58964],[61.31226,55.57444],[61.30272,55.57121],[61.28602,55.56589],[61.27934,55.56591],[61.2657,55.55028],[61.25912,55.54227],[61.25497,55.53964],[61.24903,55.53737],[61.24574,55.53531],[61.25509,55.52407],[61.25859,55.51906],[61.26032,55.51201],[61.24684,55.50313],[61.25161,55.50094],[61.26777,55.49021],[61.28948,55.48426],[61.29139,55.48368],[61.29265,55.4831],[61.30112,55.47508],[61.30286,55.47052],[61.30411,55.4693],[61.30452,55.46866],[61.30507,55.46654],[61.30503,55.46588],[61.30466,55.46475],[61.30339,55.46292],[61.3013,55.46135],[61.29957,55.46044],[61.29835,55.46],[61.29616,55.45807],[61.29324,55.45636],[61.29224,55.45601],[61.29052,55.45583],[61.28535,55.45666],[61.28491,55.4569],[61.28466,55.45786],[61.28443,55.45792],[61.28308,55.45744],[61.28127,55.45749],[61.27975,55.45788],[61.28435,55.45291],[61.30125,55.43559],[61.29708,55.43192],[61.29627,55.4298],[61.29456,55.42752],[61.27287,55.42518],[61.26406,55.42446],[61.25689,55.42356],[61.25299,55.42265],[61.23995,55.41962],[61.23363,55.41812],[61.23125,55.41496],[61.22238,55.41302],[61.21885,55.41225],[61.20484,55.40758],[61.19978,55.4059],[61.19507,55.40433],[61.19166,55.40335],[61.18587,55.40439],[61.18039,55.40523],[61.1726,55.40642],[61.16115,55.40816],[61.15716,55.40876],[61.15022,55.41002],[61.1478,55.40899],[61.13102,55.40183],[61.11825,55.39837],[61.10251,55.39353],[61.09267,55.389],[61.09083,55.38884],[61.08959,55.38838],[61.08812,55.38735],[61.0875,55.38649],[61.08534,55.3859],[61.08346,55.38502],[61.08208,55.38478],[61.07659,55.3846],[61.07431,55.38396],[61.07403,55.38375],[61.07404,55.38357],[61.07505,55.38343],[61.07526,55.38308],[61.07429,55.38158],[61.07458,55.38094],[61.07319,55.37982],[61.0731,55.37918],[61.07323,55.37848],[61.07185,55.37616],[61.07176,55.3755],[61.07227,55.37417],[61.07195,55.37374],[61.06872,55.37225],[61.06869,55.3719],[61.06901,55.37144],[61.0687,55.37124],[61.06864,55.37102],[61.0692,55.37072],[61.07044,55.37059],[61.06886,55.36829],[61.06599,55.36129],[61.06546,55.36063],[61.06501,55.35922],[61.06406,55.35881],[61.06197,55.352],[61.06169,55.35108],[61.04768,55.34604],[61.02916,55.34159],[61.02241,55.3384],[61.02065,55.33857],[61.01177,55.33345],[60.99791,55.31875],[60.98933,55.30184],[60.98629,55.29883],[60.98387,55.29605],[60.98214,55.28181],[60.97563,55.27349],[60.97443,55.2688],[60.97146,55.26467],[60.96761,55.24262],[60.95841,55.23122],[60.95041,55.21988],[60.94048,55.20448],[60.93638,55.20493],[60.93387,55.20549],[60.92683,55.20394],[60.92679,55.20407],[60.92588,55.20413],[60.92574,55.20393],[60.9231,55.20358],[60.91222,55.20347],[60.90985,55.20312],[60.90858,55.20281],[60.90815,55.20256],[60.89185,55.21621],[60.88694,55.22055],[60.82588,55.22318],[60.83007,55.20693],[60.83244,55.1985],[60.82467,55.19271],[60.82708,55.19151],[60.82803,55.18847],[60.83191,55.18342],[60.83507,55.18331],[60.8372,55.18285],[60.8408,55.18344],[60.86149,55.18238],[60.86105,55.17841],[60.86015,55.16577],[60.85361,55.1524],[60.84882,55.15183],[60.84521,55.14954],[60.82816,55.1438],[60.82782,55.13976],[60.82704,55.13929],[60.82676,55.13925],[60.82635,55.13947],[60.82645,55.14004],[60.82623,55.14022],[60.82534,55.14052],[60.82406,55.14049],[60.822,55.13992],[60.82095,55.14016],[60.82081,55.14056],[60.82131,55.14097],[60.8214,55.14127],[60.82137,55.14166],[60.82107,55.14204],[60.82036,55.1422],[60.81913,55.14207],[60.81775,55.14257],[60.8172,55.14315],[60.81738,55.14385],[60.81721,55.14427],[60.81674,55.14453],[60.81593,55.14463],[60.8157,55.14434],[60.81629,55.14384],[60.81641,55.14338],[60.81572,55.14316],[60.81383,55.14316],[60.81338,55.1429],[60.81358,55.14257],[60.81491,55.14223],[60.81534,55.1417],[60.81523,55.14135],[60.81476,55.14121],[60.81402,55.14135],[60.81354,55.14122],[60.81204,55.13978],[60.81074,55.14022],[60.81066,55.14004],[60.81089,55.13964],[60.81086,55.13934],[60.80949,55.13911],[60.80883,55.1393],[60.80849,55.13972],[60.80859,55.14007],[60.80913,55.14056],[60.80913,55.14089],[60.80884,55.14109],[60.80774,55.14116],[60.8072,55.14099],[60.8072,55.14033],[60.80676,55.14003],[60.80577,55.1396],[60.80497,55.13949],[60.80439,55.13968],[60.80434,55.13987],[60.80528,55.1402],[60.80532,55.14079],[60.80481,55.14095],[60.80376,55.14052],[60.80337,55.14056],[60.80317,55.14084],[60.80344,55.14135],[60.80288,55.14166],[60.80191,55.1417],[60.80073,55.141],[60.80026,55.14092],[60.79993,55.14113],[60.8,55.1416],[60.79984,55.14196],[60.79881,55.14258],[60.7957,55.1429],[60.79473,55.14243],[60.79428,55.14239],[60.79346,55.14275],[60.7931,55.14312],[60.79314,55.14329],[60.79472,55.14368],[60.79464,55.14415],[60.79341,55.14526],[60.79336,55.14551],[60.79359,55.14585],[60.7941,55.14594],[60.79504,55.14529],[60.79548,55.14519],[60.79678,55.14526],[60.79734,55.1456],[60.79718,55.14603],[60.7962,55.14677],[60.79632,55.14716],[60.79704,55.14771],[60.79691,55.14794],[60.79616,55.14838],[60.79485,55.14864],[60.7936,55.14845],[60.79348,55.14814],[60.79485,55.14707],[60.79479,55.14674],[60.79431,55.14659],[60.79021,55.14769],[60.7897,55.14804],[60.78957,55.14856],[60.78986,55.14963],[60.79031,55.15025],[60.78994,55.15062],[60.78918,55.15083],[60.78717,55.15092],[60.78573,55.15028],[60.78511,55.15026],[60.78437,55.15035],[60.78383,55.15064],[60.78412,55.15098],[60.78519,55.15143],[60.78546,55.1518],[60.78528,55.15282],[60.78495,55.15321],[60.78446,55.15325],[60.78301,55.1529],[60.78255,55.15295],[60.7814,55.15361],[60.77875,55.15364],[60.77615,55.1523],[60.77032,55.15148],[60.76817,55.15148],[60.7641,55.15262],[60.76186,55.1539],[60.76003,55.15437],[60.75998,55.15449],[60.76019,55.15459],[60.76105,55.15488],[60.76165,55.1556],[60.76188,55.15631],[60.76153,55.15655],[60.76038,55.15627],[60.75973,55.15645],[60.75968,55.15668],[60.75992,55.15692],[60.76097,55.15715],[60.7611,55.15735],[60.7611,55.15757],[60.76043,55.15788],[60.7588,55.15778],[60.75741,55.15747],[60.75661,55.15769],[60.75771,55.15855],[60.75726,55.15998],[60.75674,55.16036],[60.75598,55.16046],[60.75538,55.16025],[60.75533,55.15983],[60.75576,55.15933],[60.75536,55.15897],[60.75457,55.15882],[60.75121,55.15899],[60.74889,55.15881],[60.7473,55.15916],[60.74605,55.15925],[60.74289,55.1589],[60.74097,55.15919],[60.73763,55.15505],[60.72552,55.1471],[60.71983,55.1389],[60.71919,55.13561],[60.70604,55.13515],[60.69725,55.13318],[60.69735,55.13026],[60.69724,55.12472],[60.69695,55.12125],[60.69184,55.12361],[60.68219,55.1272],[60.6758,55.12981],[60.64691,55.14021],[60.63388,55.1443],[60.61641,55.14832],[60.61371,55.14958],[60.61321,55.14948],[60.61215,55.14963],[60.61065,55.14876],[60.60994,55.14868],[60.60983,55.148],[60.60894,55.14815],[60.60878,55.14766],[60.60823,55.14751],[60.60762,55.14747],[60.60693,55.14769],[60.60154,55.14704],[60.60005,55.14725],[60.59932,55.14777],[60.59578,55.14844],[60.5953,55.14896],[60.59383,55.1488],[60.59274,55.1491],[60.59247,55.14888],[60.59253,55.14837],[60.59158,55.14799],[60.59077,55.14793],[60.59038,55.14766],[60.58917,55.14755],[60.5885,55.14776],[60.58722,55.14729],[60.58506,55.14713],[60.58481,55.14689],[60.58435,55.14677],[60.58419,55.14708],[60.58255,55.14692],[60.5825,55.14717],[60.5823,55.14727],[60.58214,55.14718],[60.58217,55.14677],[60.58176,55.14674],[60.58138,55.14646],[60.58073,55.14641],[60.58048,55.14888],[60.57985,55.15025],[60.57558,55.1551],[60.57402,55.15419],[60.57172,55.15369],[60.57144,55.15347],[60.5715,55.15307],[60.57131,55.15287],[60.56969,55.15301],[60.56992,55.15246],[60.57078,55.15204],[60.57049,55.15127],[60.56926,55.15123],[60.56946,55.15105],[60.57048,55.15096],[60.57085,55.15056],[60.57073,55.15038],[60.56992,55.15014],[60.5548,55.15119],[60.55485,55.14919],[60.55116,55.14985],[60.5511,55.14899],[60.54516,55.14852],[60.53981,55.14856],[60.53063,55.14883],[60.52835,55.15649],[60.51869,55.15638],[60.51926,55.15007],[60.48985,55.15091],[60.48929,55.14834],[60.48621,55.14907],[60.48748,55.14069],[60.48171,55.13997],[60.47965,55.13985],[60.47848,55.14008],[60.47535,55.14214],[60.47571,55.14325],[60.47297,55.14405],[60.47087,55.14671],[60.47034,55.14716],[60.46891,55.14708],[60.46724,55.14762],[60.4636,55.14796],[60.46148,55.14797],[60.46111,55.14768],[60.46069,55.14765],[60.45823,55.14827],[60.45543,55.14941],[60.4514,55.14907],[60.44438,55.15119],[60.44391,55.15119],[60.44052,55.1503],[60.43738,55.15116],[60.43192,55.15034],[60.43234,55.14985],[60.43245,55.14906],[60.43239,55.1488],[60.43181,55.14864],[60.42809,55.14887],[60.42774,55.14905],[60.42567,55.14863],[60.42436,55.14891],[60.41873,55.14876],[60.41788,55.14912],[60.41721,55.14916],[60.41561,55.14884],[60.4145,55.1493],[60.41354,55.14916],[60.41271,55.14926],[60.41177,55.14907],[60.4115,55.14926],[60.41013,55.14933],[60.40909,55.14909],[60.40768,55.14941],[60.40683,55.14921],[60.40628,55.14932],[60.40451,55.14914],[60.40391,55.14876],[60.40359,55.14875],[60.40285,55.14906],[60.40251,55.14978],[60.40191,55.15018],[60.40111,55.15036],[60.40027,55.15043],[60.39965,55.15018],[60.39866,55.15015],[60.39833,55.14994],[60.39754,55.14987],[60.39683,55.1496],[60.39295,55.15035],[60.39115,55.1504],[60.38971,55.1507],[60.38834,55.15115],[60.38784,55.15182],[60.38584,55.15319],[60.38198,55.15453],[60.3753,55.15328],[60.37255,55.15348],[60.36951,55.15415],[60.3684,55.15423],[60.36811,55.15464],[60.36797,55.15519],[60.36715,55.15623],[60.36713,55.15749],[60.36968,55.15904],[60.37115,55.15936],[60.37184,55.15966],[60.37285,55.16071],[60.37304,55.16156],[60.37293,55.16191],[60.37268,55.16194],[60.36689,55.16169],[60.36612,55.16175],[60.36521,55.16145],[60.36446,55.16081],[60.36337,55.16018],[60.36229,55.15984],[60.35847,55.15792],[60.3535,55.15582],[60.34936,55.15466],[60.34481,55.15372],[60.34139,55.15322],[60.33828,55.15251],[60.33702,55.15259],[60.33673,55.15275],[60.33631,55.15343],[60.3354,55.15359],[60.3343,55.15336],[60.33364,55.15357],[60.3334,55.15381],[60.33343,55.15446],[60.33384,55.1548],[60.33511,55.15517],[60.33675,55.15537],[60.33782,55.15598],[60.33817,55.15652],[60.33767,55.15708],[60.335,55.15823],[60.33434,55.1588],[60.33431,55.15941],[60.33475,55.15994],[60.33604,55.16035],[60.33926,55.16027],[60.34088,55.16042],[60.34204,55.16091],[60.34219,55.1615],[60.34076,55.16262],[60.34027,55.1628],[60.33793,55.1631],[60.3367,55.1636],[60.33555,55.16377],[60.33442,55.16448],[60.3331,55.16453],[60.33146,55.16521],[60.33014,55.16556],[60.32899,55.16552],[60.32855,55.16535],[60.32804,55.16484],[60.32793,55.16453],[60.32802,55.16378],[60.32873,55.16317],[60.32876,55.16103],[60.3292,55.16055],[60.33012,55.15995],[60.32989,55.15958],[60.32852,55.15937],[60.32657,55.15969],[60.32462,55.15934],[60.32272,55.15931],[60.31951,55.1581],[60.31655,55.15751],[60.31582,55.15766],[60.31641,55.15855],[60.31543,55.1589],[60.31392,55.15902],[60.31225,55.15833],[60.31136,55.1583],[60.30957,55.15877],[60.30824,55.15865],[60.30769,55.15833],[60.308,55.15763],[60.30754,55.15731],[60.30556,55.15685],[60.30506,55.15701],[60.30523,55.15738],[60.30573,55.15763],[60.30523,55.15789],[60.3048,55.1579],[60.30353,55.15743],[60.30257,55.15751],[60.30237,55.15724],[60.30223,55.15764],[60.30253,55.15782],[60.30357,55.15769],[60.30461,55.15807],[60.30533,55.1581],[60.30634,55.15766],[60.30706,55.15765],[60.30755,55.15794],[60.30763,55.1587],[60.30843,55.15871],[60.30951,55.15899],[60.31063,55.15899],[60.31117,55.15945],[60.31159,55.15956],[60.30995,55.16049],[60.3088,55.16114],[60.30794,55.16078],[60.30685,55.16097],[60.30353,55.16062],[60.30201,55.16071],[60.29982,55.16039],[60.29909,55.16049],[60.29836,55.16117],[60.29696,55.16168],[60.29679,55.16188],[60.29668,55.16215],[60.29693,55.16302],[60.2983,55.16402],[60.29858,55.1644],[60.30024,55.16538],[60.30208,55.16584],[60.30263,55.16642],[60.30202,55.16689],[60.30183,55.16729],[60.30095,55.16816],[60.29939,55.16887],[60.29673,55.18021],[60.27973,55.18827],[60.27781,55.18856],[60.27662,55.18941],[60.276,55.18963],[60.27502,55.18934],[60.27348,55.18942],[60.27212,55.18918],[60.27112,55.18921],[60.27049,55.18944],[60.27014,55.18979],[60.27018,55.19223],[60.24925,55.20169],[60.23977,55.20716],[60.23574,55.20884],[60.21221,55.21861],[60.2121,55.21907],[60.21164,55.2194],[60.21177,55.21975],[60.21146,55.22],[60.21149,55.22085],[60.21188,55.22116],[60.21186,55.22162],[60.21225,55.22234],[60.21204,55.22265],[60.21212,55.22303],[60.21188,55.22355],[60.21306,55.2243],[60.2144,55.2247],[60.2195,55.22571],[60.22033,55.22605],[60.22163,55.22683],[60.222,55.22741],[60.22275,55.22932],[60.2228,55.23047],[60.22335,55.23139],[60.225,55.23208],[60.2259,55.23227],[60.2288,55.2323],[60.22936,55.23244],[60.23005,55.2332],[60.19572,55.23677]]]]}},{"type":"Feature","properties":{"osm_id":-398423,"name":"Троицкий район","admin_level":6},"geometry":{"type":"MultiPolygon","coordinates":[[[[60.23891,54.06106],[60.23895,54.06387],[60.24885,54.07483],[60.24914,54.08918],[60.27301,54.10527],[60.26911,54.11826],[60.27273,54.12372],[60.27564,54.12891],[60.27626,54.12868],[60.27737,54.1288],[60.27791,54.12862],[60.27863,54.12865],[60.27894,54.1285],[60.27878,54.12829],[60.27893,54.12811],[60.2807,54.12775],[60.28106,54.12817],[60.28232,54.12795],[60.28273,54.12804],[60.28339,54.12869],[60.285,54.12854],[60.2853,54.12816],[60.2852,54.12777],[60.286,54.12694],[60.28833,54.12714],[60.29334,54.12616],[60.29485,54.12671],[60.29556,54.12623],[60.29535,54.12602],[60.29535,54.12575],[60.29565,54.12552],[60.29707,54.12551],[60.29798,54.12527],[60.29838,54.12539],[60.29939,54.12506],[60.29985,54.12515],[60.3002,54.12558],[60.30011,54.12589],[60.30071,54.12624],[60.30138,54.12609],[60.30203,54.1264],[60.30236,54.12678],[60.30284,54.12685],[60.30322,54.12709],[60.30378,54.12779],[60.3039,54.12947],[60.30474,54.13013],[60.30581,54.13066],[60.30596,54.13093],[60.30512,54.13196],[60.30585,54.13265],[60.30598,54.13319],[60.30497,54.13401],[60.30473,54.13505],[60.30543,54.13623],[60.30586,54.1377],[60.30536,54.13877],[60.30589,54.14007],[60.30589,54.14157],[60.30617,54.14179],[60.30735,54.14196],[60.30774,54.1423],[60.30807,54.14315],[60.3084,54.14339],[60.30877,54.14357],[60.31112,54.14326],[60.31217,54.14338],[60.31314,54.14393],[60.31394,54.14481],[60.31625,54.14606],[60.31706,54.14688],[60.31828,54.14733],[60.31992,54.14763],[60.32273,54.14752],[60.32582,54.14814],[60.32658,54.14888],[60.3275,54.14938],[60.33412,54.15604],[60.36876,54.16664],[60.37836,54.17006],[60.37508,54.17427],[60.37755,54.18288],[60.37877,54.18451],[60.38135,54.18885],[60.38462,54.19378],[60.38445,54.19635],[60.38424,54.20207],[60.38425,54.20744],[60.38464,54.21212],[60.39086,54.22513],[60.39845,54.22858],[60.40191,54.23063],[60.40383,54.23153],[60.40615,54.23186],[60.40774,54.2328],[60.41254,54.23191],[60.417,54.23201],[60.4194,54.23148],[60.42025,54.23112],[60.42082,54.23109],[60.42143,54.23126],[60.42294,54.23237],[60.42295,54.2327],[60.42323,54.23294],[60.42376,54.23305],[60.42445,54.23291],[60.42502,54.23298],[60.42643,54.23385],[60.42673,54.23426],[60.42722,54.23437],[60.4282,54.23496],[60.42926,54.23524],[60.4293,54.2357],[60.42959,54.23603],[60.43212,54.23697],[60.4324,54.23733],[60.43265,54.23737],[60.43309,54.23706],[60.4335,54.23704],[60.43443,54.23737],[60.43484,54.23789],[60.43606,54.238],[60.43692,54.23843],[60.43765,54.23845],[60.43948,54.23901],[60.44167,54.23896],[60.44326,54.23945],[60.44439,54.23928],[60.44768,54.2392],[60.44817,54.23965],[60.44849,54.23967],[60.44825,54.23948],[60.44857,54.23934],[60.44902,54.23943],[60.45003,54.23902],[60.45035,54.23904],[60.45043,54.23881],[60.45116,54.23856],[60.45164,54.23856],[60.45224,54.23782],[60.45557,54.23769],[60.46016,54.23786],[60.46173,54.23743],[60.46298,54.23664],[60.46354,54.236],[60.46379,54.23438],[60.46497,54.23333],[60.46601,54.23157],[60.46657,54.23109],[60.46782,54.23048],[60.46964,54.2302],[60.47012,54.2297],[60.47085,54.22927],[60.4733,54.22878],[60.47364,54.22847],[60.47363,54.2274],[60.48835,54.22748],[60.49629,54.22672],[60.50763,54.22015],[60.50659,54.21634],[60.50295,54.21664],[60.50648,54.21065],[60.50653,54.20913],[60.50631,54.20573],[60.50734,54.2054],[60.51018,54.20564],[60.51569,54.20564],[60.524,54.20513],[60.52785,54.20538],[60.53423,54.20543],[60.53406,54.20486],[60.53734,54.20472],[60.54116,54.20396],[60.54158,54.20371],[60.5406,54.2027],[60.5408,54.20252],[60.54272,54.20273],[60.54347,54.20267],[60.54418,54.20242],[60.54445,54.20174],[60.54365,54.20204],[60.54265,54.20176],[60.54251,54.20151],[60.54247,54.20059],[60.54262,54.19949],[60.54226,54.19855],[60.54016,54.19695],[60.53944,54.19612],[60.54135,54.19427],[60.54201,54.19449],[60.54465,54.19395],[60.54544,54.19395],[60.54736,54.19424],[60.5506,54.19426],[60.55365,54.19493],[60.55437,54.19499],[60.55528,54.19477],[60.55649,54.19573],[60.55759,54.19596],[60.56512,54.19572],[60.57701,54.20354],[60.57897,54.20298],[60.5804,54.20232],[60.58122,54.20174],[60.58258,54.20021],[60.58552,54.19929],[60.58914,54.19981],[60.60021,54.19118],[60.60436,54.19079],[60.60648,54.18862],[60.60543,54.18691],[60.61417,54.18347],[60.6159,54.18223],[60.61698,54.18168],[60.61822,54.18163],[60.62348,54.17991],[60.62961,54.17685],[60.62642,54.17162],[60.62686,54.17163],[60.62726,54.17131],[60.62763,54.17127],[60.62887,54.17147],[60.62903,54.17172],[60.62938,54.17179],[60.63073,54.17147],[60.63225,54.17168],[60.63412,54.17073],[60.63488,54.17012],[60.63538,54.16996],[60.63611,54.1699],[60.63693,54.17025],[60.6376,54.17032],[60.63934,54.16938],[60.64078,54.16939],[60.64119,54.16925],[60.64173,54.16883],[60.64138,54.16767],[60.64198,54.16676],[60.64466,54.16511],[60.64773,54.17061],[60.65003,54.17516],[60.65829,54.17384],[60.66786,54.17484],[60.66836,54.18079],[60.67061,54.18152],[60.66989,54.18558],[60.66513,54.1884],[60.66401,54.18975],[60.65865,54.19164],[60.65897,54.19546],[60.65723,54.1961],[60.65091,54.19754],[60.64953,54.19973],[60.65171,54.20038],[60.6582,54.20065],[60.65983,54.20214],[60.66341,54.20172],[60.67166,54.20011],[60.67541,54.20567],[60.68447,54.20262],[60.68127,54.19849],[60.67726,54.19441],[60.67987,54.19018],[60.68953,54.191],[60.71947,54.20206],[60.7245,54.20447],[60.73777,54.20654],[60.74704,54.20821],[60.76096,54.2124],[60.75909,54.21582],[60.75786,54.2205],[60.75913,54.22938],[60.76289,54.23639],[60.75702,54.23863],[60.76086,54.24674],[60.77812,54.23872],[60.78592,54.24516],[60.77923,54.25285],[60.7835,54.26235],[60.79573,54.26324],[60.79519,54.27902],[60.79216,54.28289],[60.83901,54.2769],[60.8481,54.30059],[60.89273,54.29473],[60.90263,54.32119],[60.93122,54.31723],[60.95754,54.31398],[61.00266,54.30786],[61.00885,54.32468],[61.02236,54.35872],[61.02547,54.3671],[61.02576,54.36892],[61.03192,54.36813],[61.05316,54.36534],[61.06351,54.36374],[61.06656,54.36392],[61.06883,54.36349],[61.07002,54.36349],[61.07289,54.36447],[61.07682,54.36417],[61.0786,54.36337],[61.08112,54.36168],[61.08227,54.36113],[61.08433,54.36057],[61.08545,54.35993],[61.09124,54.35933],[61.0928,54.35902],[61.09414,54.35842],[61.09532,54.35875],[61.09783,54.35737],[61.10002,54.3572],[61.10108,54.35758],[61.10358,54.35686],[61.10524,54.35669],[61.10701,54.35615],[61.10821,54.35542],[61.10855,54.35502],[61.10863,54.35444],[61.1088,54.35427],[61.11128,54.35371],[61.11212,54.35307],[61.11321,54.35278],[61.1149,54.35259],[61.11841,54.35151],[61.1196,54.35081],[61.12027,54.35008],[61.12164,54.34937],[61.12264,54.34905],[61.12358,54.34835],[61.12489,54.34722],[61.12539,54.34676],[61.12587,54.34497],[61.12657,54.34415],[61.12871,54.34296],[61.1292,54.34242],[61.13201,54.34149],[61.13575,54.3418],[61.13686,54.34266],[61.13775,54.34299],[61.13978,54.34314],[61.14276,54.34306],[61.14493,54.34348],[61.14668,54.34433],[61.14812,54.34443],[61.14896,54.3445],[61.14961,54.3444],[61.15136,54.34357],[61.15472,54.34368],[61.15599,54.3436],[61.15711,54.34328],[61.15863,54.34312],[61.16245,54.34294],[61.16289,54.34292],[61.16257,54.34158],[61.16037,54.33705],[61.15863,54.33244],[61.15609,54.32454],[61.19321,54.31964],[61.18889,54.30852],[61.18494,54.29912],[61.17463,54.27279],[61.16875,54.27363],[61.1746,54.26812],[61.19965,54.26403],[61.22347,54.26058],[61.23916,54.258],[61.24429,54.25911],[61.26863,54.27438],[61.31236,54.27522],[61.31251,54.26884],[61.33332,54.26937],[61.33534,54.27568],[61.34128,54.27883],[61.34387,54.28541],[61.34064,54.3018],[61.34389,54.31139],[61.34552,54.31619],[61.34941,54.32658],[61.35565,54.34527],[61.36471,54.37138],[61.37357,54.37072],[61.37872,54.36961],[61.38207,54.36959],[61.38064,54.36545],[61.38031,54.36404],[61.38098,54.36321],[61.38114,54.36272],[61.38849,54.36194],[61.38837,54.35557],[61.39788,54.35448],[61.39914,54.3455],[61.39698,54.34548],[61.39677,54.34288],[61.41033,54.34487],[61.41906,54.34647],[61.42399,54.34756],[61.42573,54.34836],[61.4451,54.31972],[61.44682,54.32014],[61.4472,54.31965],[61.46187,54.31771],[61.47464,54.31641],[61.49906,54.31357],[61.50758,54.31326],[61.5129,54.32577],[61.51962,54.33504],[61.52293,54.33912],[61.53406,54.34459],[61.54667,54.35042],[61.5493,54.35938],[61.55183,54.36691],[61.55519,54.3793],[61.55847,54.39053],[61.55959,54.39518],[61.56226,54.39953],[61.57861,54.40778],[61.59924,54.41193],[61.60761,54.41328],[61.63498,54.41935],[61.64028,54.42083],[61.64125,54.41799],[61.64702,54.40618],[61.65158,54.40363],[61.65578,54.40275],[61.6579,54.40246],[61.65997,54.39947],[61.65898,54.39076],[61.65872,54.38656],[61.65807,54.38181],[61.66216,54.37786],[61.66785,54.37338],[61.66787,54.36596],[61.66728,54.36439],[61.66375,54.36451],[61.65471,54.36488],[61.64433,54.36544],[61.61889,54.35863],[61.61156,54.35544],[61.61053,54.35072],[61.60625,54.33488],[61.60508,54.33105],[61.6042,54.32604],[61.60271,54.31562],[61.60078,54.30524],[61.65691,54.30597],[61.6613,54.32641],[61.67783,54.34288],[61.68148,54.34869],[61.6835,54.35456],[61.69019,54.35392],[61.70796,54.35184],[61.71053,54.34573],[61.71663,54.33688],[61.73711,54.33733],[61.73713,54.33838],[61.73741,54.33868],[61.73879,54.3391],[61.74269,54.34084],[61.74624,54.34148],[61.75066,54.34154],[61.75213,54.34152],[61.75494,54.33958],[61.75613,54.33837],[61.77579,54.33805],[61.77018,54.32633],[61.76561,54.31724],[61.74571,54.30897],[61.73222,54.30174],[61.74976,54.28806],[61.76031,54.28914],[61.78458,54.29005],[61.80171,54.29106],[61.82055,54.29192],[61.85357,54.29953],[61.86159,54.3004],[61.86998,54.30172],[61.87331,54.2944],[61.8799,54.28142],[61.87979,54.27063],[61.88005,54.26591],[61.87998,54.25061],[61.92851,54.24874],[61.93764,54.25097],[61.94868,54.2531],[61.95236,54.27716],[61.95782,54.27798],[61.97211,54.28168],[61.96386,54.29079],[61.95505,54.29638],[61.96029,54.30345],[61.95687,54.30687],[61.94878,54.31399],[61.94379,54.31781],[61.93924,54.3216],[61.93545,54.32502],[61.94702,54.3289],[61.95516,54.32966],[61.96771,54.33109],[61.97562,54.33177],[61.97329,54.33858],[61.99616,54.33785],[61.98683,54.35677],[61.96762,54.35863],[61.96042,54.35954],[61.95309,54.36023],[61.95308,54.36092],[61.95265,54.36247],[61.95212,54.36344],[62.00737,54.36605],[61.99831,54.37515],[62.04769,54.38587],[62.06531,54.39245],[62.11809,54.41057],[62.14194,54.41889],[62.15095,54.42154],[62.17803,54.42876],[62.19497,54.43288],[62.20631,54.43143],[62.2215,54.4192],[62.2337,54.4093],[62.24713,54.3968],[62.25429,54.37971],[62.25557,54.36413],[62.25486,54.32276],[62.26286,54.30359],[62.28037,54.30438],[62.28673,54.30946],[62.29214,54.29339],[62.30321,54.29325],[62.2971,54.28415],[62.27655,54.27744],[62.27658,54.26725],[62.29481,54.26586],[62.30387,54.25833],[62.30665,54.25039],[62.32418,54.24534],[62.33584,54.24477],[62.33892,54.18007],[62.33819,54.11948],[62.33813,54.11487],[62.29318,54.09972],[62.29375,54.06003],[62.29381,54.05655],[62.29418,54.03508],[62.29334,54.03538],[62.29039,54.03517],[62.28894,54.0358],[62.28798,54.03571],[62.28728,54.03541],[62.2869,54.03474],[62.2851,54.03462],[62.28373,54.03441],[62.28261,54.03454],[62.28188,54.03493],[62.28167,54.03538],[62.28196,54.03572],[62.28253,54.0359],[62.28269,54.03627],[62.28255,54.03657],[62.28188,54.03692],[62.28113,54.03695],[62.28022,54.03687],[62.27955,54.03645],[62.27936,54.03585],[62.2789,54.03509],[62.27751,54.03416],[62.27673,54.03386],[62.27542,54.03375],[62.27434,54.03383],[62.27252,54.034],[62.27128,54.0338],[62.27045,54.03356],[62.26938,54.03347],[62.2683,54.03353],[62.26747,54.03361],[62.2668,54.03385],[62.26637,54.03424],[62.26559,54.03438],[62.26307,54.03413],[62.26197,54.03392],[62.26014,54.03388],[62.25912,54.0341],[62.25837,54.03476],[62.25802,54.03534],[62.25818,54.03593],[62.25829,54.03616],[62.25805,54.03656],[62.25674,54.03689],[62.25564,54.03706],[62.25539,54.03722],[62.25491,54.03717],[62.25472,54.03678],[62.25381,54.03659],[62.25322,54.03657],[62.25287,54.03621],[62.25284,54.03585],[62.25161,54.03569],[62.25059,54.03591],[62.25021,54.03571],[62.24723,54.03544],[62.24415,54.03501],[62.24206,54.03495],[62.24031,54.03471],[62.23803,54.03435],[62.23583,54.03424],[62.23341,54.0337],[62.23298,54.03405],[62.23277,54.03449],[62.23184,54.03456],[62.23087,54.03401],[62.2297,54.03375],[62.2281,54.03375],[62.22772,54.03417],[62.22779,54.03446],[62.22692,54.03501],[62.22595,54.0354],[62.22547,54.03617],[62.22592,54.03674],[62.22713,54.03668],[62.22765,54.03715],[62.22807,54.03794],[62.22793,54.03863],[62.22744,54.03912],[62.22647,54.03932],[62.22547,54.03932],[62.22505,54.03898],[62.22411,54.03898],[62.22373,54.03865],[62.22248,54.03853],[62.22113,54.03884],[62.21742,54.03935],[62.2142,54.03916],[62.2133,54.03898],[62.21312,54.03855],[62.21271,54.03821],[62.21198,54.0379],[62.21115,54.03774],[62.2108,54.03735],[62.21094,54.03637],[62.2108,54.03601],[62.21007,54.03564],[62.20931,54.03544],[62.20882,54.03472],[62.20862,54.03379],[62.20858,54.03305],[62.2083,54.03254],[62.20768,54.03204],[62.20674,54.03177],[62.20629,54.03147],[62.20577,54.0312],[62.20511,54.03132],[62.20515,54.03163],[62.20556,54.03193],[62.20543,54.03277],[62.20529,54.03338],[62.20459,54.03368],[62.20383,54.03342],[62.20303,54.03283],[62.20234,54.0322],[62.20165,54.03169],[62.20054,54.03151],[62.19964,54.03153],[62.1989,54.03175],[62.19688,54.03159],[62.19417,54.03184],[62.19324,54.03146],[62.19233,54.03132],[62.19126,54.03076],[62.19015,54.03061],[62.18955,54.03081],[62.1898,54.03114],[62.19053,54.0317],[62.1904,54.03218],[62.19005,54.03277],[62.19031,54.03316],[62.1901,54.0336],[62.18886,54.03361],[62.18569,54.03279],[62.18514,54.03252],[62.1845,54.03237],[62.1832,54.03131],[62.18237,54.0309],[62.18178,54.03032],[62.17979,54.03009],[62.17837,54.02949],[62.17668,54.02898],[62.17637,54.02872],[62.17546,54.02857],[62.17465,54.02865],[62.17399,54.02892],[62.17349,54.0294],[62.17316,54.02978],[62.17338,54.03045],[62.17343,54.03113],[62.17313,54.03164],[62.1726,54.03198],[62.17199,54.03214],[62.17135,54.03216],[62.17063,54.03214],[62.16963,54.03183],[62.1688,54.0316],[62.16825,54.03173],[62.16766,54.03234],[62.16664,54.03322],[62.16625,54.03375],[62.16642,54.03419],[62.16703,54.03447],[62.16805,54.03463],[62.16883,54.03499],[62.16911,54.03553],[62.16897,54.03582],[62.16753,54.03623],[62.16675,54.03652],[62.16631,54.03701],[62.16545,54.03739],[62.16431,54.03739],[62.16342,54.03713],[62.16312,54.03665],[62.16284,54.03568],[62.16278,54.0352],[62.16192,54.03499],[62.16106,54.03545],[62.16012,54.03577],[62.15893,54.03595],[62.15801,54.03553],[62.15657,54.03498],[62.15587,54.0343],[62.15594,54.03375],[62.15521,54.03326],[62.15417,54.03316],[62.15358,54.03345],[62.15382,54.03428],[62.15354,54.03485],[62.15264,54.0353],[62.15198,54.03522],[62.15108,54.03495],[62.15035,54.03463],[62.14945,54.03446],[62.14845,54.03467],[62.14727,54.03503],[62.14571,54.03487],[62.14446,54.03493],[62.14439,54.0356],[62.14467,54.0363],[62.14432,54.03717],[62.14342,54.0374],[62.14252,54.03729],[62.14189,54.03683],[62.14158,54.03642],[62.14082,54.03613],[62.13978,54.03605],[62.13836,54.0363],[62.13725,54.03656],[62.13428,54.03707],[62.13137,54.03739],[62.1302,54.0377],[62.13034,54.03815],[62.13065,54.03865],[62.1298,54.03991],[62.13029,54.04031],[62.13146,54.04007],[62.13249,54.04039],[62.13271,54.04081],[62.13195,54.04146],[62.13074,54.04149],[62.12836,54.04141],[62.12644,54.04189],[62.12415,54.04157],[62.122,54.04228],[62.1212,54.04178],[62.12106,54.04112],[62.11918,54.04115],[62.11699,54.04225],[62.11533,54.04273],[62.11481,54.04308],[62.11488,54.04377],[62.11417,54.04409],[62.11313,54.04386],[62.11316,54.0431],[62.11255,54.04279],[62.11047,54.0427],[62.10915,54.04308],[62.10886,54.04352],[62.1094,54.04413],[62.11026,54.04466],[62.11029,54.04539],[62.10822,54.04602],[62.107,54.04563],[62.1064,54.04489],[62.10592,54.04443],[62.10392,54.0443],[62.10192,54.04389],[62.10148,54.04348],[62.10018,54.04324],[62.09959,54.04284],[62.09892,54.04265],[62.09785,54.04311],[62.09722,54.04276],[62.09533,54.04263],[62.09426,54.04291],[62.09292,54.04365],[62.0917,54.04367],[62.091,54.04324],[62.08981,54.04313],[62.08889,54.04343],[62.08941,54.04378],[62.08981,54.04382],[62.08967,54.04428],[62.089,54.04469],[62.08796,54.045],[62.08737,54.04556],[62.08763,54.04613],[62.089,54.04641],[62.08959,54.04691],[62.0897,54.04741],[62.08911,54.04774],[62.08804,54.0478],[62.08718,54.04758],[62.08678,54.04706],[62.08596,54.04708],[62.08489,54.04732],[62.08455,54.04793],[62.08511,54.04813],[62.08574,54.04824],[62.086,54.04856],[62.08559,54.04882],[62.085,54.04865],[62.08437,54.04863],[62.0837,54.049],[62.08418,54.04939],[62.08444,54.04978],[62.084,54.05028],[62.08289,54.05017],[62.08207,54.05022],[62.08174,54.04993],[62.08204,54.04937],[62.08148,54.04878],[62.08052,54.04861],[62.07944,54.04889],[62.07863,54.04952],[62.07833,54.05002],[62.07752,54.04995],[62.07715,54.04958],[62.07626,54.04956],[62.07533,54.05017],[62.07552,54.05072],[62.07511,54.051],[62.07433,54.05102],[62.074,54.05067],[62.07404,54.05026],[62.07348,54.04978],[62.07267,54.04963],[62.07226,54.04913],[62.073,54.04832],[62.07408,54.04795],[62.07482,54.04734],[62.07493,54.04673],[62.07423,54.04647],[62.07315,54.04667],[62.07293,54.04732],[62.07212,54.04749],[62.07108,54.04695],[62.07126,54.04634],[62.07219,54.04582],[62.07319,54.04578],[62.07378,54.04547],[62.07408,54.04502],[62.07345,54.04428],[62.07252,54.04393],[62.07152,54.04371],[62.0716,54.0428],[62.0713,54.04202],[62.06974,54.04082],[62.06926,54.0401],[62.06849,54.03973],[62.06719,54.03975],[62.06645,54.03993],[62.06623,54.04047],[62.06545,54.04073],[62.06449,54.04073],[62.06349,54.04051],[62.06234,54.04058],[62.06156,54.04071],[62.06075,54.0401],[62.06108,54.03867],[62.06023,54.03808],[62.05889,54.03786],[62.0573,54.03793],[62.05589,54.03758],[62.05497,54.03793],[62.05397,54.03767],[62.05289,54.03767],[62.05227,54.03808],[62.05278,54.03886],[62.05252,54.03956],[62.05175,54.0401],[62.05067,54.04051],[62.05027,54.04086],[62.04915,54.04065],[62.04797,54.03967],[62.04712,54.03969],[62.04615,54.03978],[62.04564,54.03958],[62.04445,54.03969],[62.04341,54.03936],[62.04123,54.03827],[62.04012,54.03817],[62.03941,54.03747],[62.03934,54.03686],[62.0409,54.03608],[62.0409,54.03538],[62.04049,54.03503],[62.03967,54.03456],[62.03812,54.03443],[62.03638,54.03456],[62.03408,54.03536],[62.03264,54.03595],[62.03112,54.03634],[62.02891,54.03702],[62.02768,54.03693],[62.02646,54.03662],[62.02496,54.03677],[62.02293,54.03749],[62.02152,54.0379],[62.01911,54.03781],[62.01823,54.03828],[62.01696,54.03927],[62.01536,54.03945],[62.01329,54.03985],[62.01145,54.03925],[62.00962,54.03904],[62.0082,54.03868],[62.00717,54.03801],[62.00606,54.03781],[62.01575,54.00879],[62.02599,53.98579],[62.04419,53.94849],[61.93196,53.95024],[61.92677,53.95501],[61.85745,53.96206],[61.85692,53.96286],[61.85625,53.96337],[61.85633,53.9639],[61.85689,53.96424],[61.8575,53.96388],[61.85798,53.96396],[61.85889,53.96459],[61.85985,53.96475],[61.86,53.96507],[61.85953,53.96538],[61.85953,53.9657],[61.86043,53.96605],[61.86082,53.96675],[61.86194,53.96702],[61.8624,53.96761],[61.86204,53.96792],[61.86192,53.96835],[61.86154,53.96871],[61.8617,53.96933],[61.86239,53.96987],[61.86338,53.96992],[61.86457,53.96976],[61.86492,53.97],[61.86486,53.97049],[61.86553,53.97084],[61.86691,53.971],[61.86743,53.97174],[61.86755,53.97235],[61.8682,53.97252],[61.86945,53.97243],[61.87017,53.97258],[61.87055,53.97286],[61.86985,53.97376],[61.87015,53.97396],[61.87025,53.97439],[61.87139,53.97586],[61.87107,53.97645],[61.87168,53.97709],[61.87346,53.97775],[61.87431,53.97784],[61.87453,53.97859],[61.87496,53.9787],[61.87497,53.97888],[61.87449,53.97942],[61.87502,53.97975],[61.8762,53.97993],[61.87614,53.9809],[61.87657,53.98112],[61.87643,53.98131],[61.87539,53.98197],[61.87539,53.98259],[61.87505,53.98276],[61.87433,53.98263],[61.87396,53.98243],[61.87357,53.98253],[61.87369,53.98327],[61.87431,53.98356],[61.87428,53.98399],[61.8752,53.9843],[61.87611,53.98474],[61.87682,53.98559],[61.87767,53.98604],[61.87821,53.98709],[61.87831,53.98809],[61.87851,53.98812],[61.87933,53.98789],[61.87926,53.98813],[61.87855,53.98862],[61.87844,53.98895],[61.87873,53.98911],[61.87953,53.98926],[61.87962,53.98953],[61.87937,53.98974],[61.8792,53.98995],[61.87954,53.99008],[61.88062,53.99013],[61.88099,53.99053],[61.881,53.99077],[61.88124,53.99101],[61.88098,53.99161],[61.88108,53.99172],[61.8818,53.99179],[61.88231,53.99236],[61.88294,53.99254],[61.88328,53.99314],[61.88386,53.99359],[61.88389,53.99428],[61.88455,53.99521],[61.88439,53.99578],[61.88467,53.99641],[61.88565,53.99712],[61.88601,53.9976],[61.88603,53.99823],[61.88592,53.99836],[61.88548,53.99856],[61.88521,53.99895],[61.88483,53.99923],[61.88451,54.00019],[61.88492,54.00054],[61.88597,54.00077],[61.88614,54.00103],[61.88594,54.00151],[61.88647,54.00174],[61.88699,54.00182],[61.88745,54.00196],[61.88751,54.00226],[61.8877,54.00237],[61.88798,54.00233],[61.88864,54.00195],[61.88893,54.00201],[61.889,54.00215],[61.88891,54.00232],[61.88865,54.00246],[61.88876,54.0027],[61.88911,54.00281],[61.89021,54.00278],[61.8904,54.00302],[61.89035,54.00323],[61.89058,54.00387],[61.89045,54.00468],[61.89075,54.00508],[61.89081,54.0055],[61.8911,54.0061],[61.89156,54.00649],[61.89153,54.00667],[61.89161,54.00695],[61.89223,54.00743],[61.89218,54.00775],[61.89237,54.00811],[61.89267,54.00841],[61.89264,54.00877],[61.89297,54.00908],[61.89199,54.00972],[61.89147,54.01051],[61.89147,54.01138],[61.88954,54.01267],[61.88442,54.0141],[61.88309,54.01418],[61.87978,54.01479],[61.87522,54.01624],[61.87181,54.01638],[61.86867,54.0159],[61.86429,54.01605],[61.85933,54.01306],[61.85822,54.01076],[61.85815,54.00882],[61.85408,54.00792],[61.85026,54.00844],[61.84742,54.01057],[61.84455,54.01177],[61.84431,54.01333],[61.84604,54.01568],[61.84756,54.01814],[61.84871,54.01962],[61.84758,54.02173],[61.85272,54.02505],[61.85245,54.02914],[61.85059,54.03083],[61.84591,54.03172],[61.84146,54.0308],[61.84082,54.02977],[61.83519,54.02761],[61.83245,54.02616],[61.83035,54.02562],[61.82579,54.02396],[61.82209,54.02037],[61.81866,54.01915],[61.7822,53.98456],[61.74609,54.00039],[61.74101,54.01613],[61.72578,54.0299],[61.71278,54.02219],[61.70065,54.01886],[61.68084,54.01716],[61.66723,54.01707],[61.66551,54.0195],[61.66617,54.02217],[61.66675,54.02701],[61.66018,54.02982],[61.65572,54.0249],[61.64256,54.01764],[61.63277,54.00803],[61.63163,54.00384],[61.63022,54.00031],[61.62411,53.99537],[61.61352,53.99001],[61.61732,53.98221],[61.61179,53.96847],[61.57187,53.9685],[61.56978,54.00787],[61.54127,54.00798],[61.54244,54.00894],[61.54322,54.00929],[61.54394,54.00945],[61.54409,54.00974],[61.54463,54.01026],[61.54551,54.0104],[61.54698,54.0112],[61.54917,54.01159],[61.55096,54.01214],[61.52933,54.01758],[61.53488,54.02122],[61.51965,54.02528],[61.51797,54.02535],[61.51554,54.02659],[61.51069,54.02749],[61.51563,54.03667],[61.52571,54.03479],[61.54109,54.03063],[61.54331,54.03314],[61.55139,54.03281],[61.55088,54.02925],[61.55467,54.02691],[61.5839,54.04005],[61.5939,54.03407],[61.59787,54.0355],[61.60297,54.03761],[61.6036,54.03708],[61.60625,54.0361],[61.60938,54.03658],[61.61105,54.04003],[61.61602,54.03923],[61.62156,54.03959],[61.62746,54.03609],[61.65308,54.03078],[61.65673,54.03082],[61.66797,54.02899],[61.66931,54.02826],[61.66967,54.02691],[61.66786,54.02418],[61.66922,54.0228],[61.6733,54.02488],[61.67514,54.02801],[61.67667,54.03175],[61.67674,54.04118],[61.64453,54.04116],[61.64291,54.04758],[61.64079,54.05408],[61.61834,54.04635],[61.61316,54.05458],[61.63224,54.06272],[61.62827,54.07092],[61.64704,54.0732],[61.64007,54.0813],[61.66078,54.08343],[61.66344,54.08371],[61.66193,54.09485],[61.66711,54.09662],[61.66582,54.09864],[61.64683,54.09712],[61.63949,54.10282],[61.63863,54.11142],[61.6451,54.11028],[61.65891,54.11332],[61.65762,54.11686],[61.68308,54.12027],[61.68912,54.12015],[61.69409,54.12242],[61.69347,54.1233],[61.68955,54.12887],[61.67035,54.12356],[61.67467,54.14708],[61.64014,54.13874],[61.63411,54.13818],[61.62978,54.15062],[61.5799,54.14242],[61.57464,54.141],[61.57013,54.14167],[61.56846,54.14122],[61.56823,54.1456],[61.5667,54.14551],[61.56609,54.14216],[61.56449,54.14203],[61.56342,54.1393],[61.56067,54.13957],[61.56022,54.14274],[61.5445,54.14033],[61.54526,54.13783],[61.54923,54.13622],[61.54938,54.13291],[61.5469,54.13089],[61.54786,54.12933],[61.54221,54.12647],[61.53992,54.1262],[61.53565,54.1237],[61.52275,54.11997],[61.52176,54.11592],[61.51628,54.10682],[61.51917,54.10501],[61.51688,54.10009],[61.51322,54.10035],[61.50971,54.09955],[61.50681,54.10062],[61.49949,54.10071],[61.49369,54.10125],[61.49375,54.10342],[61.48346,54.10393],[61.48148,54.10044],[61.48194,54.09337],[61.47489,54.09658],[61.44837,54.09678],[61.45417,54.09015],[61.43006,54.08935],[61.42365,54.08792],[61.41932,54.08253],[61.41812,54.08244],[61.41522,54.08311],[61.41482,54.08409],[61.40989,54.08587],[61.40702,54.08658],[61.4035,54.08636],[61.40158,54.08651],[61.40094,54.08679],[61.40038,54.08689],[61.39905,54.08645],[61.39844,54.08562],[61.39679,54.08494],[61.39435,54.08449],[61.38969,54.08484],[61.3894,54.08493],[61.38799,54.08534],[61.38484,54.08539],[61.38275,54.0848],[61.38203,54.08481],[61.38126,54.08501],[61.37771,54.08435],[61.37537,54.08348],[61.37433,54.08323],[61.37362,54.08274],[61.37255,54.08202],[61.36953,54.0818],[61.3658,54.08042],[61.36337,54.07699],[61.36028,54.07514],[61.35303,54.07594],[61.35049,54.07523],[61.34893,54.07318],[61.34616,54.07375],[61.34473,54.07449],[61.34284,54.0753],[61.3396,54.07782],[61.33725,54.07942],[61.33317,54.07888],[61.32972,54.07886],[61.32884,54.07858],[61.32418,54.0783],[61.31866,54.07672],[61.31334,54.07387],[61.30947,54.07217],[61.30612,54.07144],[61.30478,54.07099],[61.30183,54.07072],[61.30013,54.07208],[61.29905,54.07274],[61.29357,54.07388],[61.26595,54.0412],[61.24615,54.0378],[61.24286,54.02837],[61.24851,54.02345],[61.25808,54.00934],[61.27289,53.99139],[61.26415,53.96874],[61.26756,53.96143],[61.26916,53.95612],[61.27993,53.92886],[61.2065,53.91814],[61.17185,53.94252],[61.18091,53.97197],[61.09996,53.97456],[61.09969,53.97059],[61.08006,53.97052],[61.07276,53.97073],[61.06865,53.96968],[61.05269,53.96462],[61.03698,53.95857],[61.02843,53.95528],[60.99726,53.93603],[60.99553,53.92051],[60.96522,53.92066],[60.96458,53.91324],[60.96429,53.91274],[60.93352,53.91287],[60.90411,53.91328],[60.90224,53.89838],[60.88406,53.89895],[60.88452,53.90302],[60.88462,53.91171],[60.86374,53.91269],[60.86399,53.91328],[60.86282,53.91368],[60.80443,53.91418],[60.78245,53.91417],[60.76428,53.91455],[60.75149,53.91449],[60.71777,53.91486],[60.68861,53.91498],[60.67646,53.91483],[60.6656,53.91507],[60.59601,53.91543],[60.5893,53.91565],[60.58933,53.92778],[60.58961,53.9398],[60.58955,53.95233],[60.5869,53.95171],[60.58525,53.95058],[60.58353,53.95034],[60.58233,53.94996],[60.58183,53.94959],[60.58181,53.94819],[60.57978,53.94881],[60.57867,53.94719],[60.57657,53.94696],[60.57562,53.94651],[60.57389,53.94446],[60.57322,53.94415],[60.5716,53.94399],[60.57145,53.94339],[60.57028,53.94258],[60.56956,53.94237],[60.56847,53.94255],[60.56806,53.94193],[60.56744,53.9416],[60.56633,53.94146],[60.56492,53.94105],[60.56368,53.94106],[60.56347,53.9405],[60.5632,53.94031],[60.56049,53.93925],[60.556,53.93812],[60.55418,53.93824],[60.55277,53.93788],[60.54965,53.93764],[60.54774,53.93722],[60.53929,53.93659],[60.53618,53.94219],[60.53311,53.94832],[60.53219,53.95141],[60.48423,53.95176],[60.44853,53.95182],[60.44665,53.92521],[60.39954,53.9251],[60.39893,53.913],[60.39909,53.90679],[60.39478,53.90694],[60.36053,53.90697],[60.3525,53.90714],[60.35277,53.91729],[60.35276,53.92801],[60.35275,53.93423],[60.34661,53.93419],[60.34671,53.94231],[60.34749,53.94367],[60.34714,53.9451],[60.34694,53.94767],[60.34658,53.9497],[60.34115,53.95006],[60.33612,53.95301],[60.3309,53.95643],[60.33072,53.9674],[60.32978,53.98306],[60.33036,53.98475],[60.33169,53.98624],[60.3331,53.98895],[60.33358,53.9902],[60.33373,53.99098],[60.33338,53.99421],[60.33368,53.99602],[60.33362,53.9963],[60.33283,53.99666],[60.33247,53.997],[60.33232,53.9975],[60.33318,53.99896],[60.3359,54.00119],[60.3358,54.0017],[60.3347,54.00269],[60.33429,54.0034],[60.33525,54.00397],[60.3359,54.00482],[60.33574,54.00544],[60.33457,54.00621],[60.33284,54.00653],[60.33186,54.00696],[60.33154,54.0072],[60.33091,54.00834],[60.33006,54.00933],[60.32869,54.0101],[60.32859,54.01049],[60.3292,54.01121],[60.32956,54.01198],[60.32918,54.01271],[60.32975,54.01374],[60.32954,54.01454],[60.32824,54.01491],[60.32749,54.01542],[60.32608,54.01592],[60.32524,54.01715],[60.32422,54.0178],[60.32395,54.01834],[60.32312,54.01868],[60.3222,54.0195],[60.32155,54.01979],[60.32131,54.02014],[60.31897,54.01962],[60.31762,54.0187],[60.3156,54.0185],[60.31487,54.01784],[60.31389,54.01837],[60.31375,54.01882],[60.31342,54.01901],[60.31343,54.01924],[60.31404,54.01935],[60.31407,54.01959],[60.31376,54.01973],[60.31275,54.01973],[60.31231,54.01936],[60.31095,54.01909],[60.31052,54.01909],[60.31031,54.01931],[60.31008,54.01931],[60.30975,54.019],[60.30898,54.01934],[60.30821,54.0192],[60.30769,54.01892],[60.30705,54.01888],[60.30644,54.01934],[60.30354,54.01954],[60.30321,54.01983],[60.30003,54.02039],[60.29854,54.01988],[60.29751,54.01931],[60.29468,54.0187],[60.29424,54.01848],[60.29334,54.01754],[60.29278,54.01728],[60.29142,54.01709],[60.28878,54.02103],[60.28767,54.02109],[60.28464,54.02552],[60.28301,54.02844],[60.27421,54.04043],[60.26862,54.04757],[60.26855,54.04806],[60.25973,54.06014],[60.23891,54.06106]]]]}},{"type":"Feature","properties":{"osm_id":-398398,"name":"Каслинский район","admin_level":6},"geometry":{"type":"MultiPolygon","coordinates":[[[[60.25777,55.83418],[60.26682,55.87316],[60.2682,55.8776],[60.27205,55.89157],[60.27683,55.90702],[60.2809,55.92082],[60.2885,55.94829],[60.29439,55.96877],[60.36358,55.96272],[60.42318,55.95706],[60.41942,55.96065],[60.43881,55.95947],[60.45464,55.95891],[60.46648,55.95873],[60.49596,55.95783],[60.50008,55.95753],[60.50315,55.98699],[60.50417,55.99537],[60.50458,56.00465],[60.50523,56.0087],[60.5057,56.01467],[60.50688,56.02443],[60.50786,56.03432],[60.5428,56.03316],[60.54434,56.05223],[60.57755,56.05133],[60.57832,56.05132],[60.57777,56.04281],[60.61257,56.0415],[60.64664,56.03995],[60.6466,56.03963],[60.64569,56.03109],[60.64555,56.0298],[60.71418,56.0269],[60.71285,56.01398],[60.71761,56.00907],[60.7138,56.00166],[60.68457,55.98718],[60.68759,55.98272],[60.69098,55.97865],[60.7016,55.97135],[60.70473,55.96623],[60.70564,55.95643],[60.72274,55.94143],[60.72377,55.94095],[60.72834,55.94216],[60.73106,55.94479],[60.75174,55.94812],[60.75436,55.95202],[60.75879,55.95405],[60.76118,55.95514],[60.76323,55.95668],[60.7644,55.95825],[60.76498,55.95985],[60.76631,55.96026],[60.76788,55.96469],[60.76812,55.96782],[60.77201,55.97268],[60.77948,55.97269],[60.78359,55.97269],[60.79882,55.9798],[60.80644,55.97874],[60.80708,55.97865],[60.81871,55.99088],[60.8188,55.99098],[60.82641,55.98822],[60.8399,56.00521],[60.83992,56.00604],[60.83993,56.00677],[60.83533,56.00692],[60.83309,56.00699],[60.83324,56.01014],[60.83243,56.01101],[60.8316,56.01189],[60.83129,56.01182],[60.83028,56.01548],[60.82061,56.01631],[60.81926,56.01171],[60.81806,56.01265],[60.81513,56.01666],[60.81526,56.01718],[60.81681,56.02237],[60.82025,56.01994],[60.82463,56.02044],[60.82706,56.02292],[60.82257,56.02436],[60.82078,56.0249],[60.81207,56.02772],[60.80844,56.02744],[60.80578,56.02721],[60.80663,56.03256],[60.80076,56.02981],[60.7981,56.02855],[60.79899,56.02724],[60.79382,56.02567],[60.78725,56.04651],[60.79155,56.05756],[60.79401,56.06604],[60.79351,56.07237],[60.79228,56.08182],[60.71749,56.1327],[60.70194,56.14315],[60.7011,56.1462],[60.70124,56.14629],[60.70256,56.1464],[60.70869,56.1466],[60.71344,56.14675],[60.71987,56.14586],[60.72388,56.14339],[60.72279,56.13916],[60.72501,56.138],[60.72919,56.13581],[60.72992,56.13542],[60.73403,56.13675],[60.73924,56.13725],[60.74097,56.13715],[60.74326,56.13647],[60.74609,56.13498],[60.74787,56.1329],[60.74835,56.13134],[60.74805,56.13027],[60.74669,56.12908],[60.74599,56.12877],[60.74685,56.12784],[60.74882,56.12678],[60.7484,56.12385],[60.74995,56.12381],[60.75371,56.12435],[60.75695,56.12389],[60.75771,56.12363],[60.7607,56.12398],[60.76102,56.12418],[60.76142,56.12487],[60.76143,56.12582],[60.7603,56.12806],[60.76178,56.13017],[60.76458,56.13034],[60.76613,56.13043],[60.76631,56.13068],[60.76913,56.13719],[60.74447,56.14035],[60.74458,56.1406],[60.74662,56.14562],[60.72621,56.14748],[60.72632,56.14779],[60.72738,56.15079],[60.72249,56.15128],[60.71779,56.15174],[60.71702,56.15182],[60.70679,56.17133],[60.69603,56.19108],[60.69922,56.22014],[60.67023,56.22235],[60.67628,56.22597],[60.68617,56.23197],[60.705,56.2427],[60.70638,56.24155],[60.70779,56.24038],[60.70889,56.23965],[60.71107,56.23976],[60.71335,56.23962],[60.71768,56.23963],[60.72085,56.23938],[60.72714,56.23903],[60.7406,56.23836],[60.75308,56.23786],[60.76725,56.23725],[60.77049,56.23715],[60.77014,56.22925],[60.76836,56.21878],[60.77146,56.21859],[60.78206,56.21843],[60.8084,56.21774],[60.80956,56.2206],[60.8185,56.21978],[60.82435,56.22111],[60.83128,56.22236],[60.83699,56.2162],[60.8439,56.21998],[60.84636,56.22445],[60.87906,56.22041],[60.87446,56.21478],[60.94091,56.19728],[60.96387,56.19095],[60.9737,56.19937],[60.97609,56.2006],[60.98243,56.19863],[60.99915,56.18858],[61.00118,56.18724],[61.00504,56.18804],[61.00998,56.18882],[61.0112,56.18831],[61.01414,56.18509],[61.04596,56.19983],[61.07922,56.18387],[61.09448,56.18239],[61.10353,56.18144],[61.10308,56.18301],[61.10311,56.18361],[61.10334,56.18414],[61.10393,56.18478],[61.1048,56.18501],[61.1058,56.18534],[61.10727,56.18606],[61.10866,56.18728],[61.10932,56.18792],[61.11032,56.18865],[61.11112,56.18891],[61.11188,56.18888],[61.113,56.18889],[61.1136,56.18907],[61.11534,56.18962],[61.11739,56.19019],[61.1196,56.1907],[61.12291,56.19117],[61.12511,56.19153],[61.12873,56.19194],[61.13155,56.19214],[61.13227,56.19226],[61.13296,56.1924],[61.1338,56.19241],[61.13478,56.19236],[61.13579,56.19235],[61.136,56.19263],[61.13681,56.19324],[61.13854,56.19409],[61.14078,56.19522],[61.14141,56.19557],[61.1421,56.19567],[61.14297,56.19569],[61.14428,56.19571],[61.14503,56.19587],[61.14569,56.19612],[61.14668,56.19659],[61.14802,56.19726],[61.14887,56.19752],[61.15037,56.19789],[61.153,56.19937],[61.1562,56.20108],[61.15813,56.20197],[61.16073,56.2029],[61.1647,56.20425],[61.16796,56.20503],[61.16918,56.20536],[61.16966,56.20537],[61.17036,56.20528],[61.17118,56.20517],[61.17205,56.20517],[61.17286,56.20526],[61.17349,56.20549],[61.17484,56.20601],[61.17563,56.20642],[61.17611,56.20654],[61.17666,56.20655],[61.17882,56.2066],[61.17982,56.20672],[61.1812,56.20705],[61.18325,56.2076],[61.185,56.20802],[61.18588,56.20826],[61.17453,56.22953],[61.17352,56.23012],[61.17288,56.2304],[61.17256,56.23084],[61.17231,56.23177],[61.17202,56.23249],[61.17135,56.23335],[61.17061,56.23385],[61.16886,56.23443],[61.16664,56.23501],[61.16558,56.23528],[61.16484,56.23571],[61.16439,56.23627],[61.16397,56.23729],[61.16353,56.23768],[61.16042,56.23944],[61.15894,56.24302],[61.15856,56.24473],[61.15815,56.24542],[61.15747,56.24736],[61.15674,56.24934],[61.15614,56.25052],[61.15344,56.25845],[61.1494,56.26907],[61.14564,56.28019],[61.14409,56.28093],[61.11154,56.30447],[61.10579,56.30913],[61.09178,56.31924],[61.09168,56.32247],[61.09271,56.33233],[61.0933,56.33929],[61.11993,56.35292],[61.1225,56.35344],[61.1318,56.35461],[61.1548,56.35722],[61.15615,56.36509],[61.16103,56.36629],[61.18016,56.36235],[61.17295,56.35864],[61.18012,56.35345],[61.19352,56.35208],[61.20856,56.35064],[61.21991,56.34965],[61.22988,56.34654],[61.23847,56.34413],[61.24202,56.34303],[61.24653,56.34134],[61.25382,56.33959],[61.25473,56.33904],[61.25956,56.33206],[61.26632,56.3326],[61.27795,56.3337],[61.2823,56.33442],[61.28471,56.33445],[61.29106,56.33576],[61.30041,56.3379],[61.30889,56.33968],[61.31038,56.34026],[61.31094,56.34003],[61.31105,56.33943],[61.31184,56.33864],[61.31268,56.33786],[61.31398,56.33698],[61.31515,56.33623],[61.31578,56.33567],[61.31592,56.33509],[61.3162,56.33442],[61.31666,56.33384],[61.31684,56.3334],[61.31686,56.33283],[61.31713,56.33179],[61.31768,56.33097],[61.31846,56.32984],[61.31972,56.32854],[61.31985,56.32812],[61.32002,56.32677],[61.31993,56.32582],[61.31977,56.32493],[61.31943,56.32421],[61.31901,56.32308],[61.31877,56.32196],[61.31841,56.32126],[61.31751,56.3201],[61.31654,56.31911],[61.31597,56.31855],[61.31579,56.31822],[61.31562,56.31777],[61.31557,56.31742],[61.31544,56.31673],[61.31521,56.31614],[61.31435,56.31521],[61.31345,56.31341],[61.31676,56.31349],[61.32742,56.31384],[61.3378,56.31424],[61.33831,56.3147],[61.34274,56.32208],[61.3465,56.32217],[61.35108,56.32213],[61.35419,56.32241],[61.35634,56.32276],[61.3578,56.32341],[61.36073,56.32459],[61.36528,56.32647],[61.36804,56.3276],[61.37078,56.3287],[61.37345,56.3308],[61.37729,56.33353],[61.3796,56.33552],[61.3829,56.33787],[61.38452,56.3382],[61.38687,56.33898],[61.39379,56.34102],[61.39856,56.34254],[61.40356,56.34391],[61.40876,56.3454],[61.40928,56.3456],[61.42088,56.33585],[61.42894,56.34546],[61.43371,56.35114],[61.44406,56.35324],[61.45945,56.34542],[61.4716,56.34594],[61.47274,56.34416],[61.47189,56.34301],[61.47046,56.34078],[61.46915,56.339],[61.46758,56.33682],[61.46757,56.33646],[61.46842,56.33544],[61.46932,56.33403],[61.46943,56.33349],[61.46963,56.33298],[61.47022,56.33218],[61.47054,56.33139],[61.47096,56.33059],[61.47158,56.33001],[61.47263,56.33026],[61.47321,56.33067],[61.4739,56.33093],[61.47468,56.33108],[61.47571,56.33123],[61.47685,56.33154],[61.47925,56.33201],[61.48302,56.33276],[61.48575,56.33329],[61.48712,56.33338],[61.4887,56.33333],[61.49198,56.3329],[61.49506,56.33244],[61.49843,56.33179],[61.50493,56.3303],[61.50554,56.32624],[61.50543,56.32413],[61.50491,56.32117],[61.5199,56.32117],[61.52829,56.31594],[61.52914,56.31212],[61.52978,56.30868],[61.54124,56.30357],[61.54608,56.30617],[61.55039,56.30747],[61.56098,56.30955],[61.56173,56.30924],[61.55941,56.30722],[61.56456,56.30481],[61.56476,56.30399],[61.56531,56.29689],[61.57025,56.29546],[61.57019,56.29246],[61.56365,56.28952],[61.5666,56.28488],[61.57245,56.28456],[61.57419,56.28822],[61.57653,56.28799],[61.58146,56.28768],[61.58395,56.29401],[61.59191,56.30427],[61.60454,56.30222],[61.60665,56.30606],[61.60903,56.31096],[61.61321,56.31569],[61.61805,56.32023],[61.62919,56.31999],[61.63167,56.31972],[61.63534,56.31968],[61.63813,56.31965],[61.6393,56.31932],[61.64208,56.31926],[61.64453,56.31901],[61.64786,56.31878],[61.65216,56.31851],[61.65803,56.31803],[61.66245,56.31769],[61.66836,56.31742],[61.67024,56.31669],[61.67411,56.31449],[61.67674,56.31309],[61.68264,56.30966],[61.68996,56.30855],[61.69174,56.30824],[61.69324,56.3079],[61.69437,56.30755],[61.69489,56.30717],[61.6964,56.3049],[61.69697,56.3031],[61.69783,56.30162],[61.69856,56.30007],[61.70248,56.29874],[61.70892,56.29676],[61.71618,56.29451],[61.72129,56.29286],[61.72323,56.29216],[61.72596,56.29092],[61.73121,56.28839],[61.73458,56.2867],[61.73343,56.28496],[61.73075,56.28193],[61.72903,56.27979],[61.72618,56.27598],[61.72378,56.27288],[61.72389,56.2722],[61.73062,56.27138],[61.73691,56.27055],[61.7431,56.26994],[61.74607,56.26938],[61.74707,56.25971],[61.75151,56.2578],[61.75042,56.25675],[61.74566,56.25306],[61.74609,56.25178],[61.74801,56.24813],[61.74884,56.2468],[61.74992,56.2445],[61.75352,56.24426],[61.75767,56.24403],[61.75942,56.24378],[61.76019,56.24334],[61.76087,56.24239],[61.76327,56.23842],[61.76356,56.23805],[61.76592,56.23798],[61.76923,56.23781],[61.76945,56.23606],[61.77064,56.23325],[61.77149,56.23043],[61.77307,56.22636],[61.77692,56.22622],[61.77969,56.22614],[61.78187,56.22641],[61.7848,56.22681],[61.78805,56.22702],[61.78925,56.22712],[61.7903,56.22944],[61.79165,56.23275],[61.79633,56.2327],[61.79859,56.2323],[61.7987,56.23042],[61.80518,56.22856],[61.80227,56.22502],[61.78913,56.193],[61.79023,56.18973],[61.78893,56.18751],[61.78928,56.18564],[61.79,56.1779],[61.78778,56.17415],[61.78304,56.16484],[61.78021,56.16176],[61.77714,56.15565],[61.77578,56.15364],[61.76831,56.14645],[61.76413,56.13953],[61.7616,56.13489],[61.75195,56.12081],[61.74167,56.1073],[61.7297,56.09313],[61.72619,56.08859],[61.72346,56.08398],[61.72191,56.07984],[61.71832,56.06913],[61.71606,56.06924],[61.71182,56.06867],[61.71032,56.06904],[61.70652,56.06846],[61.70477,56.06851],[61.70275,56.06771],[61.70201,56.0679],[61.70145,56.06781],[61.70121,56.06761],[61.70166,56.06742],[61.7015,56.06722],[61.70022,56.06732],[61.69924,56.06712],[61.69879,56.06694],[61.70029,56.06588],[61.70177,56.06542],[61.7015,56.06405],[61.70041,56.06325],[61.70015,56.06327],[61.69924,56.06395],[61.69846,56.06419],[61.69727,56.06485],[61.69339,56.06558],[61.68956,56.06578],[61.68801,56.06552],[61.68514,56.06534],[61.68246,56.066],[61.68141,56.06568],[61.6802,56.06582],[61.67947,56.06551],[61.67937,56.06502],[61.6778,56.06387],[61.67676,56.06347],[61.67625,56.06303],[61.67623,56.06271],[61.67687,56.06215],[61.67669,56.06139],[61.67605,56.061],[61.67595,56.06044],[61.67614,56.06009],[61.67705,56.05972],[61.677,56.05939],[61.67556,56.05886],[61.67405,56.05901],[61.67207,56.05811],[61.67147,56.05768],[61.67149,56.05729],[61.67203,56.05707],[61.67343,56.05736],[61.67652,56.05754],[61.67901,56.05728],[61.67948,56.05701],[61.67965,56.05608],[61.67999,56.05563],[61.68251,56.05469],[61.68373,56.05402],[61.68389,56.0535],[61.68295,56.05273],[61.68307,56.05228],[61.68464,56.05144],[61.68623,56.05136],[61.68656,56.0511],[61.68647,56.05043],[61.68682,56.04947],[61.68649,56.04901],[61.68652,56.04824],[61.68586,56.04787],[61.68576,56.04726],[61.68636,56.04628],[61.68579,56.04584],[61.68597,56.0452],[61.6854,56.04479],[61.68514,56.04413],[61.68568,56.04303],[61.6874,56.04284],[61.68756,56.04265],[61.68754,56.04232],[61.68782,56.04206],[61.69011,56.04127],[61.69266,56.04075],[61.69429,56.04012],[61.69484,56.03957],[61.69474,56.03837],[61.69511,56.03767],[61.69571,56.03724],[61.69736,56.03667],[61.69789,56.03634],[61.69766,56.03575],[61.69692,56.03526],[61.69674,56.03497],[61.69747,56.0341],[61.69741,56.03386],[61.6965,56.0335],[61.6957,56.0336],[61.69442,56.03302],[61.69426,56.0327],[61.69546,56.03215],[61.69548,56.03186],[61.69408,56.03142],[61.69385,56.03061],[61.69339,56.03026],[61.69333,56.02984],[61.69302,56.02956],[61.69216,56.02967],[61.69034,56.02917],[61.68959,56.02797],[61.68947,56.02737],[61.68903,56.02698],[61.6877,56.02673],[61.68686,56.02596],[61.68573,56.02616],[61.68525,56.02565],[61.68408,56.02523],[61.68339,56.02444],[61.68314,56.02439],[61.68267,56.02465],[61.68235,56.02458],[61.68128,56.02371],[61.67941,56.02343],[61.67903,56.02293],[61.67863,56.02276],[61.67712,56.02277],[61.67656,56.02228],[61.6756,56.02217],[61.67525,56.02231],[61.67513,56.02255],[61.67438,56.02255],[61.67416,56.0228],[61.67327,56.02203],[61.67282,56.022],[61.67296,56.02234],[61.67132,56.02211],[61.67115,56.02196],[61.67157,56.02166],[61.67156,56.02145],[61.67028,56.02057],[61.66896,56.02033],[61.668,56.0199],[61.6677,56.01996],[61.66758,56.02021],[61.66728,56.02034],[61.66595,56.02024],[61.66509,56.01962],[61.66506,56.01911],[61.66441,56.01851],[61.66315,56.0181],[61.66387,56.01739],[61.67598,56.01629],[61.68118,56.01532],[61.68099,56.00499],[61.68123,56.00091],[61.68127,55.99619],[61.68276,55.99619],[61.68303,55.98821],[61.67858,55.98712],[61.6689,55.98708],[61.66496,55.98726],[61.66352,55.98889],[61.64936,55.99016],[61.64481,55.99017],[61.63407,55.99237],[61.63397,55.99233],[61.63381,55.99233],[61.6337,55.99233],[61.63361,55.99239],[61.63343,55.99245],[61.63311,55.99252],[61.63291,55.99248],[61.63273,55.99236],[61.6327,55.99226],[61.6327,55.99211],[61.63273,55.99196],[61.63276,55.99178],[61.63275,55.99169],[61.63266,55.99159],[61.63236,55.99141],[61.63216,55.99126],[61.63199,55.991],[61.63189,55.99085],[61.63186,55.99073],[61.63187,55.99058],[61.63195,55.99042],[61.63207,55.99028],[61.63225,55.9902],[61.6325,55.99015],[61.63274,55.99016],[61.63299,55.99023],[61.63324,55.99036],[61.63348,55.9905],[61.6336,55.99064],[61.63371,55.99073],[61.63389,55.99079],[61.63416,55.99083],[61.63441,55.99084],[61.63464,55.99083],[61.63496,55.99078],[61.63556,55.99063],[61.636,55.99048],[61.6362,55.99036],[61.63643,55.99016],[61.63655,55.98999],[61.63659,55.98982],[61.63663,55.98973],[61.63676,55.98959],[61.63691,55.98952],[61.63706,55.98948],[61.63736,55.98943],[61.63754,55.98943],[61.6377,55.98939],[61.6379,55.98931],[61.63804,55.98925],[61.6381,55.98918],[61.63811,55.98913],[61.63811,55.98906],[61.63804,55.98892],[61.63795,55.98882],[61.63788,55.98876],[61.63777,55.98873],[61.63764,55.98871],[61.6375,55.98872],[61.63729,55.98877],[61.63701,55.98881],[61.63686,55.98884],[61.63669,55.98888],[61.63654,55.98889],[61.6364,55.98887],[61.63622,55.98879],[61.63607,55.98869],[61.63597,55.98858],[61.63597,55.98848],[61.63605,55.98839],[61.63621,55.98831],[61.63635,55.98825],[61.63658,55.98821],[61.63691,55.98816],[61.63707,55.98812],[61.63718,55.98805],[61.63726,55.98797],[61.63738,55.9879],[61.63752,55.98786],[61.63764,55.98785],[61.63785,55.98788],[61.63824,55.98789],[61.63838,55.98787],[61.63846,55.98784],[61.63855,55.98775],[61.63859,55.98762],[61.63864,55.98749],[61.63865,55.98732],[61.63868,55.98724],[61.63874,55.98718],[61.63875,55.98712],[61.63875,55.98705],[61.63869,55.98697],[61.63867,55.98688],[61.63869,55.98681],[61.63878,55.98676],[61.63889,55.98673],[61.63905,55.98672],[61.63918,55.98674],[61.63933,55.98679],[61.63967,55.98697],[61.63984,55.98705],[61.63998,55.98707],[61.64007,55.98706],[61.64023,55.987],[61.64035,55.9869],[61.64051,55.98676],[61.64064,55.98664],[61.64076,55.98658],[61.6409,55.98654],[61.64111,55.98652],[61.64133,55.98651],[61.64147,55.98648],[61.64156,55.98643],[61.64162,55.98637],[61.64164,55.98632],[61.64164,55.98624],[61.64162,55.98617],[61.64151,55.98605],[61.64145,55.98599],[61.64135,55.98596],[61.64128,55.98596],[61.64117,55.98601],[61.64103,55.98605],[61.64088,55.98605],[61.64074,55.98603],[61.64061,55.986],[61.6405,55.9859],[61.64035,55.98573],[61.64025,55.98565],[61.64017,55.9856],[61.64009,55.98555],[61.64002,55.98553],[61.63993,55.98552],[61.63987,55.98553],[61.63981,55.98559],[61.63974,55.98566],[61.63968,55.98571],[61.63958,55.98574],[61.63943,55.98576],[61.63924,55.98575],[61.63902,55.98572],[61.63883,55.98559],[61.63874,55.98544],[61.63874,55.98532],[61.63872,55.98525],[61.63865,55.98519],[61.63853,55.98511],[61.63845,55.98503],[61.63835,55.98485],[61.63829,55.98469],[61.63822,55.98459],[61.63813,55.9845],[61.63801,55.98444],[61.63789,55.98442],[61.63771,55.98443],[61.63749,55.98445],[61.63739,55.98446],[61.6373,55.98445],[61.63716,55.98441],[61.63696,55.98436],[61.63674,55.98434],[61.63658,55.98435],[61.63649,55.98438],[61.63642,55.98442],[61.63637,55.9845],[61.63629,55.98456],[61.63621,55.98461],[61.63609,55.98463],[61.63594,55.98462],[61.63578,55.9846],[61.63559,55.98455],[61.63545,55.98448],[61.63537,55.98441],[61.6353,55.98428],[61.63531,55.98397],[61.6353,55.98386],[61.63524,55.98375],[61.63515,55.98367],[61.635,55.9836],[61.6348,55.98349],[61.6347,55.98341],[61.63466,55.98334],[61.63466,55.98326],[61.63471,55.98318],[61.63489,55.98297],[61.63494,55.98289],[61.63494,55.98281],[61.63491,55.98275],[61.63484,55.9827],[61.63469,55.98262],[61.63442,55.98253],[61.6343,55.98251],[61.63418,55.98251],[61.634,55.98252],[61.63383,55.98252],[61.6337,55.98251],[61.63361,55.98245],[61.63357,55.98237],[61.63357,55.9823],[61.63363,55.98223],[61.63376,55.98218],[61.63394,55.98214],[61.63409,55.98209],[61.63422,55.98201],[61.63428,55.98196],[61.63428,55.98189],[61.63423,55.98182],[61.63406,55.9817],[61.63381,55.98162],[61.63364,55.98157],[61.63354,55.98156],[61.6334,55.98157],[61.6333,55.98155],[61.63319,55.9815],[61.63303,55.98141],[61.63298,55.98135],[61.63299,55.98129],[61.63305,55.98126],[61.63312,55.98124],[61.63326,55.98123],[61.63333,55.98121],[61.63339,55.98116],[61.63341,55.98109],[61.63347,55.98104],[61.63354,55.98102],[61.63364,55.98103],[61.63374,55.98105],[61.63383,55.98107],[61.63394,55.98106],[61.63407,55.98103],[61.6342,55.98098],[61.63435,55.98086],[61.63449,55.98075],[61.63452,55.98068],[61.63452,55.98062],[61.63446,55.98055],[61.63433,55.98047],[61.63417,55.98044],[61.63402,55.98044],[61.63386,55.98047],[61.6337,55.98056],[61.63348,55.98072],[61.6334,55.98077],[61.6333,55.9808],[61.63314,55.98082],[61.63273,55.98081],[61.63241,55.9808],[61.63218,55.98076],[61.63201,55.9807],[61.63185,55.98061],[61.63173,55.9805],[61.6316,55.98042],[61.6314,55.98032],[61.63123,55.98028],[61.63109,55.98026],[61.63101,55.98023],[61.63095,55.98016],[61.63095,55.98007],[61.63096,55.97998],[61.63102,55.9799],[61.63112,55.97982],[61.63126,55.97973],[61.63131,55.97966],[61.63131,55.97957],[61.63126,55.97944],[61.63123,55.97922],[61.63119,55.97906],[61.63119,55.979],[61.63124,55.97896],[61.63134,55.97893],[61.63149,55.9789],[61.63156,55.97887],[61.63161,55.97883],[61.63162,55.97878],[61.63162,55.97872],[61.63156,55.97867],[61.63138,55.97858],[61.63111,55.97848],[61.63084,55.97839],[61.6307,55.97835],[61.6306,55.97834],[61.63055,55.97829],[61.63048,55.97822],[61.63047,55.97815],[61.63045,55.9781],[61.63037,55.97806],[61.63025,55.97806],[61.63003,55.97808],[61.62986,55.97808],[61.62974,55.97806],[61.62962,55.97806],[61.62953,55.97808],[61.62946,55.97812],[61.62943,55.97816],[61.62944,55.97825],[61.62941,55.97829],[61.62932,55.9784],[61.62927,55.97844],[61.62919,55.97847],[61.62906,55.97848],[61.62898,55.97848],[61.62886,55.97844],[61.62871,55.97834],[61.62863,55.97829],[61.62852,55.97827],[61.62835,55.97828],[61.62814,55.97831],[61.62802,55.97832],[61.62795,55.97831],[61.62787,55.97829],[61.62777,55.97824],[61.62768,55.97823],[61.62757,55.97823],[61.62751,55.97826],[61.62745,55.97834],[61.62741,55.97841],[61.62737,55.97846],[61.62729,55.9785],[61.6272,55.97853],[61.62711,55.97854],[61.62704,55.97858],[61.62701,55.97864],[61.62704,55.9787],[61.62712,55.97875],[61.62722,55.97875],[61.62729,55.97873],[61.62738,55.97871],[61.62743,55.97872],[61.62746,55.97875],[61.62746,55.97878],[61.62742,55.97882],[61.62738,55.97886],[61.62739,55.97891],[61.62746,55.97894],[61.62757,55.97897],[61.62764,55.97903],[61.62771,55.97912],[61.62777,55.97917],[61.62784,55.97917],[61.62789,55.97916],[61.62794,55.97917],[61.62799,55.97918],[61.62799,55.97921],[61.62798,55.97924],[61.62788,55.97933],[61.62783,55.97938],[61.62776,55.97941],[61.62765,55.9794],[61.6276,55.97936],[61.62755,55.97934],[61.62745,55.9794],[61.62739,55.97946],[61.62736,55.97953],[61.62736,55.97959],[61.62736,55.97964],[61.62736,55.97967],[61.62734,55.9797],[61.6273,55.97971],[61.62722,55.97971],[61.62714,55.97968],[61.62699,55.97965],[61.62676,55.97963],[61.62635,55.97963],[61.62611,55.97964],[61.62597,55.97966],[61.62587,55.97967],[61.62578,55.97965],[61.62568,55.97961],[61.62559,55.97959],[61.62548,55.97959],[61.62539,55.97964],[61.62532,55.97969],[61.62518,55.97972],[61.62493,55.97974],[61.62476,55.97973],[61.62466,55.9797],[61.6246,55.97966],[61.62452,55.97964],[61.62446,55.97961],[61.62443,55.97956],[61.62446,55.97951],[61.62452,55.97948],[61.62459,55.97947],[61.62466,55.97946],[61.6247,55.97942],[61.62468,55.97937],[61.62458,55.97933],[61.62445,55.97926],[61.6244,55.97914],[61.62437,55.97901],[61.62437,55.97894],[61.6244,55.97888],[61.62448,55.97881],[61.62455,55.97877],[61.62458,55.97872],[61.62457,55.97867],[61.62452,55.97864],[61.62444,55.97862],[61.62434,55.97865],[61.62426,55.97867],[61.62416,55.97865],[61.62402,55.97855],[61.62389,55.97848],[61.62383,55.97843],[61.62381,55.97838],[61.62382,55.97833],[61.62391,55.9783],[61.62402,55.97828],[61.62408,55.97827],[61.62413,55.97824],[61.62413,55.97818],[61.6241,55.97809],[61.62402,55.978],[61.62386,55.97792],[61.6237,55.97788],[61.62357,55.97786],[61.62343,55.97786],[61.62334,55.97788],[61.62321,55.97799],[61.62309,55.97806],[61.62296,55.9781],[61.62289,55.97816],[61.62278,55.9782],[61.62272,55.9782],[61.62261,55.97816],[61.62254,55.97809],[61.62247,55.97802],[61.62239,55.97796],[61.62225,55.97793],[61.62217,55.97787],[61.62197,55.97763],[61.62186,55.97753],[61.62176,55.97747],[61.62167,55.97738],[61.62153,55.97731],[61.62136,55.97728],[61.6212,55.97728],[61.62094,55.97724],[61.62081,55.97724],[61.6207,55.97725],[61.62058,55.97726],[61.62045,55.97725],[61.62037,55.97722],[61.62031,55.97722],[61.62024,55.97727],[61.62022,55.97733],[61.62021,55.97738],[61.62016,55.9774],[61.6201,55.97742],[61.61994,55.97739],[61.61986,55.97736],[61.6198,55.9773],[61.61983,55.97723],[61.61991,55.97717],[61.62003,55.97711],[61.62011,55.97705],[61.62015,55.977],[61.62023,55.97695],[61.62024,55.97691],[61.62021,55.97686],[61.62013,55.97667],[61.62011,55.97655],[61.6201,55.97647],[61.62001,55.97638],[61.6199,55.97629],[61.61979,55.97625],[61.61966,55.97625],[61.61952,55.97627],[61.61938,55.97627],[61.61924,55.97625],[61.61908,55.97618],[61.61889,55.97608],[61.61878,55.976],[61.61871,55.97593],[61.61865,55.97579],[61.61855,55.97572],[61.61843,55.97568],[61.6182,55.97569],[61.6181,55.97566],[61.61803,55.97562],[61.61802,55.97556],[61.61802,55.97549],[61.61802,55.97542],[61.61797,55.97537],[61.61791,55.97535],[61.61779,55.97534],[61.61756,55.97538],[61.61746,55.97538],[61.61738,55.97536],[61.61731,55.97531],[61.61721,55.97514],[61.61711,55.97501],[61.61705,55.97495],[61.61695,55.97493],[61.61684,55.97492],[61.61675,55.97495],[61.61665,55.975],[61.61655,55.97505],[61.61648,55.97505],[61.61638,55.97503],[61.6163,55.97496],[61.61625,55.9749],[61.61615,55.97485],[61.61604,55.97485],[61.61596,55.97487],[61.61591,55.97494],[61.61584,55.97499],[61.61575,55.97502],[61.61572,55.97507],[61.61572,55.97512],[61.6158,55.97517],[61.61588,55.9752],[61.61597,55.97527],[61.61601,55.97533],[61.61601,55.97536],[61.61598,55.97538],[61.61591,55.9754],[61.61578,55.97542],[61.61562,55.97542],[61.61549,55.97539],[61.61523,55.97539],[61.61512,55.97541],[61.61503,55.97544],[61.61498,55.97551],[61.61497,55.97562],[61.61492,55.9757],[61.61493,55.97577],[61.61502,55.97582],[61.61517,55.97584],[61.61528,55.97583],[61.61544,55.97579],[61.6155,55.97574],[61.61565,55.97569],[61.61578,55.97568],[61.61587,55.9757],[61.6159,55.97573],[61.6159,55.97581],[61.6159,55.97589],[61.61593,55.97596],[61.61593,55.97601],[61.6159,55.97605],[61.61578,55.97615],[61.6157,55.97625],[61.61569,55.97635],[61.61563,55.97644],[61.61558,55.97649],[61.61552,55.97653],[61.61541,55.97654],[61.61532,55.97652],[61.61523,55.9765],[61.61508,55.97647],[61.6149,55.97646],[61.61482,55.97645],[61.61476,55.97641],[61.61469,55.97633],[61.61461,55.97628],[61.61452,55.97623],[61.6144,55.97619],[61.61429,55.97614],[61.61418,55.97603],[61.61406,55.97592],[61.61395,55.97591],[61.61388,55.97592],[61.61385,55.97596],[61.61385,55.97601],[61.61392,55.97607],[61.61399,55.97612],[61.61398,55.97616],[61.61394,55.9762],[61.61386,55.97624],[61.61373,55.97626],[61.61362,55.97628],[61.61351,55.9763],[61.61343,55.97629],[61.61339,55.97627],[61.61334,55.97623],[61.61328,55.97622],[61.61317,55.97622],[61.613,55.9762],[61.61291,55.97619],[61.61277,55.97616],[61.61264,55.97611],[61.61258,55.97607],[61.61245,55.97603],[61.61232,55.97599],[61.6122,55.97599],[61.61197,55.97599],[61.61187,55.97599],[61.61179,55.97598],[61.61171,55.97599],[61.61166,55.97603],[61.61158,55.97606],[61.61149,55.97608],[61.61139,55.97611],[61.61133,55.97614],[61.61132,55.97618],[61.61127,55.97621],[61.6112,55.97623],[61.61111,55.97622],[61.61099,55.97619],[61.61087,55.97613],[61.61076,55.97607],[61.6107,55.97601],[61.61065,55.97596],[61.61059,55.97591],[61.61051,55.97588],[61.61039,55.97587],[61.61029,55.97584],[61.61023,55.9758],[61.61023,55.97574],[61.61029,55.97569],[61.6104,55.97564],[61.61053,55.97562],[61.61062,55.97564],[61.61073,55.97567],[61.61081,55.97568],[61.61086,55.97566],[61.6109,55.97561],[61.61094,55.97556],[61.61099,55.97552],[61.61107,55.9755],[61.61114,55.97549],[61.61122,55.97549],[61.61131,55.97545],[61.61138,55.9754],[61.61145,55.97537],[61.61152,55.97536],[61.61159,55.97534],[61.61165,55.97529],[61.61167,55.97523],[61.61163,55.97517],[61.61158,55.97509],[61.61153,55.97505],[61.61143,55.97504],[61.61128,55.97501],[61.6111,55.97501],[61.611,55.97499],[61.61086,55.97493],[61.61074,55.97484],[61.61073,55.97479],[61.61078,55.97468],[61.6108,55.97463],[61.6108,55.97459],[61.61075,55.97454],[61.61064,55.97448],[61.61053,55.97444],[61.6104,55.97442],[61.61014,55.97445],[61.60984,55.9745],[61.60958,55.97456],[61.6095,55.97458],[61.60948,55.97461],[61.60951,55.97468],[61.60954,55.97475],[61.60951,55.9748],[61.60944,55.97484],[61.60935,55.97489],[61.60925,55.97493],[61.60918,55.97496],[61.60913,55.975],[61.60907,55.97502],[61.609,55.97502],[61.60895,55.97501],[61.6089,55.97498],[61.60884,55.97496],[61.60869,55.97496],[61.60855,55.97497],[61.6084,55.975],[61.6083,55.975],[61.60817,55.97505],[61.60763,55.97528],[61.60725,55.97546],[61.60711,55.97551],[61.607,55.97553],[61.60677,55.97557],[61.60654,55.97566],[61.60623,55.97578],[61.60598,55.97584],[61.60561,55.97584],[61.6049,55.97577],[61.60465,55.97573],[61.60453,55.97565],[61.60115,55.97694],[61.59598,55.976],[61.58548,55.98092],[61.57305,55.98968],[61.55861,56.00018],[61.55501,56.00034],[61.54795,56.00132],[61.53692,56.00369],[61.52683,56.00224],[61.51303,55.99801],[61.51367,55.99355],[61.49346,55.99283],[61.49485,55.98017],[61.44035,55.97418],[61.43025,55.97989],[61.42386,55.9803],[61.41989,55.97562],[61.39224,55.96572],[61.37709,55.96061],[61.37265,55.95626],[61.37011,55.95687],[61.36856,55.9555],[61.36301,55.95268],[61.35309,55.95281],[61.3412,55.95331],[61.32231,55.95384],[61.31489,55.95057],[61.31277,55.94995],[61.30513,55.94196],[61.29851,55.93593],[61.29811,55.93594],[61.29796,55.93613],[61.29735,55.93606],[61.29686,55.93622],[61.29593,55.93592],[61.29382,55.93622],[61.29305,55.93657],[61.29258,55.93708],[61.29145,55.93729],[61.29148,55.93759],[61.29025,55.93821],[61.2905,55.93861],[61.29025,55.93875],[61.29019,55.93902],[61.28941,55.93908],[61.28868,55.93945],[61.28866,55.93965],[61.28822,55.93978],[61.28727,55.93949],[61.28723,55.9398],[61.28692,55.93983],[61.28699,55.94019],[61.28688,55.94024],[61.28648,55.94002],[61.28576,55.94009],[61.28503,55.9397],[61.2845,55.93975],[61.28458,55.93954],[61.28444,55.93948],[61.28356,55.93991],[61.28265,55.94005],[61.28215,55.94035],[61.28071,55.94],[61.28006,55.94002],[61.27894,55.94037],[61.27693,55.94048],[61.2731,55.94009],[61.2719,55.94036],[61.27169,55.9403],[61.27175,55.94008],[61.26968,55.93996],[61.26863,55.94016],[61.26865,55.94055],[61.26849,55.94061],[61.26692,55.94065],[61.26639,55.94086],[61.26615,55.9412],[61.26504,55.94127],[61.26367,55.94171],[61.26305,55.9416],[61.26267,55.94187],[61.26254,55.94167],[61.26217,55.94172],[61.26216,55.94144],[61.26159,55.94114],[61.26161,55.94095],[61.26144,55.94081],[61.26032,55.94109],[61.25944,55.94105],[61.25918,55.94124],[61.25948,55.94136],[61.25941,55.94158],[61.2588,55.94176],[61.25774,55.94251],[61.25662,55.943],[61.25296,55.9435],[61.24924,55.94333],[61.24904,55.94346],[61.24908,55.94369],[61.24823,55.94418],[61.24734,55.94433],[61.24616,55.94479],[61.24511,55.94434],[61.24223,55.94398],[61.24047,55.94449],[61.2395,55.9446],[61.23885,55.94503],[61.23751,55.94532],[61.23712,55.94518],[61.2368,55.94542],[61.23647,55.94533],[61.2363,55.94553],[61.23472,55.94603],[61.23372,55.94658],[61.23255,55.94675],[61.23186,55.94661],[61.23217,55.94703],[61.23144,55.94747],[61.23105,55.94719],[61.23067,55.94714],[61.22725,55.94855],[61.22555,55.94873],[61.2248,55.94902],[61.22244,55.94951],[61.22051,55.94958],[61.22,55.94999],[61.21948,55.95001],[61.21976,55.98212],[61.2196,55.98709],[61.21824,55.98953],[61.21572,55.99333],[61.19958,55.99351],[61.19969,55.99889],[61.18115,56.00606],[61.14385,56.01032],[61.10979,56.01534],[61.0962,56.01708],[61.09428,56.0158],[61.08851,56.01125],[61.08101,56.00566],[61.07522,56.00102],[61.07222,55.99912],[61.07262,55.99781],[61.07297,55.99745],[61.0732,55.99689],[61.07373,55.9966],[61.07372,55.99638],[61.07335,55.99597],[61.07426,55.99562],[61.07366,55.99555],[61.07364,55.99543],[61.07404,55.99527],[61.07424,55.99472],[61.07572,55.99363],[61.07541,55.99318],[61.07556,55.99285],[61.07825,55.99237],[61.08043,55.99296],[61.08209,55.99238],[61.0829,55.99159],[61.08255,55.99039],[61.08207,55.98981],[61.08127,55.98958],[61.08116,55.98925],[61.08085,55.989],[61.07946,55.98872],[61.07873,55.98795],[61.07765,55.98753],[61.07764,55.98727],[61.07805,55.98717],[61.07789,55.98701],[61.07812,55.98684],[61.0783,55.98601],[61.07823,55.98578],[61.07872,55.98575],[61.07893,55.98558],[61.07863,55.9852],[61.07883,55.98479],[61.07874,55.98451],[61.07636,55.98304],[61.07575,55.98234],[61.0765,55.98174],[61.07656,55.98112],[61.07727,55.98018],[61.07906,55.97959],[61.07947,55.9789],[61.08013,55.97834],[61.08095,55.97796],[61.08108,55.97747],[61.08178,55.97701],[61.08349,55.97491],[61.08492,55.97271],[61.08457,55.97083],[61.0851,55.97028],[61.08468,55.96991],[61.08576,55.96946],[61.08633,55.96882],[61.08675,55.96899],[61.08706,55.96875],[61.08732,55.96813],[61.08701,55.96737],[61.08993,55.96645],[61.09019,55.9662],[61.09022,55.96576],[61.09058,55.96522],[61.09306,55.96357],[61.09336,55.96274],[61.09418,55.96227],[61.0946,55.96151],[61.09547,55.96144],[61.09668,55.96101],[61.09618,55.96077],[61.09619,55.96033],[61.0969,55.95963],[61.09704,55.95909],[61.0962,55.95871],[61.09575,55.9578],[61.09543,55.95749],[61.09558,55.95634],[61.09612,55.95543],[61.09618,55.95504],[61.09646,55.95474],[61.09649,55.95423],[61.09699,55.95368],[61.09697,55.9533],[61.09725,55.95277],[61.09795,55.95263],[61.09838,55.95234],[61.09849,55.95215],[61.09839,55.95172],[61.09879,55.95134],[61.09881,55.95112],[61.0986,55.95089],[61.09781,55.95082],[61.09753,55.95043],[61.0975,55.94999],[61.09754,55.94954],[61.09847,55.94907],[61.09826,55.94251],[61.09308,55.93584],[61.09116,55.92823],[61.07997,55.915],[61.08486,55.90849],[61.07701,55.90664],[61.07,55.90625],[61.06837,55.90098],[61.06597,55.89723],[61.04862,55.89958],[61.04646,55.89706],[61.04125,55.89161],[61.03787,55.88888],[61.03091,55.8813],[61.015,55.86695],[61.01344,55.86405],[61.00836,55.86032],[61.0116,55.85596],[61.00527,55.85348],[61.00099,55.85068],[61.00123,55.85054],[61.00018,55.84663],[60.99992,55.84505],[61.00025,55.84374],[61.00129,55.84231],[61.00136,55.84074],[61.00291,55.83875],[61.003,55.83857],[61.00287,55.83854],[61.00846,55.8286],[61.00291,55.82742],[60.99856,55.82807],[60.99196,55.82817],[60.98901,55.82773],[60.98646,55.82717],[60.98387,55.8263],[60.98048,55.82544],[60.97881,55.8247],[60.97779,55.82392],[60.97586,55.82291],[60.97377,55.82229],[60.97313,55.82188],[60.97456,55.82081],[60.97475,55.82002],[60.97439,55.81904],[60.97287,55.818],[60.97095,55.81743],[60.97026,55.81655],[60.97058,55.81587],[60.97024,55.81398],[60.96908,55.8124],[60.96832,55.80995],[60.9684,55.80512],[60.96895,55.80279],[60.96553,55.80193],[60.96537,55.80178],[60.95898,55.79571],[60.95542,55.79345],[60.95449,55.79268],[60.9534,55.79151],[60.95247,55.79],[60.95063,55.7905],[60.94978,55.7894],[60.95177,55.78892],[60.9513,55.78815],[60.95128,55.78754],[60.95176,55.78702],[60.95104,55.78556],[60.94951,55.78472],[60.94785,55.78312],[60.94699,55.78291],[60.94524,55.77992],[60.94383,55.77759],[60.94357,55.77644],[60.94175,55.7762],[60.94076,55.77559],[60.94023,55.77394],[60.9403,55.77305],[60.93915,55.76895],[60.93904,55.76609],[60.93757,55.76448],[60.93692,55.76283],[60.93688,55.76108],[60.93599,55.75871],[60.93512,55.75705],[60.94018,55.75395],[60.94257,55.75278],[60.94274,55.74832],[60.94248,55.74444],[60.94341,55.74294],[60.94369,55.74214],[60.94371,55.74005],[60.94387,55.73961],[60.94565,55.73829],[60.94624,55.73754],[60.94668,55.73575],[60.94708,55.73492],[60.94767,55.73442],[60.96157,55.7284],[60.96216,55.72798],[60.96499,55.72475],[60.96755,55.72156],[60.96811,55.71626],[60.96925,55.71413],[60.97085,55.71257],[60.97147,55.71014],[60.97096,55.70859],[60.97124,55.70805],[60.97187,55.70749],[60.97263,55.70751],[60.97138,55.69785],[60.95032,55.71185],[60.93695,55.70497],[60.96274,55.69209],[60.95125,55.68447],[60.94516,55.68077],[60.93356,55.67415],[60.92905,55.67178],[60.92175,55.67072],[60.91705,55.66898],[60.91514,55.67137],[60.91706,55.6936],[60.91129,55.69279],[60.9083,55.69018],[60.88914,55.69231],[60.88282,55.70544],[60.87144,55.72365],[60.86561,55.73426],[60.85069,55.73189],[60.84658,55.73227],[60.84522,55.73175],[60.84463,55.73177],[60.84425,55.732],[60.84414,55.73217],[60.84455,55.73261],[60.84452,55.73278],[60.84418,55.73315],[60.84376,55.73317],[60.84285,55.73284],[60.84119,55.73279],[60.84005,55.73254],[60.83919,55.73269],[60.83821,55.73243],[60.83549,55.73315],[60.8338,55.73313],[60.83293,55.73271],[60.83195,55.7327],[60.83133,55.73221],[60.83028,55.73225],[60.82995,55.7321],[60.82676,55.73181],[60.8237,55.7317],[60.82041,55.73209],[60.81577,55.73343],[60.8127,55.73319],[60.81281,55.734],[60.81112,55.73712],[60.81101,55.73863],[60.81082,55.7394],[60.81046,55.73997],[60.8097,55.7403],[60.80914,55.74114],[60.80816,55.74215],[60.80632,55.74326],[60.80538,55.74456],[60.80375,55.74625],[60.80271,55.74692],[60.79592,55.75252],[60.7939,55.75454],[60.79329,55.75572],[60.79239,55.75649],[60.7915,55.75774],[60.78919,55.75812],[60.78259,55.7602],[60.78105,55.76053],[60.77885,55.76074],[60.77266,55.75988],[60.76803,55.7579],[60.76663,55.75765],[60.76295,55.7578],[60.76169,55.7577],[60.7616,55.75813],[60.76146,55.75786],[60.76025,55.758],[60.75762,55.75776],[60.75679,55.75753],[60.75801,55.75807],[60.75792,55.75858],[60.75739,55.75872],[60.75728,55.75928],[60.75838,55.75926],[60.7598,55.75952],[60.76668,55.7596],[60.76932,55.76009],[60.77047,55.76045],[60.7733,55.76191],[60.77872,55.76681],[60.77303,55.76826],[60.77027,55.7693],[60.76625,55.7705],[60.76459,55.77121],[60.7587,55.77284],[60.75779,55.77308],[60.75221,55.77423],[60.75053,55.77458],[60.74845,55.77464],[60.74618,55.77524],[60.74345,55.77595],[60.64221,55.79442],[60.63673,55.80835],[60.63654,55.81189],[60.55589,55.8212],[60.55721,55.83115],[60.55782,55.83989],[60.55894,55.84924],[60.55981,55.85919],[60.55983,55.8594],[60.45075,55.86292],[60.42446,55.86405],[60.42439,55.85478],[60.42237,55.83676],[60.39135,55.84046],[60.33066,55.84813],[60.33527,55.86162],[60.36961,55.85853],[60.37157,55.86449],[60.37389,55.87381],[60.37639,55.88295],[60.31746,55.8878],[60.31247,55.86936],[60.30203,55.87035],[60.29631,55.85123],[60.29102,55.83171],[60.32647,55.82837],[60.32579,55.8282],[60.32485,55.8283],[60.32447,55.82813],[60.32434,55.82787],[60.32447,55.82722],[60.32406,55.82709],[60.32338,55.82724],[60.32308,55.82711],[60.32304,55.8268],[60.25777,55.83418]]]]}},{"type":"Feature","properties":{"osm_id":-398386,"name":"Октябрьский район","admin_level":6},"geometry":{"type":"MultiPolygon","coordinates":[[[[62.12258,54.53636],[62.14217,54.56398],[62.13866,54.57115],[62.17822,54.58735],[62.17741,54.58998],[62.22204,54.60818],[62.19523,54.6279],[62.18428,54.62969],[62.14953,54.63716],[62.15013,54.64611],[62.1554,54.66839],[62.15594,54.67958],[62.15647,54.68031],[62.15728,54.68036],[62.16558,54.67964],[62.18041,54.67709],[62.18844,54.67667],[62.19094,54.67792],[62.19746,54.6823],[62.20192,54.68653],[62.20263,54.68929],[62.21049,54.69049],[62.23782,54.69127],[62.23916,54.67292],[62.27602,54.66932],[62.31914,54.67085],[62.34156,54.67417],[62.39553,54.68584],[62.39938,54.70782],[62.39262,54.71419],[62.40382,54.72204],[62.40579,54.72298],[62.43099,54.72116],[62.44115,54.71573],[62.44741,54.71686],[62.49838,54.72036],[62.50376,54.72196],[62.51374,54.71859],[62.55058,54.72914],[62.55666,54.72894],[62.56248,54.72837],[62.56986,54.72232],[62.57825,54.71492],[62.538,54.70167],[62.51994,54.68839],[62.52414,54.67836],[62.54904,54.67738],[62.55101,54.66719],[62.55025,54.65203],[62.60067,54.6346],[62.62182,54.63561],[62.62438,54.65041],[62.62988,54.66388],[62.63106,54.66573],[62.63182,54.67017],[62.63281,54.67027],[62.6386,54.66975],[62.64225,54.6688],[62.64786,54.66695],[62.6596,54.66363],[62.6627,54.6537],[62.66928,54.64366],[62.66486,54.63959],[62.67172,54.62401],[62.6845,54.62623],[62.69863,54.62956],[62.70884,54.63278],[62.73196,54.64081],[62.74979,54.64677],[62.78835,54.65387],[62.79237,54.65471],[62.794,54.65503],[62.8271,54.66102],[62.8419,54.66571],[62.84569,54.66808],[62.85295,54.67034],[62.86335,54.6727],[62.86964,54.67534],[62.88542,54.68461],[62.90057,54.69277],[62.91045,54.69613],[62.92327,54.6987],[62.95856,54.70359],[62.97843,54.70545],[62.98163,54.69984],[62.99918,54.69583],[63.01437,54.69289],[63.03973,54.69702],[63.06144,54.70051],[63.11093,54.69738],[63.19982,54.69908],[63.20072,54.69778],[63.20419,54.69286],[63.21265,54.68201],[63.22359,54.66789],[63.22537,54.66457],[63.23195,54.65492],[63.2371,54.64693],[63.23386,54.63541],[63.23151,54.62696],[63.22908,54.61783],[63.22701,54.61129],[63.22629,54.60906],[63.22958,54.60351],[63.24314,54.58124],[63.2851,54.58136],[63.28292,54.56964],[63.28047,54.56067],[63.27259,54.54724],[63.29474,54.54379],[63.28982,54.53897],[63.28017,54.52944],[63.27679,54.52809],[63.26467,54.52447],[63.25159,54.52298],[63.24403,54.52262],[63.24233,54.52034],[63.23981,54.51022],[63.23423,54.48724],[63.23299,54.48709],[63.22251,54.48881],[63.20792,54.48394],[63.2182,54.47143],[63.20647,54.47024],[63.20522,54.46796],[63.20389,54.46698],[63.20033,54.46599],[63.1958,54.46532],[63.16703,54.47285],[63.16838,54.4907],[63.15345,54.49381],[63.14207,54.48395],[63.13744,54.47399],[63.137,54.47373],[63.12989,54.46813],[63.13246,54.45645],[63.14408,54.43856],[63.17373,54.4342],[63.18171,54.43186],[63.18241,54.4248],[63.18292,54.40908],[63.18255,54.40234],[63.18202,54.40089],[63.18121,54.39492],[63.16392,54.39487],[63.16392,54.39591],[63.14831,54.39643],[63.13989,54.40322],[63.13892,54.40328],[63.13696,54.40053],[63.13138,54.39368],[63.12712,54.38802],[63.12517,54.38257],[63.12517,54.38091],[63.13163,54.37142],[63.14253,54.35565],[63.15413,54.35508],[63.16183,54.34289],[63.16563,54.33599],[63.15943,54.33537],[63.15473,54.33479],[63.14721,54.33454],[63.14331,54.33308],[63.14198,54.33262],[63.14136,54.33272],[63.14012,54.33339],[63.13906,54.33438],[63.13711,54.33469],[63.13481,54.33443],[63.12967,54.33287],[63.12055,54.3322],[63.11648,54.33235],[63.11365,54.33344],[63.11267,54.3352],[63.11002,54.33614],[63.09922,54.33426],[63.09753,54.33349],[63.09992,54.33073],[63.10347,54.32552],[63.11746,54.32828],[63.12762,54.31476],[63.15522,54.32098],[63.17163,54.30811],[63.20854,54.31324],[63.21394,54.31519],[63.21547,54.29429],[63.26338,54.29376],[63.26129,54.29174],[63.25723,54.28856],[63.25158,54.28538],[63.25572,54.278],[63.26604,54.25587],[63.2749,54.23735],[63.28203,54.24486],[63.30929,54.2619],[63.344,54.25151],[63.35201,54.24102],[63.3455,54.23633],[63.33898,54.23135],[63.34323,54.22577],[63.34745,54.21499],[63.35067,54.20147],[63.35108,54.1948],[63.35148,54.19407],[63.35083,54.19405],[63.35045,54.19391],[63.35026,54.19371],[63.35019,54.19347],[63.34997,54.19326],[63.34963,54.19314],[63.34922,54.19321],[63.34884,54.1934],[63.34861,54.19368],[63.34837,54.19386],[63.3479,54.19396],[63.34726,54.19415],[63.34696,54.19439],[63.34692,54.19465],[63.34687,54.19488],[63.34652,54.19502],[63.34607,54.19495],[63.34585,54.19473],[63.34548,54.19459],[63.34501,54.19445],[63.3442,54.19436],[63.3437,54.19442],[63.34314,54.1946],[63.34255,54.1948],[63.34214,54.19497],[63.34161,54.19494],[63.34103,54.19488],[63.34052,54.19506],[63.3401,54.19531],[63.3399,54.19562],[63.33992,54.19588],[63.34015,54.19612],[63.34057,54.19634],[63.34137,54.19656],[63.34217,54.19695],[63.34245,54.19726],[63.34255,54.19752],[63.34245,54.19778],[63.34226,54.19803],[63.34185,54.1981],[63.34148,54.19803],[63.34107,54.19785],[63.34077,54.19754],[63.34049,54.19724],[63.3404,54.19694],[63.34033,54.19671],[63.33992,54.1965],[63.33944,54.19651],[63.33875,54.19681],[63.33861,54.19718],[63.33845,54.19743],[63.33796,54.19756],[63.33737,54.19782],[63.33727,54.19811],[63.33754,54.1983],[63.33791,54.19835],[63.33825,54.19819],[63.33861,54.19803],[63.33915,54.19802],[63.33947,54.19816],[63.33961,54.19838],[63.33961,54.1986],[63.33952,54.19882],[63.33929,54.19901],[63.33889,54.19911],[63.33825,54.19908],[63.33778,54.19902],[63.33733,54.19904],[63.33685,54.19912],[63.33642,54.19937],[63.33643,54.1996],[63.33676,54.1998],[63.33705,54.20003],[63.33722,54.2004],[63.33724,54.20059],[63.33714,54.20078],[63.33671,54.20085],[63.33631,54.20076],[63.3358,54.20067],[63.33535,54.20075],[63.33506,54.20081],[63.3348,54.20067],[63.33488,54.20047],[63.33474,54.20033],[63.33438,54.20032],[63.33398,54.20043],[63.33398,54.20075],[63.33346,54.20081],[63.33308,54.20086],[63.33243,54.20108],[63.33155,54.20112],[63.33095,54.20123],[63.33069,54.20146],[63.33049,54.20181],[63.33021,54.20193],[63.32978,54.20196],[63.32924,54.20197],[63.32867,54.20194],[63.32793,54.20208],[63.32699,54.20209],[63.3266,54.20184],[63.32657,54.20145],[63.32648,54.2011],[63.32591,54.20044],[63.32534,54.20026],[63.32481,54.20018],[63.32432,54.20014],[63.32395,54.19992],[63.32347,54.19984],[63.3229,54.19978],[63.3219,54.19977],[63.32119,54.19982],[63.32062,54.19966],[63.3202,54.19939],[63.32011,54.199],[63.31974,54.19837],[63.31931,54.19815],[63.31888,54.19805],[63.31838,54.19798],[63.31806,54.19792],[63.31774,54.19773],[63.3175,54.19762],[63.31692,54.19767],[63.31701,54.19789],[63.31669,54.19812],[63.31633,54.19814],[63.31598,54.19798],[63.31589,54.1978],[63.31545,54.19784],[63.31516,54.19805],[63.31515,54.19845],[63.31466,54.1987],[63.31416,54.19862],[63.31395,54.19822],[63.31353,54.19786],[63.31261,54.19742],[63.31287,54.19716],[63.31252,54.19683],[63.3128,54.19653],[63.31376,54.1964],[63.31412,54.19606],[63.31412,54.19556],[63.31334,54.1954],[63.31195,54.19554],[63.31113,54.19563],[63.31045,54.19551],[63.30939,54.19559],[63.30831,54.19551],[63.30725,54.19567],[63.30628,54.19671],[63.30525,54.19664],[63.30428,54.19631],[63.30412,54.19584],[63.30431,54.19533],[63.30365,54.19497],[63.30278,54.19492],[63.30221,54.19525],[63.30196,54.19579],[63.30158,54.19616],[63.30054,54.19607],[63.29953,54.19634],[63.29836,54.19689],[63.29734,54.19689],[63.29669,54.19658],[63.29546,54.19585],[63.294,54.19565],[63.29295,54.19581],[63.29257,54.19566],[63.29208,54.19528],[63.29083,54.19504],[63.28975,54.19515],[63.28902,54.19552],[63.28833,54.1961],[63.28779,54.19628],[63.28641,54.19636],[63.28572,54.19616],[63.28504,54.1957],[63.28435,54.19558],[63.28375,54.19559],[63.28364,54.19539],[63.28367,54.19523],[63.2833,54.19501],[63.28226,54.19501],[63.28179,54.19491],[63.28147,54.19511],[63.2815,54.19535],[63.28193,54.19551],[63.28235,54.19533],[63.28269,54.19533],[63.28304,54.19555],[63.28313,54.19589],[63.28283,54.19614],[63.28232,54.19623],[63.28187,54.19607],[63.28149,54.19588],[63.2808,54.1957],[63.28087,54.19548],[63.28105,54.19526],[63.28091,54.19502],[63.28059,54.19486],[63.28008,54.19489],[63.27968,54.19508],[63.27965,54.19541],[63.27939,54.19556],[63.27877,54.19563],[63.27834,54.19561],[63.27779,54.19604],[63.27784,54.19645],[63.27801,54.19671],[63.27844,54.1968],[63.27886,54.19663],[63.2793,54.19668],[63.27966,54.19684],[63.27969,54.19707],[63.2796,54.1973],[63.27962,54.19753],[63.27933,54.1977],[63.27877,54.19765],[63.27843,54.19751],[63.27814,54.1973],[63.27797,54.19705],[63.27766,54.19693],[63.27703,54.19693],[63.27647,54.19667],[63.27627,54.19645],[63.27545,54.19629],[63.27447,54.19527],[63.2735,54.19437],[63.27349,54.194],[63.2732,54.1937],[63.27268,54.19347],[63.27164,54.19331],[63.27137,54.19299],[63.27103,54.19269],[63.2705,54.19254],[63.26907,54.19276],[63.26865,54.19292],[63.26876,54.19337],[63.26825,54.19366],[63.26765,54.19358],[63.26769,54.19324],[63.26772,54.19282],[63.26706,54.19268],[63.26612,54.19272],[63.26539,54.193],[63.26541,54.19349],[63.26567,54.19375],[63.26622,54.19373],[63.26646,54.19397],[63.26618,54.19431],[63.26556,54.19447],[63.26486,54.19441],[63.26394,54.19391],[63.26355,54.19379],[63.26392,54.19344],[63.26388,54.19311],[63.26284,54.19306],[63.26233,54.19305],[63.26279,54.19266],[63.26365,54.1924],[63.26407,54.19232],[63.26435,54.19263],[63.26489,54.19256],[63.26518,54.19217],[63.2649,54.19181],[63.26459,54.19183],[63.26429,54.19202],[63.26382,54.19198],[63.26335,54.19163],[63.26334,54.19135],[63.26344,54.19095],[63.26296,54.1907],[63.2624,54.19067],[63.26207,54.19078],[63.26224,54.1913],[63.26204,54.19163],[63.2615,54.19163],[63.26135,54.1914],[63.26103,54.19129],[63.26049,54.19137],[63.2604,54.19175],[63.26043,54.19204],[63.26014,54.19221],[63.26025,54.1925],[63.25989,54.19284],[63.2593,54.19268],[63.25933,54.19245],[63.25915,54.19219],[63.25847,54.19189],[63.25813,54.19163],[63.25769,54.19174],[63.25765,54.19199],[63.25736,54.19226],[63.25674,54.19219],[63.25656,54.19196],[63.25647,54.19169],[63.25606,54.19141],[63.25557,54.19122],[63.25491,54.19108],[63.25451,54.19127],[63.25456,54.19159],[63.25438,54.19192],[63.25408,54.1921],[63.25378,54.19196],[63.2537,54.19172],[63.2534,54.19152],[63.25305,54.19142],[63.25214,54.19136],[63.25134,54.19145],[63.25107,54.19171],[63.25064,54.19172],[63.2504,54.19156],[63.24988,54.19155],[63.2494,54.19172],[63.24908,54.19205],[63.24905,54.19232],[63.2498,54.19325],[63.25018,54.19342],[63.25025,54.19368],[63.25004,54.1939],[63.24961,54.19387],[63.24911,54.19374],[63.24843,54.19396],[63.24839,54.1943],[63.24863,54.19448],[63.24851,54.19481],[63.24786,54.19492],[63.24751,54.19479],[63.24644,54.19505],[63.24658,54.19529],[63.24696,54.19546],[63.24697,54.19579],[63.24672,54.19626],[63.24635,54.19669],[63.24557,54.19681],[63.24473,54.19675],[63.24453,54.19647],[63.24447,54.19617],[63.24474,54.19595],[63.24518,54.19572],[63.24533,54.1953],[63.245,54.19483],[63.2444,54.19465],[63.24382,54.19461],[63.243,54.1948],[63.24267,54.19476],[63.2425,54.19454],[63.24173,54.19445],[63.24133,54.19461],[63.24128,54.19485],[63.24163,54.19505],[63.24208,54.19525],[63.24274,54.19599],[63.24276,54.19623],[63.24239,54.19635],[63.24205,54.19623],[63.24148,54.19594],[63.24149,54.19567],[63.2413,54.19543],[63.24086,54.19523],[63.24009,54.1953],[63.23988,54.19562],[63.23997,54.19592],[63.23953,54.19604],[63.23908,54.19596],[63.23875,54.19611],[63.23873,54.19647],[63.23844,54.19683],[63.23804,54.19705],[63.23755,54.19683],[63.23703,54.19661],[63.23687,54.19625],[63.23713,54.19607],[63.2375,54.19592],[63.23814,54.19585],[63.23877,54.19557],[63.23891,54.19519],[63.23866,54.19491],[63.23814,54.1948],[63.23748,54.19485],[63.2372,54.19505],[63.23708,54.19527],[63.23661,54.19522],[63.23635,54.19497],[63.23581,54.19487],[63.23454,54.1948],[63.23364,54.19482],[63.23329,54.19474],[63.23303,54.19451],[63.23188,54.19431],[63.23116,54.19434],[63.23083,54.19466],[63.23089,54.19505],[63.23139,54.19521],[63.23207,54.19521],[63.23246,54.19534],[63.23294,54.19532],[63.23341,54.19545],[63.23392,54.1959],[63.23381,54.19624],[63.23343,54.19655],[63.23347,54.19689],[63.23307,54.19724],[63.23232,54.19742],[63.23166,54.19811],[63.23131,54.19837],[63.23082,54.19824],[63.23102,54.19797],[63.23099,54.19704],[63.23059,54.1968],[63.22948,54.19647],[63.22892,54.19617],[63.22792,54.19598],[63.22749,54.19573],[63.22739,54.19551],[63.22653,54.19531],[63.22647,54.195],[63.22589,54.19484],[63.22525,54.19486],[63.22504,54.19508],[63.22502,54.19541],[63.22541,54.19564],[63.22541,54.19597],[63.22589,54.19659],[63.22585,54.19688],[63.22519,54.19714],[63.22468,54.19756],[63.2243,54.19762],[63.22406,54.19739],[63.22432,54.19694],[63.22412,54.19652],[63.22363,54.19636],[63.22295,54.19639],[63.22254,54.19555],[63.22205,54.19538],[63.2219,54.19482],[63.22129,54.19444],[63.2209,54.19421],[63.22022,54.19416],[63.21988,54.19395],[63.22001,54.19368],[63.22045,54.19357],[63.22035,54.19322],[63.22,54.19259],[63.21994,54.19219],[63.22052,54.19194],[63.22112,54.19219],[63.22143,54.19255],[63.22163,54.19288],[63.22218,54.19303],[63.22282,54.19289],[63.22321,54.19267],[63.22351,54.19236],[63.22355,54.19204],[63.22334,54.19169],[63.22356,54.19146],[63.22402,54.19124],[63.22486,54.1913],[63.2253,54.19104],[63.22521,54.19075],[63.2248,54.19038],[63.22415,54.19032],[63.22379,54.19052],[63.2231,54.1909],[63.22254,54.19111],[63.22213,54.19138],[63.22153,54.19155],[63.22096,54.1914],[63.22072,54.19107],[63.22073,54.19073],[63.22126,54.19045],[63.22182,54.19039],[63.22242,54.1905],[63.22299,54.19037],[63.22371,54.18992],[63.2237,54.18953],[63.22311,54.18913],[63.22216,54.1889],[63.22004,54.18839],[63.21685,54.18788],[63.21527,54.18778],[63.21512,54.18796],[63.2154,54.18821],[63.21546,54.18856],[63.21518,54.18889],[63.2147,54.18883],[63.21355,54.18856],[63.21196,54.18771],[63.21067,54.18745],[63.2094,54.18721],[63.20896,54.18689],[63.20584,54.1858],[63.20411,54.18616],[63.20314,54.18625],[63.20208,54.1862],[63.20117,54.18599],[63.20049,54.18625],[63.20029,54.18671],[63.20073,54.18685],[63.2013,54.18693],[63.20158,54.18718],[63.2017,54.18749],[63.20121,54.18815],[63.20094,54.18856],[63.20055,54.18885],[63.19997,54.18884],[63.19959,54.18869],[63.19904,54.18834],[63.19884,54.18781],[63.19887,54.18714],[63.19878,54.18662],[63.19842,54.18613],[63.19767,54.18594],[63.19684,54.18587],[63.19598,54.18589],[63.19547,54.1859],[63.19492,54.1861],[63.19411,54.18637],[63.19306,54.18645],[63.19148,54.18627],[63.18962,54.18627],[63.18852,54.18665],[63.18741,54.18644],[63.1864,54.1861],[63.18585,54.18641],[63.18566,54.18693],[63.18562,54.18782],[63.18461,54.18869],[63.18388,54.18904],[63.18329,54.18908],[63.18292,54.18949],[63.18346,54.18982],[63.18353,54.19025],[63.18306,54.19066],[63.18247,54.19084],[63.18231,54.19101],[63.18251,54.19127],[63.18249,54.19154],[63.18213,54.19181],[63.18155,54.19209],[63.18099,54.19214],[63.18043,54.19216],[63.18015,54.19197],[63.1802,54.19178],[63.18048,54.19152],[63.18058,54.19109],[63.1804,54.19068],[63.1801,54.19047],[63.17967,54.19054],[63.17919,54.19072],[63.17816,54.19151],[63.17825,54.19185],[63.17816,54.19223],[63.17751,54.19256],[63.17693,54.19262],[63.17662,54.1924],[63.17673,54.19207],[63.17679,54.19165],[63.17671,54.19135],[63.1765,54.19121],[63.17614,54.19117],[63.17568,54.19131],[63.17545,54.19176],[63.17528,54.19209],[63.17473,54.19235],[63.17331,54.19277],[63.17245,54.19322],[63.17179,54.19352],[63.17118,54.19366],[63.1706,54.19363],[63.17003,54.1934],[63.16931,54.19287],[63.16832,54.19183],[63.16746,54.1913],[63.1666,54.19107],[63.16494,54.19087],[63.16307,54.1909],[63.16196,54.19078],[63.161,54.19053],[63.16018,54.19071],[63.1597,54.19078],[63.15936,54.19064],[63.15894,54.19039],[63.15787,54.18949],[63.15745,54.18852],[63.15699,54.18777],[63.15572,54.18662],[63.15519,54.18589],[63.1542,54.18449],[63.15416,54.18405],[63.15327,54.1835],[63.15197,54.18316],[63.151,54.18263],[63.15085,54.1821],[63.151,54.18153],[63.15227,54.18017],[63.15253,54.1793],[63.15354,54.17923],[63.15422,54.17956],[63.15493,54.17999],[63.15575,54.17996],[63.15611,54.17971],[63.15601,54.17937],[63.15519,54.17934],[63.15446,54.17893],[63.15441,54.17845],[63.15493,54.17757],[63.15578,54.17724],[63.15625,54.17725],[63.15693,54.17684],[63.15677,54.17634],[63.15613,54.17593],[63.15505,54.17568],[63.15303,54.17284],[63.15251,54.17092],[63.15107,54.16637],[63.15025,54.16382],[63.15032,54.16305],[63.15128,54.16272],[63.15265,54.16298],[63.15305,54.1633],[63.15269,54.16357],[63.15241,54.16394],[63.15276,54.16419],[63.15319,54.16433],[63.15387,54.16425],[63.15479,54.16398],[63.15516,54.16368],[63.15507,54.16314],[63.15491,54.16258],[63.15512,54.16215],[63.1558,54.16207],[63.15625,54.16255],[63.157,54.16272],[63.15785,54.16265],[63.15808,54.1624],[63.1581,54.16193],[63.15825,54.16146],[63.15846,54.1612],[63.15902,54.16106],[63.15966,54.16101],[63.16027,54.16073],[63.16057,54.16013],[63.16032,54.15952],[63.15961,54.15827],[63.15975,54.15792],[63.16034,54.15768],[63.16163,54.15747],[63.16184,54.15724],[63.16246,54.15713],[63.16276,54.15725],[63.16276,54.15758],[63.16246,54.15798],[63.16276,54.15827],[63.16321,54.1583],[63.16375,54.15825],[63.16417,54.15798],[63.16429,54.15755],[63.16439,54.15708],[63.1645,54.15617],[63.16528,54.15572],[63.16566,54.15528],[63.16544,54.15484],[63.16474,54.15456],[63.16462,54.15405],[63.16493,54.15368],[63.16547,54.15345],[63.16641,54.15341],[63.16728,54.15349],[63.16836,54.15342],[63.16886,54.15324],[63.16907,54.15301],[63.16888,54.15248],[63.16857,54.15215],[63.16768,54.15174],[63.16735,54.15124],[63.16716,54.15082],[63.16669,54.15065],[63.16608,54.1505],[63.16446,54.1504],[63.16349,54.15039],[63.16304,54.15055],[63.16279,54.1508],[63.16224,54.15069],[63.16173,54.15003],[63.1618,54.14929],[63.16243,54.14885],[63.1633,54.14821],[63.16382,54.14803],[63.16432,54.14777],[63.16436,54.14729],[63.16392,54.14693],[63.16307,54.14642],[63.16319,54.14598],[63.16279,54.14559],[63.16213,54.1454],[63.16135,54.14558],[63.16029,54.14595],[63.16015,54.1463],[63.15961,54.14641],[63.15907,54.14624],[63.15907,54.14595],[63.15933,54.14565],[63.15909,54.14464],[63.15836,54.14404],[63.15719,54.1435],[63.15655,54.14338],[63.15608,54.14305],[63.15599,54.14274],[63.15648,54.14252],[63.1574,54.14231],[63.15999,54.14161],[63.16032,54.14139],[63.16028,54.1409],[63.16075,54.13963],[63.16046,54.13931],[63.1595,54.13926],[63.15906,54.13939],[63.15884,54.14008],[63.15936,54.14053],[63.15906,54.14114],[63.15803,54.14135],[63.15704,54.14197],[63.15646,54.14194],[63.15627,54.14162],[63.15672,54.14133],[63.15672,54.14094],[63.15638,54.14077],[63.1558,54.14079],[63.15546,54.14104],[63.1555,54.14136],[63.15493,54.14137],[63.15431,54.14113],[63.15401,54.14076],[63.15401,54.1404],[63.15437,54.14025],[63.15441,54.13986],[63.15401,54.13958],[63.15401,54.13926],[63.15444,54.13887],[63.15512,54.13883],[63.15555,54.13897],[63.15655,54.1387],[63.15663,54.13834],[63.1564,54.13784],[63.15557,54.13725],[63.1549,54.1371],[63.15476,54.13657],[63.15533,54.13647],[63.15587,54.13665],[63.15634,54.13708],[63.1571,54.13725],[63.1577,54.13723],[63.15808,54.13699],[63.15821,54.13662],[63.15787,54.13633],[63.15736,54.13612],[63.15674,54.13615],[63.15602,54.13609],[63.15563,54.13567],[63.1557,54.13521],[63.15572,54.13481],[63.15544,54.13451],[63.15552,54.13413],[63.15655,54.13402],[63.15706,54.13373],[63.1572,54.1333],[63.15692,54.13288],[63.15711,54.13245],[63.15774,54.13223],[63.15824,54.13234],[63.15878,54.13219],[63.15836,54.13139],[63.15838,54.13068],[63.15843,54.12975],[63.15739,54.12896],[63.15624,54.12816],[63.15593,54.12738],[63.1556,54.12662],[63.15492,54.12634],[63.15412,54.12516],[63.15304,54.12434],[63.15252,54.12361],[63.15175,54.12289],[63.15078,54.12252],[63.14914,54.12218],[63.14812,54.12238],[63.14704,54.12289],[63.14704,54.12317],[63.14598,54.1236],[63.14575,54.12385],[63.14492,54.12356],[63.14445,54.12316],[63.14403,54.12276],[63.14387,54.12226],[63.1434,54.12194],[63.14238,54.12211],[63.1418,54.12241],[63.14137,54.12261],[63.14095,54.12245],[63.14015,54.12251],[63.14003,54.123],[63.13907,54.12343],[63.13855,54.12342],[63.13846,54.12313],[63.13864,54.12289],[63.13831,54.12252],[63.13763,54.12211],[63.13714,54.12204],[63.13667,54.12234],[63.1365,54.12285],[63.13629,54.1231],[63.13584,54.1232],[63.13537,54.123],[63.13464,54.12303],[63.13424,54.12329],[63.13403,54.1236],[63.1334,54.12363],[63.13295,54.12324],[63.13217,54.12316],[63.13236,54.12283],[63.13286,54.12259],[63.13286,54.12201],[63.13314,54.12174],[63.13297,54.12132],[63.13234,54.12116],[63.13201,54.12149],[63.13166,54.12174],[63.13114,54.12183],[63.13088,54.12223],[63.13025,54.12237],[63.12977,54.12233],[63.1297,54.12207],[63.12999,54.12179],[63.1297,54.1216],[63.12916,54.12164],[63.12846,54.12154],[63.12815,54.12134],[63.1272,54.12149],[63.12684,54.12127],[63.12703,54.12095],[63.12735,54.12077],[63.12742,54.12049],[63.12689,54.12006],[63.12695,54.11968],[63.12729,54.11943],[63.12721,54.11894],[63.12704,54.11856],[63.12663,54.11841],[63.12586,54.11846],[63.1249,54.11907],[63.12403,54.11918],[63.12366,54.11961],[63.12366,54.12003],[63.12312,54.12074],[63.12338,54.12103],[63.12328,54.12142],[63.12267,54.12172],[63.12199,54.12165],[63.12154,54.12147],[63.12126,54.12085],[63.12135,54.12036],[63.1218,54.1199],[63.12225,54.11957],[63.12241,54.11925],[63.123,54.11899],[63.12293,54.11848],[63.12258,54.11799],[63.1221,54.1176],[63.12114,54.11764],[63.12048,54.11801],[63.12018,54.11836],[63.1198,54.1187],[63.11963,54.11907],[63.11914,54.11918],[63.11865,54.11935],[63.11719,54.11921],[63.11669,54.11912],[63.11615,54.11952],[63.11596,54.11913],[63.11594,54.11873],[63.11533,54.11826],[63.11477,54.11821],[63.11415,54.11776],[63.11378,54.11753],[63.11312,54.11732],[63.11244,54.1173],[63.11154,54.11738],[63.11072,54.11721],[63.11025,54.11692],[63.11065,54.11665],[63.11112,54.11654],[63.11135,54.11622],[63.1111,54.11582],[63.11013,54.11556],[63.10928,54.11548],[63.10841,54.11572],[63.10837,54.11617],[63.10855,54.11654],[63.1082,54.11698],[63.10754,54.11712],[63.10667,54.11702],[63.10641,54.11651],[63.10554,54.11617],[63.10493,54.11592],[63.1046,54.11559],[63.10401,54.11549],[63.10333,54.1156],[63.103,54.11596],[63.10202,54.11612],[63.10143,54.1159],[63.10089,54.11575],[63.10077,54.11535],[63.1014,54.11513],[63.10169,54.1148],[63.10154,54.11428],[63.10171,54.11389],[63.10157,54.1135],[63.10105,54.11323],[63.10027,54.11328],[63.09985,54.11315],[63.09999,54.1128],[63.1002,54.11237],[63.09973,54.11182],[63.09933,54.11152],[63.09849,54.11138],[63.09762,54.11172],[63.09668,54.11177],[63.09562,54.11175],[63.09442,54.11207],[63.09364,54.11217],[63.09298,54.11186],[63.09312,54.11146],[63.09333,54.11104],[63.0931,54.11048],[63.09204,54.11035],[63.08957,54.1103],[63.0888,54.10983],[63.08898,54.1094],[63.09008,54.10936],[63.09115,54.10903],[63.09269,54.10847],[63.09306,54.10804],[63.09177,54.1078],[63.08891,54.1075],[63.08762,54.10701],[63.08641,54.10621],[63.08317,54.10526],[63.0813,54.10436],[63.07957,54.10412],[63.07799,54.10423],[63.07674,54.10455],[63.07571,54.10531],[63.07402,54.1055],[63.0719,54.10528],[63.07068,54.10463],[63.07,54.10418],[63.06957,54.10341],[63.06892,54.10287],[63.05564,54.10109],[63.05288,54.10104],[63.05121,54.10069],[63.04991,54.10076],[63.04774,54.10107],[63.0465,54.10124],[63.04483,54.10136],[63.04245,54.10138],[63.04118,54.10186],[63.03992,54.10214],[63.03936,54.10305],[63.03867,54.10359],[63.03782,54.10353],[63.03697,54.10309],[63.03604,54.10273],[63.03451,54.10275],[63.0335,54.10293],[63.0326,54.10319],[63.03084,54.10411],[63.02992,54.10472],[63.02889,54.10504],[63.02677,54.10523],[63.02435,54.1053],[63.02304,54.10572],[63.02207,54.10565],[63.02125,54.10624],[63.02043,54.10644],[63.01954,54.10636],[63.01863,54.1066],[63.01757,54.10705],[63.01707,54.10715],[63.01704,54.10731],[63.01724,54.10752],[63.01704,54.10774],[63.01668,54.10779],[63.01625,54.10773],[63.01594,54.10761],[63.01564,54.10768],[63.01561,54.10788],[63.01536,54.10807],[63.01485,54.10804],[63.0147,54.10787],[63.01466,54.10763],[63.01444,54.10742],[63.01394,54.10734],[63.01336,54.10734],[63.01296,54.10724],[63.01229,54.10728],[63.01188,54.10749],[63.01187,54.10779],[63.01204,54.10802],[63.01248,54.10841],[63.0121,54.10873],[63.01093,54.1088],[63.00966,54.10851],[63.00928,54.10813],[63.0093,54.10778],[63.00923,54.10735],[63.00966,54.10711],[63.01041,54.10718],[63.01112,54.10717],[63.01149,54.10689],[63.01208,54.10629],[63.01215,54.10591],[63.01182,54.10558],[63.01112,54.10538],[63.00999,54.10553],[63.00862,54.106],[63.00792,54.10644],[63.00752,54.10653],[63.00716,54.10685],[63.00747,54.10717],[63.00747,54.10754],[63.0073,54.10786],[63.007,54.10816],[63.00641,54.1084],[63.00573,54.10838],[63.00519,54.10833],[63.00474,54.10851],[63.00418,54.10873],[63.00354,54.1088],[63.00298,54.10874],[63.00243,54.10852],[63.00218,54.10815],[63.00232,54.10783],[63.00293,54.10736],[63.00272,54.10684],[63.00194,54.1066],[63.00095,54.10638],[62.99995,54.10619],[62.99931,54.10619],[62.99891,54.1064],[62.99875,54.10672],[62.99797,54.1067],[62.99755,54.10632],[62.99724,54.10597],[62.99656,54.10536],[62.99557,54.10523],[62.99461,54.10531],[62.99442,54.10547],[62.99468,54.1056],[62.99465,54.10579],[62.99414,54.10615],[62.99454,54.10648],[62.9946,54.10677],[62.99438,54.10699],[62.994,54.10693],[62.99366,54.10679],[62.9936,54.10655],[62.99334,54.10638],[62.99281,54.10628],[62.99232,54.10595],[62.99223,54.10565],[62.99174,54.10537],[62.99121,54.10548],[62.99121,54.10579],[62.99153,54.10605],[62.99153,54.10636],[62.99123,54.10659],[62.99071,54.10674],[62.99012,54.10672],[62.9896,54.10648],[62.9892,54.10619],[62.98805,54.10558],[62.98786,54.10535],[62.98754,54.10521],[62.98739,54.10544],[62.98766,54.10568],[62.98754,54.10595],[62.9873,54.10622],[62.98679,54.10639],[62.98662,54.10677],[62.9869,54.10695],[62.98696,54.10727],[62.98634,54.10742],[62.98595,54.10765],[62.98596,54.10803],[62.98596,54.10825],[62.98556,54.10818],[62.98511,54.10825],[62.98507,54.10794],[62.9847,54.10777],[62.98413,54.10769],[62.98351,54.1076],[62.98281,54.10767],[62.98233,54.10789],[62.98214,54.10815],[62.98185,54.10837],[62.98144,54.10837],[62.98091,54.10834],[62.98041,54.10852],[62.98041,54.10889],[62.98024,54.1093],[62.98067,54.11014],[62.98069,54.11053],[62.97997,54.11082],[62.9792,54.11106],[62.97807,54.1115],[62.97724,54.11119],[62.97682,54.11128],[62.97585,54.11159],[62.97513,54.11147],[62.97519,54.11116],[62.9744,54.11061],[62.97338,54.11066],[62.97278,54.11049],[62.9721,54.11018],[62.9718,54.10973],[62.9712,54.10915],[62.9705,54.10889],[62.96941,54.10848],[62.96899,54.10795],[62.96751,54.1082],[62.9668,54.10816],[62.96574,54.10765],[62.96246,54.10739],[62.9601,54.10827],[62.95903,54.10806],[62.95686,54.10842],[62.95624,54.10887],[62.95628,54.10965],[62.95546,54.11011],[62.95534,54.11064],[62.95448,54.11073],[62.95348,54.11034],[62.9517,54.11032],[62.95127,54.11072],[62.95141,54.11109],[62.95198,54.11124],[62.95359,54.11113],[62.95389,54.11161],[62.95349,54.11236],[62.95279,54.1126],[62.95263,54.11318],[62.95172,54.11327],[62.95138,54.11283],[62.95032,54.11272],[62.94993,54.11315],[62.94865,54.11374],[62.94811,54.11362],[62.9483,54.11274],[62.94765,54.11257],[62.94716,54.11294],[62.94662,54.11291],[62.94632,54.11251],[62.9455,54.1124],[62.94442,54.11285],[62.94254,54.11268],[62.94292,54.11345],[62.94188,54.11395],[62.94161,54.11464],[62.94001,54.11565],[62.93749,54.11631],[62.93617,54.11639],[62.93397,54.11582],[62.93322,54.1162],[62.93307,54.11689],[62.93218,54.11697],[62.93038,54.11616],[62.93025,54.11552],[62.93155,54.11519],[62.9317,54.11473],[62.93046,54.11366],[62.92914,54.11297],[62.92774,54.11343],[62.92764,54.11379],[62.92727,54.11396],[62.92558,54.11359],[62.92472,54.1139],[62.9247,54.1143],[62.92561,54.11508],[62.92645,54.11512],[62.92701,54.11548],[62.9269,54.11588],[62.92632,54.11603],[62.92526,54.11575],[62.92435,54.11475],[62.92233,54.11485],[62.92162,54.11465],[62.92038,54.11472],[62.91993,54.11515],[62.92025,54.1155],[62.92162,54.11567],[62.92195,54.11617],[62.92147,54.11653],[62.92175,54.11701],[62.92381,54.11811],[62.92388,54.11866],[62.92315,54.11884],[62.92163,54.11869],[62.92061,54.11885],[62.92008,54.11883],[62.91929,54.11791],[62.91808,54.11783],[62.91683,54.11818],[62.91634,54.11893],[62.91561,54.1192],[62.91505,54.1189],[62.91518,54.11792],[62.91356,54.11644],[62.91186,54.11628],[62.91129,54.11671],[62.91129,54.11766],[62.91028,54.11792],[62.90818,54.1178],[62.90749,54.11749],[62.90731,54.11641],[62.90625,54.11555],[62.9048,54.11537],[62.90442,54.11585],[62.90606,54.11724],[62.90577,54.11768],[62.905,54.1179],[62.90389,54.11755],[62.90261,54.11772],[62.8998,54.11696],[62.89909,54.11639],[62.89802,54.11603],[62.8984,54.11555],[62.90115,54.11616],[62.90167,54.11586],[62.90046,54.11403],[62.90119,54.11301],[62.90061,54.11255],[62.89955,54.11253],[62.89632,54.11465],[62.89398,54.115],[62.89377,54.11598],[62.89196,54.11736],[62.88962,54.11741],[62.88806,54.11749],[62.8865,54.11852],[62.8825,54.11857],[62.87873,54.11846],[62.87694,54.11873],[62.87597,54.11844],[62.87639,54.1176],[62.8762,54.11682],[62.87496,54.11596],[62.87414,54.11542],[62.87395,54.11437],[62.87313,54.11359],[62.87156,54.1137],[62.87042,54.11475],[62.86945,54.11459],[62.86835,54.11399],[62.86761,54.11445],[62.8677,54.11526],[62.8666,54.11596],[62.86476,54.11628],[62.86118,54.11731],[62.85902,54.11771],[62.8576,54.1172],[62.85695,54.11585],[62.85466,54.11477],[62.85273,54.11526],[62.84566,54.11609],[62.843,54.11614],[62.84121,54.11538],[62.84042,54.11382],[62.83798,54.11374],[62.83597,54.11319],[62.83417,54.11328],[62.83267,54.11349],[62.83051,54.1134],[62.82814,54.11416],[62.82613,54.11504],[62.82348,54.11534],[62.8224,54.11483],[62.82262,54.11391],[62.8214,54.11302],[62.81896,54.11281],[62.81666,54.11218],[62.814,54.11121],[62.81242,54.1114],[62.81143,54.11194],[62.80996,54.11196],[62.80794,54.11183],[62.80606,54.11181],[62.80558,54.11127],[62.80569,54.11056],[62.80647,54.11017],[62.80731,54.10967],[62.80797,54.10886],[62.80779,54.10836],[62.80742,54.10799],[62.80456,54.10783],[62.8035,54.10691],[62.80359,54.10629],[62.80281,54.10519],[62.80291,54.10487],[62.80212,54.10468],[62.80212,54.10422],[62.80249,54.10371],[62.80187,54.10349],[62.80128,54.10377],[62.80047,54.1033],[62.79933,54.10321],[62.7986,54.10375],[62.79779,54.10375],[62.79782,54.10341],[62.79856,54.10308],[62.79878,54.10252],[62.79819,54.10244],[62.79724,54.10295],[62.79628,54.1028],[62.79668,54.10177],[62.79771,54.10209],[62.79821,54.10195],[62.79824,54.10145],[62.79857,54.10083],[62.7983,54.10044],[62.7978,54.10035],[62.79757,54.10061],[62.79692,54.10042],[62.7966,54.09997],[62.79615,54.09969],[62.79548,54.09978],[62.79518,54.10013],[62.79539,54.10045],[62.79489,54.10073],[62.79427,54.10083],[62.79377,54.10073],[62.79392,54.10031],[62.79442,54.10018],[62.79454,54.09985],[62.79398,54.0998],[62.79386,54.09949],[62.79421,54.09918],[62.79404,54.09876],[62.79348,54.09854],[62.79313,54.09888],[62.7926,54.09899],[62.79221,54.09885],[62.79183,54.0983],[62.79142,54.09821],[62.79074,54.09833],[62.79024,54.09826],[62.7906,54.09788],[62.79071,54.0975],[62.79019,54.09709],[62.78924,54.09692],[62.7886,54.09711],[62.78863,54.09752],[62.78913,54.09787],[62.78892,54.09831],[62.78839,54.09869],[62.78757,54.09861],[62.78707,54.09837],[62.78633,54.09847],[62.78583,54.09826],[62.78595,54.09797],[62.78675,54.09787],[62.78689,54.09757],[62.7868,54.09704],[62.7866,54.09666],[62.78583,54.09688],[62.7853,54.0968],[62.78498,54.09638],[62.78439,54.09602],[62.78372,54.09588],[62.78316,54.09604],[62.78328,54.09633],[62.78389,54.09654],[62.7843,54.09694],[62.78419,54.09726],[62.78339,54.09752],[62.78313,54.0973],[62.7833,54.09694],[62.78278,54.09673],[62.78225,54.0968],[62.78231,54.09721],[62.78189,54.0975],[62.78122,54.09747],[62.78031,54.09709],[62.78036,54.09671],[62.78016,54.09635],[62.77907,54.09583],[62.77881,54.09549],[62.77886,54.09518],[62.77872,54.09475],[62.77798,54.09459],[62.77737,54.09476],[62.77675,54.095],[62.77698,54.09578],[62.77672,54.09609],[62.77628,54.09602],[62.77607,54.09556],[62.77581,54.09531],[62.7751,54.09535],[62.77431,54.09569],[62.7741,54.09607],[62.77354,54.09614],[62.77281,54.09593],[62.77175,54.09578],[62.77137,54.09552],[62.77137,54.09525],[62.77178,54.09499],[62.77157,54.09447],[62.77072,54.09416],[62.76975,54.09406],[62.76863,54.09399],[62.76798,54.09371],[62.7676,54.09328],[62.7664,54.09306],[62.76596,54.09264],[62.76528,54.09243],[62.76457,54.09249],[62.7639,54.09268],[62.76316,54.09261],[62.76281,54.09288],[62.76193,54.0928],[62.76107,54.09278],[62.76069,54.09307],[62.76116,54.09333],[62.76166,54.09335],[62.76205,54.09319],[62.76284,54.09335],[62.7634,54.09362],[62.7636,54.09392],[62.76334,54.09423],[62.76278,54.09443],[62.76122,54.09461],[62.76022,54.09485],[62.75952,54.09495],[62.75925,54.09464],[62.75931,54.09443],[62.75887,54.09414],[62.75837,54.09447],[62.75863,54.09476],[62.75834,54.09507],[62.75775,54.09514],[62.75728,54.09488],[62.75665,54.0944],[62.75536,54.09399],[62.75416,54.09404],[62.7535,54.09431],[62.75296,54.09478],[62.75192,54.09491],[62.75068,54.09466],[62.75014,54.09446],[62.74971,54.09442],[62.74884,54.09351],[62.74811,54.09302],[62.74621,54.09239],[62.74562,54.0921],[62.74463,54.0922],[62.7435,54.09184],[62.74298,54.09157],[62.7416,54.09116],[62.74167,54.09156],[62.74153,54.092],[62.74089,54.09211],[62.73971,54.09168],[62.73896,54.09177],[62.73908,54.09222],[62.73934,54.0925],[62.73915,54.09276],[62.7388,54.09284],[62.7388,54.09308],[62.73922,54.09335],[62.73976,54.09359],[62.73971,54.09393],[62.73894,54.09403],[62.73854,54.09378],[62.73856,54.09348],[62.73826,54.09312],[62.73687,54.09289],[62.73677,54.09251],[62.73677,54.09221],[62.73616,54.09195],[62.73546,54.09225],[62.73567,54.09253],[62.73529,54.09283],[62.73532,54.09326],[62.7347,54.09352],[62.73379,54.09352],[62.73292,54.09342],[62.73233,54.09305],[62.7323,54.09275],[62.73183,54.0924],[62.73087,54.09192],[62.72986,54.09162],[62.72878,54.09148],[62.72831,54.09117],[62.72624,54.0908],[62.72593,54.09057],[62.72529,54.09053],[62.72464,54.0908],[62.72395,54.09099],[62.72412,54.09131],[62.72407,54.09159],[62.72457,54.09178],[62.72489,54.09159],[62.72555,54.09153],[62.72579,54.09182],[62.72529,54.09261],[62.72544,54.09287],[62.72591,54.0929],[62.72619,54.09275],[62.72711,54.09293],[62.72755,54.09295],[62.72826,54.09269],[62.72894,54.09272],[62.72911,54.09297],[62.72866,54.09341],[62.72786,54.09367],[62.72612,54.09386],[62.72464,54.09406],[62.72374,54.09428],[62.72264,54.09442],[62.72162,54.09426],[62.72106,54.09381],[62.72101,54.09331],[62.72125,54.09313],[62.72087,54.09235],[62.7204,54.09182],[62.71951,54.09173],[62.71866,54.09167],[62.71686,54.09226],[62.71618,54.09233],[62.71552,54.09283],[62.71453,54.09302],[62.71385,54.09294],[62.71331,54.09327],[62.71309,54.09397],[62.71154,54.09479],[62.71037,54.09491],[62.70971,54.09526],[62.70985,54.09557],[62.70914,54.09579],[62.70912,54.09607],[62.70808,54.09624],[62.70658,54.09589],[62.70627,54.09613],[62.70554,54.09608],[62.70498,54.09584],[62.69541,54.09579],[62.69423,54.0955],[62.69338,54.09494],[62.69253,54.09462],[62.691,54.09455],[62.69038,54.09443],[62.68976,54.09462],[62.6892,54.09435],[62.68929,54.09396],[62.6895,54.09378],[62.68922,54.09348],[62.68823,54.09344],[62.68753,54.09327],[62.68706,54.09294],[62.6864,54.09276],[62.68475,54.09291],[62.68398,54.09273],[62.68329,54.09271],[62.68275,54.09294],[62.68217,54.09276],[62.68195,54.09242],[62.68115,54.09197],[62.68052,54.09219],[62.67979,54.09225],[62.67948,54.09196],[62.67885,54.09156],[62.67866,54.09182],[62.6788,54.09206],[62.6785,54.09233],[62.67805,54.09231],[62.67645,54.09184],[62.67621,54.09138],[62.67556,54.09062],[62.67508,54.09077],[62.6753,54.09122],[62.67494,54.0915],[62.67426,54.09139],[62.67367,54.09102],[62.67294,54.09087],[62.67229,54.09102],[62.67224,54.09146],[62.67189,54.0917],[62.67132,54.09152],[62.67087,54.09091],[62.67022,54.09064],[62.66897,54.0905],[62.66786,54.09068],[62.66742,54.09106],[62.66716,54.09146],[62.66669,54.09173],[62.66612,54.09173],[62.66553,54.09159],[62.66488,54.09174],[62.66457,54.09204],[62.66386,54.09217],[62.66332,54.09218],[62.66281,54.09239],[62.66208,54.09237],[62.66144,54.09213],[62.66111,54.09127],[62.66182,54.09076],[62.66149,54.09035],[62.66151,54.08996],[62.66215,54.08981],[62.66259,54.08974],[62.66297,54.08939],[62.66304,54.08895],[62.66273,54.08872],[62.66172,54.08877],[62.66095,54.08879],[62.66019,54.08861],[62.65998,54.08815],[62.65951,54.0879],[62.65883,54.08778],[62.65909,54.08746],[62.65968,54.08741],[62.65975,54.08702],[62.65951,54.08662],[62.65881,54.08598],[62.65704,54.08516],[62.65594,54.08484],[62.65476,54.08432],[62.65223,54.08357],[62.64969,54.0826],[62.64807,54.08216],[62.64749,54.08196],[62.64701,54.08164],[62.64627,54.08148],[62.64582,54.08099],[62.64538,54.08084],[62.64514,54.08092],[62.64494,54.08134],[62.6453,54.08156],[62.64582,54.08167],[62.64598,54.08188],[62.6457,54.08225],[62.64564,54.08256],[62.64535,54.08293],[62.64473,54.08308],[62.6444,54.08295],[62.64434,54.08262],[62.64449,54.08239],[62.64442,54.08201],[62.64448,54.0818],[62.64411,54.08122],[62.64365,54.0811],[62.64323,54.08113],[62.64294,54.08132],[62.64297,54.08159],[62.64276,54.08193],[62.64226,54.08207],[62.64217,54.08236],[62.64174,54.08276],[62.64177,54.08315],[62.64166,54.08355],[62.64142,54.08379],[62.64038,54.08383],[62.63911,54.08335],[62.63947,54.0826],[62.63924,54.08251],[62.63928,54.08218],[62.63913,54.08196],[62.63855,54.08192],[62.63806,54.08208],[62.63731,54.08195],[62.63682,54.08172],[62.63708,54.08151],[62.63755,54.0817],[62.63802,54.08165],[62.63836,54.08154],[62.63859,54.08121],[62.63855,54.08092],[62.63816,54.08076],[62.63768,54.08095],[62.63726,54.08094],[62.63685,54.08079],[62.63647,54.08053],[62.63583,54.08016],[62.6356,54.07979],[62.6356,54.0795],[62.63515,54.07921],[62.63452,54.07938],[62.63382,54.07927],[62.63336,54.07907],[62.63327,54.07877],[62.63339,54.07843],[62.63306,54.07805],[62.63208,54.0776],[62.6311,54.07689],[62.63029,54.07709],[62.63033,54.07752],[62.63018,54.0778],[62.62949,54.07825],[62.62911,54.07814],[62.62893,54.07774],[62.62884,54.07698],[62.62827,54.07663],[62.62765,54.07658],[62.62723,54.07681],[62.62667,54.07699],[62.62621,54.07702],[62.62592,54.07727],[62.62595,54.07753],[62.62578,54.0778],[62.62551,54.07811],[62.62511,54.0783],[62.62441,54.07817],[62.62419,54.07775],[62.62458,54.07754],[62.62478,54.07731],[62.62487,54.07695],[62.62452,54.07656],[62.62371,54.07622],[62.62224,54.07572],[62.6218,54.07488],[62.62086,54.07452],[62.61957,54.07419],[62.61848,54.07388],[62.61771,54.07341],[62.6173,54.07305],[62.61654,54.07288],[62.61601,54.07283],[62.61519,54.07216],[62.61467,54.0721],[62.61448,54.07239],[62.61478,54.07254],[62.61473,54.07282],[62.61439,54.07293],[62.61379,54.0728],[62.61322,54.0725],[62.61205,54.07192],[62.61141,54.0718],[62.61079,54.07201],[62.6101,54.07207],[62.6097,54.07177],[62.60923,54.07177],[62.6088,54.07204],[62.60889,54.07229],[62.60865,54.0725],[62.6079,54.07274],[62.60731,54.07253],[62.60677,54.07253],[62.60583,54.07276],[62.60598,54.07301],[62.60596,54.07369],[62.60549,54.07362],[62.60535,54.07339],[62.6056,54.0731],[62.60551,54.07286],[62.6049,54.0728],[62.60456,54.07307],[62.60464,54.07326],[62.60424,54.0733],[62.60392,54.07322],[62.60391,54.07298],[62.60347,54.07272],[62.60291,54.07266],[62.60259,54.07295],[62.60274,54.07329],[62.60248,54.0735],[62.60214,54.07354],[62.60187,54.07347],[62.60202,54.07286],[62.60165,54.07257],[62.60116,54.07255],[62.60065,54.07276],[62.60007,54.07326],[62.59973,54.07331],[62.59943,54.07358],[62.59903,54.07369],[62.59852,54.07357],[62.59831,54.07322],[62.59781,54.07328],[62.59763,54.07358],[62.59791,54.07403],[62.59728,54.0741],[62.5968,54.07393],[62.59644,54.07369],[62.596,54.07354],[62.59557,54.07369],[62.59537,54.07387],[62.59477,54.07388],[62.59447,54.07365],[62.59457,54.07342],[62.59502,54.07346],[62.59537,54.07331],[62.59523,54.07275],[62.59549,54.07253],[62.59593,54.07251],[62.59642,54.07243],[62.59663,54.07219],[62.59672,54.07182],[62.5966,54.07148],[62.59614,54.07101],[62.59557,54.07071],[62.5952,54.07058],[62.5946,54.07066],[62.59429,54.07086],[62.5937,54.07086],[62.5929,54.0707],[62.59261,54.07045],[62.59258,54.07017],[62.59302,54.06985],[62.59388,54.06951],[62.59401,54.06903],[62.59364,54.06875],[62.59361,54.06852],[62.5933,54.06833],[62.59254,54.06837],[62.5923,54.06813],[62.5927,54.06793],[62.59307,54.06784],[62.59316,54.06753],[62.59306,54.06726],[62.59248,54.06718],[62.59203,54.06723],[62.59197,54.06692],[62.59214,54.0667],[62.59271,54.06663],[62.59303,54.06654],[62.59325,54.06623],[62.59336,54.06572],[62.59277,54.06541],[62.59164,54.06552],[62.59074,54.06553],[62.58998,54.06516],[62.58996,54.06481],[62.58955,54.06443],[62.58886,54.06428],[62.58757,54.06422],[62.58724,54.06409],[62.58736,54.0637],[62.58796,54.06353],[62.5882,54.06316],[62.58893,54.06297],[62.58983,54.06291],[62.59015,54.06294],[62.5903,54.06285],[62.59114,54.06285],[62.59139,54.06275],[62.59179,54.06271],[62.59198,54.06256],[62.59192,54.06233],[62.59164,54.0621],[62.58894,54.06114],[62.58793,54.06063],[62.58707,54.06044],[62.58659,54.06023],[62.58631,54.06004],[62.58564,54.05987],[62.58473,54.05982],[62.584,54.06003],[62.58373,54.06031],[62.584,54.06056],[62.58396,54.06088],[62.58363,54.06109],[62.58314,54.06105],[62.58277,54.06089],[62.58272,54.06069],[62.5828,54.06021],[62.58244,54.05989],[62.58158,54.05965],[62.58016,54.05945],[62.57969,54.05921],[62.57966,54.05893],[62.57984,54.05878],[62.57969,54.05833],[62.57916,54.05818],[62.57847,54.05815],[62.57752,54.05836],[62.57717,54.05834],[62.57588,54.05879],[62.5757,54.0592],[62.5751,54.05915],[62.5748,54.05892],[62.57483,54.05865],[62.57448,54.05843],[62.57419,54.05797],[62.57349,54.05761],[62.56869,54.04667],[62.5771,54.03806],[62.58096,54.00584],[62.58369,54.00608],[62.58836,54.00366],[62.59504,53.99551],[62.59375,53.99387],[62.59441,53.98974],[62.59796,53.98934],[62.59828,53.98879],[62.59804,53.98821],[62.5964,53.98749],[62.59114,53.98843],[62.5885,53.98769],[62.58739,53.98675],[62.5872,53.98264],[62.5861,53.97926],[62.58423,53.97546],[62.5848,53.97355],[62.58457,53.97188],[62.58306,53.97106],[62.58029,53.97096],[62.57838,53.97019],[62.57952,53.96883],[62.58185,53.96813],[62.58217,53.96698],[62.58471,53.96503],[62.58419,53.96367],[62.58274,53.96335],[62.57969,53.96402],[62.57837,53.96345],[62.57943,53.96085],[62.57957,53.95932],[62.57795,53.95745],[62.57357,53.95695],[62.57048,53.95619],[62.56808,53.95417],[62.56722,53.95205],[62.56701,53.95025],[62.56469,53.9496],[62.56262,53.94868],[62.56302,53.94739],[62.56247,53.94584],[62.56291,53.94386],[62.56245,53.94124],[62.56007,53.93816],[62.55813,53.93651],[62.55688,53.93611],[62.5543,53.93369],[62.55206,53.93265],[62.54523,53.93062],[62.54353,53.93074],[62.54267,53.93054],[62.54193,53.93047],[62.5396,53.9305],[62.53876,53.92999],[62.53694,53.92832],[62.53229,53.92651],[62.53041,53.92545],[62.52618,53.9237],[62.52583,53.92293],[62.52583,53.9213],[62.52523,53.91975],[62.52388,53.91829],[62.51907,53.91496],[62.51661,53.91353],[62.51058,53.91322],[62.4748,53.93145],[62.46396,53.92689],[62.44583,53.92713],[62.43988,53.93598],[62.43555,53.94277],[62.39468,54.00339],[62.45671,54.01378],[62.46422,54.01655],[62.48669,54.02772],[62.49391,54.03249],[62.41925,54.04721],[62.4065,54.04672],[62.40274,54.04662],[62.40154,54.04673],[62.40107,54.04711],[62.40008,54.04748],[62.39888,54.04764],[62.39845,54.04788],[62.39831,54.04825],[62.39721,54.04824],[62.39702,54.04849],[62.39636,54.04856],[62.39542,54.04836],[62.39516,54.04803],[62.39462,54.04781],[62.39413,54.04722],[62.3934,54.04715],[62.3921,54.04734],[62.39036,54.04777],[62.3894,54.0478],[62.38855,54.04744],[62.38808,54.04708],[62.38686,54.04681],[62.38564,54.04644],[62.3847,54.04612],[62.38394,54.0456],[62.38315,54.04499],[62.38193,54.04433],[62.38117,54.04375],[62.37978,54.04319],[62.37813,54.04316],[62.3767,54.04278],[62.37497,54.04202],[62.37437,54.04148],[62.37279,54.04057],[62.37172,54.04017],[62.37079,54.04013],[62.37023,54.04085],[62.36989,54.04124],[62.36921,54.04157],[62.36843,54.0417],[62.36808,54.04127],[62.36805,54.0405],[62.36803,54.03905],[62.36735,54.03876],[62.36482,54.03809],[62.36382,54.03809],[62.36363,54.03843],[62.36414,54.03883],[62.36341,54.03937],[62.36239,54.03956],[62.36141,54.03936],[62.35784,54.03788],[62.35765,54.03746],[62.3566,54.03706],[62.35553,54.03696],[62.35446,54.03715],[62.35385,54.03738],[62.35287,54.03723],[62.35188,54.03755],[62.35185,54.03817],[62.35333,54.0393],[62.35279,54.03981],[62.35167,54.03997],[62.34985,54.0391],[62.34608,54.03818],[62.34523,54.03766],[62.34601,54.03603],[62.34656,54.0359],[62.34754,54.03606],[62.34854,54.03585],[62.34926,54.03534],[62.34921,54.03448],[62.34831,54.03409],[62.34703,54.03362],[62.3453,54.0332],[62.34404,54.0331],[62.34279,54.03316],[62.34143,54.03272],[62.33922,54.03227],[62.33804,54.03219],[62.3366,54.03211],[62.33555,54.03227],[62.33475,54.03247],[62.33218,54.03204],[62.33188,54.03229],[62.33201,54.03263],[62.33093,54.03328],[62.33055,54.03357],[62.32972,54.03366],[62.32866,54.03348],[62.32816,54.0331],[62.32736,54.0327],[62.32324,54.03238],[62.32206,54.0321],[62.32163,54.03267],[62.32083,54.03294],[62.31912,54.03285],[62.31859,54.03292],[62.31809,54.03304],[62.31763,54.0327],[62.31743,54.03242],[62.31673,54.03238],[62.31525,54.03294],[62.31442,54.03312],[62.31263,54.03266],[62.30937,54.03213],[62.30866,54.03213],[62.30798,54.03228],[62.30778,54.03249],[62.30789,54.03273],[62.30746,54.03311],[62.30666,54.03319],[62.30586,54.03296],[62.3044,54.03242],[62.30379,54.03233],[62.30329,54.03252],[62.30342,54.03287],[62.30214,54.03324],[62.3003,54.03329],[62.2997,54.03269],[62.29908,54.03262],[62.29842,54.03265],[62.29727,54.03305],[62.29588,54.03283],[62.29524,54.03319],[62.29551,54.03355],[62.29616,54.03385],[62.29657,54.03421],[62.29657,54.03457],[62.29616,54.03482],[62.29533,54.03495],[62.29418,54.03508],[62.29381,54.05655],[62.29375,54.06003],[62.29318,54.09972],[62.33813,54.11487],[62.33819,54.11948],[62.33892,54.18007],[62.33584,54.24477],[62.32418,54.24534],[62.30665,54.25039],[62.30387,54.25833],[62.29481,54.26586],[62.27658,54.26725],[62.27655,54.27744],[62.2971,54.28415],[62.30321,54.29325],[62.29214,54.29339],[62.28673,54.30946],[62.28037,54.30438],[62.26286,54.30359],[62.25486,54.32276],[62.25557,54.36413],[62.25429,54.37971],[62.24713,54.3968],[62.2337,54.4093],[62.2215,54.4192],[62.20631,54.43143],[62.19497,54.43288],[62.17803,54.42876],[62.15095,54.42154],[62.13193,54.44426],[62.14392,54.45866],[62.12529,54.52633],[62.12258,54.53636]]]]}},{"type":"Feature","properties":{"osm_id":-398409,"name":"Чебаркульский городской округ","admin_level":6},"geometry":{"type":"MultiPolygon","coordinates":[[[[60.26335,54.96292],[60.27059,54.97531],[60.27229,54.97919],[60.27334,54.98117],[60.27617,54.98727],[60.27422,54.9889],[60.27483,54.99221],[60.27544,54.9954],[60.27628,55.00198],[60.27792,55.00369],[60.27848,55.00839],[60.28292,55.0103],[60.28523,55.01115],[60.28783,55.01245],[60.28809,55.01289],[60.29131,55.02258],[60.29156,55.02288],[60.29092,55.02381],[60.29116,55.02399],[60.29259,55.02394],[60.29334,55.02408],[60.29576,55.02531],[60.29747,55.0248],[60.29882,55.0248],[60.30012,55.02521],[60.30124,55.02495],[60.30167,55.02483],[60.3023,55.0246],[60.30327,55.02428],[60.30321,55.0234],[60.30339,55.02306],[60.30408,55.02261],[60.30853,55.02213],[60.30957,55.02202],[60.31042,55.02192],[60.31125,55.02184],[60.31276,55.02178],[60.31462,55.02197],[60.3173,55.02259],[60.31778,55.02278],[60.31817,55.02305],[60.31854,55.0234],[60.31904,55.02371],[60.32059,55.0243],[60.32245,55.02415],[60.32343,55.0241],[60.32571,55.02359],[60.33222,55.0246],[60.33409,55.02602],[60.3345,55.02774],[60.33358,55.02895],[60.33247,55.03034],[60.33403,55.03256],[60.33292,55.03419],[60.33435,55.03491],[60.33496,55.03547],[60.33629,55.03555],[60.33863,55.03388],[60.34042,55.03316],[60.34089,55.03152],[60.34505,55.02943],[60.34516,55.0281],[60.34664,55.02718],[60.35069,55.02542],[60.35661,55.0265],[60.36524,55.02479],[60.38114,55.02525],[60.393,55.01556],[60.39499,55.01822],[60.39915,55.01146],[60.40112,55.00938],[60.41618,55.00122],[60.42191,55.00062],[60.42285,55.00068],[60.42376,55.00063],[60.42585,54.99962],[60.42682,54.99935],[60.42991,54.999],[60.43476,54.99795],[60.43552,54.99778],[60.43619,54.99803],[60.43867,54.99861],[60.44089,54.99867],[60.44334,54.99949],[60.44442,54.99955],[60.44511,54.99985],[60.44653,55.00013],[60.44792,55.00164],[60.44844,55.00194],[60.44979,55.00216],[60.46429,55.00393],[60.46397,54.99571],[60.45792,54.9955],[60.45785,54.99418],[60.46068,54.98937],[60.46144,54.98607],[60.46357,54.9809],[60.46492,54.97753],[60.4652,54.96371],[60.43476,54.95926],[60.42777,54.95834],[60.41164,54.95585],[60.40643,54.95503],[60.40116,54.95398],[60.40142,54.95351],[60.40222,54.95208],[60.4025,54.95028],[60.40251,54.94854],[60.38877,54.94152],[60.38577,54.93955],[60.38537,54.93851],[60.38565,54.93826],[60.38432,54.93778],[60.3844,54.93769],[60.38341,54.93746],[60.37799,54.93551],[60.37783,54.93587],[60.37544,54.93689],[60.37334,54.93808],[60.37237,54.93824],[60.37193,54.93849],[60.37092,54.93815],[60.36957,54.93814],[60.36892,54.9388],[60.36896,54.93922],[60.36864,54.93927],[60.36886,54.93944],[60.36877,54.93953],[60.36795,54.9389],[60.36737,54.93871],[60.36687,54.9389],[60.36606,54.93866],[60.3658,54.93874],[60.36577,54.93908],[60.36294,54.93887],[60.36197,54.93969],[60.36059,54.94067],[60.3596,54.94137],[60.36024,54.94284],[60.36038,54.9445],[60.3602,54.94603],[60.35221,54.94699],[60.34824,54.94645],[60.3441,54.9461],[60.33991,54.94657],[60.33681,54.94375],[60.33547,54.94158],[60.33441,54.93848],[60.3329,54.9372],[60.33071,54.93623],[60.32336,54.93365],[60.31988,54.93349],[60.3158,54.93428],[60.31625,54.93048],[60.31377,54.9302],[60.30855,54.93287],[60.30676,54.93268],[60.3043,54.93391],[60.3003,54.93435],[60.29577,54.93408],[60.29269,54.93647],[60.2888,54.93785],[60.28619,54.94032],[60.27961,54.9439],[60.27731,54.94546],[60.27829,54.94654],[60.26762,54.95841],[60.26335,54.96292]]]]}},{"type":"Feature","properties":{"osm_id":-1793195,"name":"Снежинский городской округ","admin_level":6},"geometry":{"type":"MultiPolygon","coordinates":[[[[60.51107,56.12124],[60.56563,56.16187],[60.56932,56.16347],[60.57477,56.16457],[60.57719,56.16607],[60.57792,56.16738],[60.58078,56.1686],[60.5868,56.16973],[60.59101,56.16964],[60.59355,56.1981],[60.59004,56.20149],[60.58708,56.20432],[60.58359,56.20739],[60.58227,56.20871],[60.58112,56.20962],[60.58153,56.21019],[60.58161,56.21075],[60.58156,56.2115],[60.58124,56.21215],[60.58049,56.21297],[60.57945,56.21384],[60.57729,56.21515],[60.57485,56.21657],[60.57233,56.21794],[60.56973,56.21911],[60.56805,56.21998],[60.56593,56.22066],[60.56398,56.22133],[60.56276,56.22155],[60.56153,56.22153],[60.55905,56.22128],[60.55384,56.22131],[60.57636,56.31808],[60.6131,56.31525],[60.67979,56.31009],[60.65546,56.21497],[60.67023,56.22235],[60.69922,56.22014],[60.69603,56.19108],[60.70679,56.17133],[60.71702,56.15182],[60.71779,56.15174],[60.72249,56.15128],[60.72738,56.15079],[60.72632,56.14779],[60.72621,56.14748],[60.74662,56.14562],[60.74458,56.1406],[60.74447,56.14035],[60.76913,56.13719],[60.76631,56.13068],[60.76613,56.13043],[60.76458,56.13034],[60.76178,56.13017],[60.7603,56.12806],[60.76143,56.12582],[60.76142,56.12487],[60.76102,56.12418],[60.7607,56.12398],[60.75771,56.12363],[60.75695,56.12389],[60.75371,56.12435],[60.74995,56.12381],[60.7484,56.12385],[60.74882,56.12678],[60.74685,56.12784],[60.74599,56.12877],[60.74669,56.12908],[60.74805,56.13027],[60.74835,56.13134],[60.74787,56.1329],[60.74609,56.13498],[60.74326,56.13647],[60.74097,56.13715],[60.73924,56.13725],[60.73403,56.13675],[60.72992,56.13542],[60.72919,56.13581],[60.72501,56.138],[60.72279,56.13916],[60.72388,56.14339],[60.71987,56.14586],[60.71344,56.14675],[60.70869,56.1466],[60.70256,56.1464],[60.70124,56.14629],[60.7011,56.1462],[60.70194,56.14315],[60.71749,56.1327],[60.79228,56.08182],[60.79351,56.07237],[60.79401,56.06604],[60.79155,56.05756],[60.78725,56.04651],[60.79382,56.02567],[60.79899,56.02724],[60.7981,56.02855],[60.80076,56.02981],[60.80663,56.03256],[60.80578,56.02721],[60.80844,56.02744],[60.81207,56.02772],[60.82078,56.0249],[60.82257,56.02436],[60.82706,56.02292],[60.82463,56.02044],[60.82025,56.01994],[60.81681,56.02237],[60.81526,56.01718],[60.81513,56.01666],[60.81806,56.01265],[60.81926,56.01171],[60.82061,56.01631],[60.83028,56.01548],[60.83129,56.01182],[60.8316,56.01189],[60.83243,56.01101],[60.83324,56.01014],[60.83309,56.00699],[60.83533,56.00692],[60.83993,56.00677],[60.83992,56.00604],[60.8399,56.00521],[60.82641,55.98822],[60.8188,55.99098],[60.81871,55.99088],[60.80708,55.97865],[60.80644,55.97874],[60.79882,55.9798],[60.78359,55.97269],[60.77948,55.97269],[60.77201,55.97268],[60.76812,55.96782],[60.76788,55.96469],[60.76631,55.96026],[60.76498,55.95985],[60.7644,55.95825],[60.76323,55.95668],[60.76118,55.95514],[60.75879,55.95405],[60.75436,55.95202],[60.75174,55.94812],[60.73106,55.94479],[60.72834,55.94216],[60.72377,55.94095],[60.72274,55.94143],[60.70564,55.95643],[60.70473,55.96623],[60.7016,55.97135],[60.69098,55.97865],[60.68759,55.98272],[60.68457,55.98718],[60.7138,56.00166],[60.71761,56.00907],[60.71285,56.01398],[60.71418,56.0269],[60.64555,56.0298],[60.64569,56.03109],[60.6466,56.03963],[60.64664,56.03995],[60.61257,56.0415],[60.57777,56.04281],[60.57832,56.05132],[60.57755,56.05133],[60.54434,56.05223],[60.53458,56.05323],[60.51126,56.07375],[60.51596,56.1182],[60.51404,56.11827],[60.51296,56.11844],[60.51214,56.11856],[60.51144,56.11888],[60.51154,56.11928],[60.51154,56.11975],[60.51107,56.12124]]]]}},{"type":"Feature","properties":{"osm_id":-1517631,"name":"Локомотивный городской округ","admin_level":6},"geometry":{"type":"MultiPolygon","coordinates":[[[[60.54459,53.01514],[60.56324,53.03217],[60.58884,53.04492],[60.60191,53.0495],[60.61205,53.05207],[60.61929,53.054],[60.6252,53.05168],[60.6268,53.0491],[60.62468,53.04717],[60.62423,53.04641],[60.62651,53.03482],[60.62231,53.03044],[60.62057,53.02948],[60.618,53.02962],[60.61638,53.03001],[60.61408,53.03103],[60.59814,53.03636],[60.58763,53.03167],[60.58999,53.02933],[60.58692,53.02777],[60.58251,53.02917],[60.57818,53.02555],[60.58069,53.00995],[60.57264,53.0031],[60.56931,53.00569],[60.5675,53.00427],[60.55723,53.00293],[60.55104,53.00377],[60.54459,53.01514]]]]}},{"type":"Feature","properties":{"osm_id":-398393,"name":"Варненский район","admin_level":6},"geometry":{"type":"MultiPolygon","coordinates":[[[[60.55793,53.30763],[60.57894,53.37216],[60.58486,53.39256],[60.59213,53.41983],[60.59477,53.42905],[60.59837,53.4388],[60.60005,53.4449],[60.60181,53.45],[60.60426,53.45821],[60.60669,53.46693],[60.6068,53.47188],[60.6065,53.47821],[60.60778,53.50442],[60.60806,53.52179],[60.60534,53.52465],[60.60691,53.52504],[60.60818,53.52513],[60.61378,53.52455],[60.6148,53.52455],[60.61693,53.525],[60.61897,53.52484],[60.62263,53.52394],[60.62417,53.52291],[60.62604,53.52243],[60.62826,53.52159],[60.63249,53.5211],[60.63558,53.52011],[60.63895,53.52017],[60.64428,53.51941],[60.64563,53.53824],[60.64597,53.55209],[60.64589,53.56361],[60.64579,53.56419],[60.6452,53.56457],[60.6449,53.56505],[60.64489,53.56635],[60.64384,53.56693],[60.64414,53.56774],[60.6449,53.56842],[60.64472,53.56871],[60.64323,53.56946],[60.64191,53.56982],[60.63907,53.57004],[60.63417,53.57181],[60.63319,53.57239],[60.63038,53.57482],[60.62862,53.57696],[60.63017,53.57998],[60.63307,53.58143],[60.63536,53.58375],[60.63599,53.58415],[60.63682,53.5843],[60.63687,53.58446],[60.63657,53.58479],[60.6368,53.58504],[60.63833,53.58515],[60.63865,53.58532],[60.63915,53.58593],[60.63929,53.58644],[60.63891,53.58699],[60.63889,53.58794],[60.63857,53.58855],[60.63792,53.58883],[60.63796,53.5893],[60.63765,53.5896],[60.63623,53.59018],[60.63491,53.59051],[60.63445,53.59076],[60.63384,53.59155],[60.63356,53.59167],[60.63172,53.59168],[60.63144,53.59206],[60.6302,53.5926],[60.62757,53.59266],[60.62748,53.59266],[60.62625,53.5929],[60.62396,53.59334],[60.6236,53.59345],[60.62304,53.59394],[60.62167,53.59411],[60.6185,53.59541],[60.61628,53.59612],[60.61514,53.59663],[60.61459,53.59722],[60.61443,53.60901],[60.61413,53.61596],[60.61414,53.62108],[60.61539,53.62635],[60.61595,53.64343],[60.62982,53.64358],[60.65483,53.64357],[60.72297,53.64349],[60.78752,53.64391],[60.7877,53.64454],[60.78817,53.651],[60.78807,53.65272],[60.78718,53.65546],[60.78709,53.65616],[60.78664,53.65701],[60.78618,53.65749],[60.7857,53.65769],[60.78487,53.65768],[60.78427,53.65821],[60.7842,53.65867],[60.78452,53.65925],[60.78465,53.66044],[60.78417,53.66161],[60.78432,53.66208],[60.78424,53.66253],[60.78278,53.66348],[60.78257,53.66424],[60.78209,53.66439],[60.78025,53.66441],[60.77982,53.66461],[60.7963,53.67151],[60.80461,53.67529],[60.79799,53.68114],[60.78476,53.69332],[60.81248,53.70593],[60.8537,53.70577],[60.85318,53.70355],[60.85258,53.69936],[60.85233,53.69185],[60.8525,53.68754],[60.85307,53.68136],[60.85299,53.67071],[60.85305,53.66494],[60.85337,53.65884],[60.85338,53.65292],[60.86007,53.65485],[60.8731,53.65984],[60.89634,53.66761],[60.90044,53.62841],[60.90042,53.6278],[61.01876,53.61985],[61.03074,53.61888],[61.09016,53.61503],[61.12091,53.61549],[61.12674,53.58967],[61.16278,53.57761],[61.16214,53.57476],[61.16517,53.57502],[61.16877,53.57474],[61.1713,53.57397],[61.18005,53.57335],[61.18547,53.57272],[61.18825,53.57234],[61.19116,53.57078],[61.19243,53.57021],[61.19388,53.56898],[61.19713,53.56769],[61.199,53.56689],[61.20079,53.5664],[61.20315,53.56631],[61.20475,53.56618],[61.20847,53.56624],[61.20909,53.56581],[61.21069,53.56484],[61.21289,53.5641],[61.21555,53.56364],[61.22007,53.56374],[61.22347,53.56438],[61.22731,53.56445],[61.22833,53.56484],[61.2283,53.56554],[61.22783,53.56717],[61.22935,53.56765],[61.22991,53.56747],[61.23158,53.56697],[61.233,53.56548],[61.23603,53.56548],[61.23804,53.56506],[61.23981,53.56427],[61.24182,53.56405],[61.24664,53.56472],[61.24741,53.56506],[61.2493,53.56485],[61.25122,53.56456],[61.25229,53.56491],[61.25558,53.56531],[61.25786,53.5654],[61.26045,53.56476],[61.26289,53.56405],[61.26428,53.56391],[61.26606,53.56421],[61.26737,53.5649],[61.26857,53.56602],[61.26992,53.56683],[61.27217,53.56712],[61.27398,53.56629],[61.27398,53.56589],[61.27504,53.56477],[61.27606,53.56517],[61.2773,53.56518],[61.27895,53.56402],[61.27994,53.56368],[61.28313,53.56402],[61.28435,53.56402],[61.28757,53.56516],[61.29008,53.56453],[61.29047,53.56281],[61.29206,53.56209],[61.29714,53.56284],[61.30023,53.56229],[61.30688,53.55989],[61.30888,53.55988],[61.30956,53.56017],[61.31097,53.56151],[61.31214,53.56086],[61.31249,53.56081],[61.3139,53.56084],[61.31536,53.56087],[61.31798,53.56184],[61.31981,53.56092],[61.32159,53.56034],[61.323,53.56018],[61.32451,53.5609],[61.32612,53.56045],[61.32919,53.559],[61.33077,53.55852],[61.33352,53.55909],[61.33434,53.55902],[61.33537,53.55877],[61.33651,53.55846],[61.33872,53.5578],[61.34008,53.5579],[61.34161,53.55814],[61.34349,53.55867],[61.34522,53.55942],[61.34636,53.56002],[61.34705,53.5598],[61.34749,53.55936],[61.34951,53.55871],[61.35109,53.55929],[61.35181,53.56036],[61.35234,53.56067],[61.35317,53.56088],[61.35446,53.56115],[61.35589,53.56156],[61.35765,53.56141],[61.38452,53.59367],[61.3909,53.60188],[61.50704,53.59582],[61.51044,53.58989],[61.55276,53.59266],[61.56417,53.53875],[61.58094,53.5405],[61.59232,53.526],[61.55851,53.50736],[61.56079,53.50507],[61.56831,53.50446],[61.56602,53.49725],[61.55546,53.49786],[61.55611,53.50223],[61.5487,53.5071],[61.53128,53.50482],[61.51574,53.49269],[61.5175,53.47347],[61.50542,53.47302],[61.48989,53.47585],[61.4648,53.46165],[61.45425,53.46835],[61.42634,53.46239],[61.42752,53.45575],[61.36632,53.46736],[61.36745,53.48021],[61.3577,53.49328],[61.31385,53.507],[61.32428,53.51703],[61.32391,53.51937],[61.32207,53.51949],[61.31912,53.51868],[61.31493,53.51695],[61.31245,53.51682],[61.30651,53.51482],[61.30373,53.51275],[61.29964,53.51236],[61.29885,53.51189],[61.29756,53.51171],[61.29587,53.51194],[61.29482,53.51237],[61.29423,53.51466],[61.29296,53.51511],[61.28906,53.51359],[61.28772,53.51222],[61.28686,53.51197],[61.28441,53.51185],[61.28345,53.51197],[61.28335,53.51238],[61.28269,53.51242],[61.28239,53.51219],[61.28196,53.51148],[61.28131,53.51098],[61.2806,53.5112],[61.27998,53.51135],[61.27925,53.51121],[61.27856,53.51087],[61.27719,53.51035],[61.27584,53.51022],[61.27544,53.51042],[61.27377,53.5103],[61.27337,53.50998],[61.27276,53.50951],[61.27218,53.50918],[61.27101,53.50828],[61.27027,53.50813],[61.26949,53.50886],[61.26845,53.50899],[61.26679,53.50905],[61.26159,53.50865],[61.25865,53.50804],[61.25773,53.50693],[61.25653,53.50642],[61.24193,53.49191],[61.22912,53.48413],[61.22098,53.45522],[61.22185,53.44319],[61.21667,53.43722],[61.2157,53.4314],[61.20322,53.42899],[61.20384,53.42488],[61.15471,53.40555],[61.16907,53.35688],[61.17705,53.31096],[61.22514,53.28283],[61.28852,53.28566],[61.34094,53.28491],[61.40036,53.27369],[61.45647,53.23865],[61.52671,53.21525],[61.63016,53.22328],[61.63834,53.25009],[61.6636,53.26526],[61.6731,53.2659],[61.70183,53.24982],[61.71983,53.24474],[61.73151,53.23905],[61.74995,53.2066],[61.78336,53.1843],[61.91505,53.14181],[62.02511,53.14246],[62.11886,53.11197],[62.14704,53.0683],[62.1438,53.05309],[62.13568,53.01485],[62.13027,52.98936],[62.03001,52.95095],[61.99065,52.95042],[61.96069,52.95003],[61.89869,52.97935],[61.84972,53.00397],[61.84232,52.99791],[61.84132,52.99662],[61.84126,52.99517],[61.83794,52.99364],[61.83418,52.99286],[61.82842,52.99346],[61.82155,52.99364],[61.81796,52.99381],[61.8166,52.99482],[61.81572,52.99729],[61.81331,52.99811],[61.8116,52.99811],[61.80645,52.99729],[61.80439,52.99646],[61.80215,52.99656],[61.79636,52.99769],[61.78671,52.99646],[61.77898,52.99646],[61.77692,52.99636],[61.77435,52.99636],[61.7702,52.99623],[61.76444,52.99676],[61.75594,52.99622],[61.75044,52.99495],[61.74406,52.99294],[61.73514,52.99148],[61.7263,52.99135],[61.71656,52.99144],[61.7122,52.99191],[61.70963,52.99253],[61.7066,52.99425],[61.7041,52.99586],[61.70328,52.99729],[61.70177,52.99821],[61.67319,52.96854],[61.6576,52.96722],[61.63213,52.95393],[61.57301,53.00101],[61.55715,53.01212],[61.55101,53.01164],[61.54792,53.01216],[61.53904,53.01515],[61.53406,53.01618],[61.52393,53.01515],[61.5205,53.0168],[61.51586,53.01814],[61.51312,53.01959],[61.51243,53.02124],[61.50814,53.02258],[61.4932,53.03043],[61.47295,53.03518],[61.46969,53.03621],[61.38909,52.99196],[61.30592,52.99622],[61.25043,53.03591],[61.24086,53.0295],[61.23743,53.02898],[61.23314,53.02609],[61.23142,53.02506],[61.22558,53.02434],[61.21322,53.02455],[61.20035,53.01969],[61.1952,53.01577],[61.19211,53.01102],[61.18971,53.01019],[61.18421,53.00957],[61.18044,53.00813],[61.17546,53.00461],[61.16567,53.00089],[61.16121,53.00048],[61.15761,53.00141],[61.15091,52.99966],[61.1437,52.99873],[61.13855,52.99552],[61.13289,52.99263],[61.12276,52.98839],[61.12077,52.98666],[61.12023,52.98597],[61.11606,52.97733],[61.11572,52.97454],[61.11225,52.96921],[61.10417,52.96768],[61.09219,52.9671],[61.08534,52.97322],[61.08155,52.97469],[61.07025,52.97523],[61.06467,52.97624],[61.06064,52.97912],[61.04647,52.99898],[61.04357,53.00382],[60.99603,53.06367],[60.99296,53.06712],[60.99112,53.07554],[60.99099,53.07897],[60.99494,53.07896],[60.99525,53.08248],[60.99723,53.08662],[60.99402,53.09416],[60.98804,53.10543],[60.9845,53.11163],[60.99096,53.11318],[60.98618,53.1167],[60.98404,53.11903],[60.97971,53.12114],[60.95473,53.13868],[60.94404,53.14772],[60.93067,53.15775],[60.9292,53.15987],[60.9149,53.1804],[60.9034,53.19832],[60.93436,53.22611],[60.89591,53.2318],[60.88979,53.24645],[60.89511,53.25095],[60.90157,53.25559],[60.90397,53.25766],[60.90734,53.26195],[60.90976,53.26941],[60.91111,53.2718],[60.90701,53.27672],[60.90032,53.28331],[60.89735,53.28405],[60.89372,53.28519],[60.89294,53.28446],[60.89252,53.28455],[60.88359,53.28537],[60.87142,53.26787],[60.8628,53.2561],[60.85605,53.26183],[60.84556,53.27002],[60.82442,53.27827],[60.81145,53.27641],[60.80342,53.2772],[60.79986,53.27366],[60.79197,53.26454],[60.79182,53.25843],[60.77426,53.26261],[60.75462,53.26087],[60.74149,53.25021],[60.72516,53.24586],[60.71091,53.2427],[60.70392,53.25293],[60.7295,53.26791],[60.71693,53.28449],[60.71583,53.30082],[60.68525,53.29348],[60.66473,53.29468],[60.63659,53.30223],[60.6173,53.3079],[60.61646,53.30769],[60.61363,53.30797],[60.6126,53.3076],[60.61089,53.30797],[60.61034,53.30792],[60.60911,53.30696],[60.60893,53.30657],[60.60923,53.30614],[60.60894,53.30557],[60.60829,53.30513],[60.60743,53.30503],[60.60664,53.30556],[60.60605,53.3057],[60.60317,53.3049],[60.60122,53.30458],[60.59862,53.30451],[60.5963,53.30476],[60.59584,53.3048],[60.59477,53.30519],[60.59405,53.30569],[60.59398,53.3063],[60.59327,53.30684],[60.59306,53.30719],[60.59259,53.30754],[60.59182,53.30774],[60.59094,53.3077],[60.59052,53.30742],[60.58978,53.30756],[60.58884,53.30701],[60.58812,53.30696],[60.5873,53.30727],[60.58633,53.30732],[60.58103,53.30861],[60.57948,53.30927],[60.57837,53.30896],[60.57675,53.30896],[60.57644,53.30868],[60.57638,53.30809],[60.57607,53.30775],[60.5754,53.30752],[60.57426,53.30743],[60.57331,53.30801],[60.57254,53.30824],[60.57195,53.30871],[60.56799,53.30815],[60.56438,53.30744],[60.56049,53.30766],[60.55919,53.30748],[60.55793,53.30763]]]]}},{"type":"Feature","properties":{"osm_id":-398425,"name":"Пластовский район","admin_level":6},"geometry":{"type":"MultiPolygon","coordinates":[[[[60.32316,54.26719],[60.34207,54.28412],[60.39155,54.29282],[60.39866,54.29349],[60.40136,54.29682],[60.40236,54.29918],[60.42734,54.30522],[60.43256,54.30908],[60.4355,54.312],[60.44807,54.32862],[60.45548,54.3321],[60.46606,54.33675],[60.46768,54.34245],[60.47726,54.3729],[60.48602,54.39479],[60.47727,54.39857],[60.46784,54.42098],[60.43793,54.42992],[60.43886,54.43075],[60.43924,54.43134],[60.44076,54.4322],[60.44155,54.43357],[60.4415,54.43381],[60.44082,54.43438],[60.44101,54.43543],[60.4409,54.43655],[60.44155,54.43813],[60.43937,54.43972],[60.43945,54.44004],[60.43993,54.44041],[60.44009,54.44117],[60.44077,54.44212],[60.44152,54.44249],[60.44249,54.44335],[60.44516,54.4438],[60.4466,54.44353],[60.44863,54.44417],[60.44886,54.44448],[60.44894,54.44547],[60.44926,54.44588],[60.44903,54.44661],[60.44844,54.44722],[60.44855,54.44773],[60.44952,54.44914],[60.44968,54.45006],[60.45021,54.45086],[60.45032,54.45155],[60.45016,54.4519],[60.44965,54.45243],[60.44846,54.45322],[60.44679,54.45398],[60.44482,54.45377],[60.44322,54.4539],[60.44141,54.45381],[60.44013,54.45459],[60.43882,54.45497],[60.43859,54.45524],[60.43853,54.45567],[60.43877,54.45609],[60.43955,54.45672],[60.43962,54.45724],[60.43918,54.45785],[60.43842,54.45832],[60.43872,54.45868],[60.43954,54.45878],[60.44016,54.45903],[60.44084,54.46009],[60.42982,54.46321],[60.42702,54.46348],[60.42541,54.46383],[60.42065,54.46544],[60.42108,54.47117],[60.42493,54.49187],[60.4217,54.4923],[60.42623,54.51748],[60.42678,54.52013],[60.42757,54.52285],[60.42859,54.5231],[60.42956,54.52366],[60.43175,54.52423],[60.44204,54.52468],[60.44497,54.52504],[60.45142,54.52649],[60.44993,54.52857],[60.44958,54.52976],[60.449,54.53018],[60.44734,54.53012],[60.44706,54.53027],[60.44726,54.53056],[60.4471,54.53077],[60.44615,54.53106],[60.44579,54.5322],[60.44363,54.5338],[60.44366,54.53448],[60.44349,54.53479],[60.44309,54.53485],[60.44197,54.53455],[60.44159,54.53471],[60.44153,54.53512],[60.44172,54.53551],[60.44266,54.536],[60.44233,54.53691],[60.44033,54.53883],[60.43913,54.53944],[60.43868,54.53948],[60.43775,54.53888],[60.43678,54.53899],[60.43618,54.53939],[60.43605,54.54002],[60.43471,54.54062],[60.43315,54.54061],[60.4329,54.54021],[60.43041,54.54026],[60.43014,54.53996],[60.42979,54.53999],[60.42927,54.5404],[60.42779,54.54049],[60.42551,54.54037],[60.42508,54.5405],[60.42457,54.54112],[60.42376,54.54133],[60.42347,54.54167],[60.42569,54.54218],[60.42581,54.54252],[60.42553,54.54282],[60.42608,54.54315],[60.42373,54.54623],[60.42843,54.55612],[60.4282,54.55758],[60.42816,54.56215],[60.43675,54.56421],[60.46934,54.56576],[60.47697,54.56626],[60.5103,54.56655],[60.52236,54.55434],[60.53234,54.54465],[60.53575,54.54065],[60.54688,54.52974],[60.58217,54.5301],[60.59917,54.52811],[60.59215,54.52308],[60.58979,54.52214],[60.61332,54.52225],[60.64283,54.52215],[60.64999,54.52156],[60.68188,54.51958],[60.70312,54.5179],[60.71432,54.52845],[60.72715,54.53481],[60.78395,54.52025],[60.79524,54.51707],[60.83862,54.50722],[60.86374,54.50044],[60.89637,54.49598],[60.91829,54.49173],[60.91484,54.48376],[60.91336,54.47932],[60.91015,54.47187],[60.95137,54.45577],[60.95964,54.45226],[60.99707,54.45314],[60.99791,54.45194],[61.00058,54.44939],[61.00772,54.44185],[61.0113,54.44049],[61.02659,54.43173],[61.02748,54.43193],[61.02926,54.43203],[61.02955,54.43226],[61.02982,54.43261],[61.02985,54.43298],[61.02923,54.43364],[61.02923,54.43393],[61.0294,54.43425],[61.0299,54.43456],[61.03096,54.43462],[61.03352,54.43399],[61.03424,54.43399],[61.03547,54.43475],[61.03779,54.43467],[61.03878,54.43502],[61.03994,54.43511],[61.0409,54.43551],[61.03247,54.4148],[61.0358,54.4144],[61.04283,54.41273],[61.04144,54.40855],[61.03773,54.3994],[61.03449,54.38828],[61.03134,54.38277],[61.02646,54.37063],[61.02576,54.36892],[61.02547,54.3671],[61.02236,54.35872],[61.00885,54.32468],[61.00266,54.30786],[60.95754,54.31398],[60.93122,54.31723],[60.90263,54.32119],[60.89273,54.29473],[60.8481,54.30059],[60.83901,54.2769],[60.79216,54.28289],[60.79519,54.27902],[60.79573,54.26324],[60.7835,54.26235],[60.77923,54.25285],[60.78592,54.24516],[60.77812,54.23872],[60.76086,54.24674],[60.75702,54.23863],[60.76289,54.23639],[60.75913,54.22938],[60.75786,54.2205],[60.75909,54.21582],[60.76096,54.2124],[60.74704,54.20821],[60.73777,54.20654],[60.7245,54.20447],[60.71947,54.20206],[60.68953,54.191],[60.67987,54.19018],[60.67726,54.19441],[60.68127,54.19849],[60.68447,54.20262],[60.67541,54.20567],[60.67166,54.20011],[60.66341,54.20172],[60.65983,54.20214],[60.6582,54.20065],[60.65171,54.20038],[60.64953,54.19973],[60.65091,54.19754],[60.65723,54.1961],[60.65897,54.19546],[60.65865,54.19164],[60.66401,54.18975],[60.66513,54.1884],[60.66989,54.18558],[60.67061,54.18152],[60.66836,54.18079],[60.66786,54.17484],[60.65829,54.17384],[60.65003,54.17516],[60.64773,54.17061],[60.64466,54.16511],[60.64198,54.16676],[60.64138,54.16767],[60.64173,54.16883],[60.64119,54.16925],[60.64078,54.16939],[60.63934,54.16938],[60.6376,54.17032],[60.63693,54.17025],[60.63611,54.1699],[60.63538,54.16996],[60.63488,54.17012],[60.63412,54.17073],[60.63225,54.17168],[60.63073,54.17147],[60.62938,54.17179],[60.62903,54.17172],[60.62887,54.17147],[60.62763,54.17127],[60.62726,54.17131],[60.62686,54.17163],[60.62642,54.17162],[60.62961,54.17685],[60.62348,54.17991],[60.61822,54.18163],[60.61698,54.18168],[60.6159,54.18223],[60.61417,54.18347],[60.60543,54.18691],[60.60648,54.18862],[60.60436,54.19079],[60.60021,54.19118],[60.58914,54.19981],[60.58552,54.19929],[60.58258,54.20021],[60.58122,54.20174],[60.5804,54.20232],[60.57897,54.20298],[60.57701,54.20354],[60.56512,54.19572],[60.55759,54.19596],[60.55649,54.19573],[60.55528,54.19477],[60.55437,54.19499],[60.55365,54.19493],[60.5506,54.19426],[60.54736,54.19424],[60.54544,54.19395],[60.54465,54.19395],[60.54201,54.19449],[60.54135,54.19427],[60.53944,54.19612],[60.54016,54.19695],[60.54226,54.19855],[60.54262,54.19949],[60.54247,54.20059],[60.54251,54.20151],[60.54265,54.20176],[60.54365,54.20204],[60.54445,54.20174],[60.54418,54.20242],[60.54347,54.20267],[60.54272,54.20273],[60.5408,54.20252],[60.5406,54.2027],[60.54158,54.20371],[60.54116,54.20396],[60.53734,54.20472],[60.53406,54.20486],[60.53423,54.20543],[60.52785,54.20538],[60.524,54.20513],[60.51569,54.20564],[60.51018,54.20564],[60.50734,54.2054],[60.50631,54.20573],[60.50653,54.20913],[60.50648,54.21065],[60.50295,54.21664],[60.50659,54.21634],[60.50763,54.22015],[60.49629,54.22672],[60.48835,54.22748],[60.47363,54.2274],[60.47364,54.22847],[60.4733,54.22878],[60.47085,54.22927],[60.47012,54.2297],[60.46964,54.2302],[60.46782,54.23048],[60.46657,54.23109],[60.46601,54.23157],[60.46497,54.23333],[60.46379,54.23438],[60.46354,54.236],[60.46298,54.23664],[60.46173,54.23743],[60.46016,54.23786],[60.45557,54.23769],[60.45224,54.23782],[60.45164,54.23856],[60.45116,54.23856],[60.45043,54.23881],[60.45035,54.23904],[60.45003,54.23902],[60.44902,54.23943],[60.44857,54.23934],[60.44825,54.23948],[60.44849,54.23967],[60.44817,54.23965],[60.44768,54.2392],[60.44439,54.23928],[60.44326,54.23945],[60.44167,54.23896],[60.43948,54.23901],[60.43765,54.23845],[60.43692,54.23843],[60.43606,54.238],[60.43484,54.23789],[60.43443,54.23737],[60.4335,54.23704],[60.43309,54.23706],[60.43265,54.23737],[60.4324,54.23733],[60.43212,54.23697],[60.42959,54.23603],[60.4293,54.2357],[60.42926,54.23524],[60.4282,54.23496],[60.42722,54.23437],[60.42673,54.23426],[60.42643,54.23385],[60.42502,54.23298],[60.42445,54.23291],[60.42376,54.23305],[60.42323,54.23294],[60.42295,54.2327],[60.42294,54.23237],[60.42143,54.23126],[60.42082,54.23109],[60.42025,54.23112],[60.4194,54.23148],[60.417,54.23201],[60.41254,54.23191],[60.40774,54.2328],[60.40615,54.23186],[60.40383,54.23153],[60.40191,54.23063],[60.39845,54.22858],[60.39086,54.22513],[60.38464,54.21212],[60.38425,54.20744],[60.38424,54.20207],[60.38445,54.19635],[60.35797,54.21234],[60.34932,54.21534],[60.34649,54.2314],[60.34578,54.23631],[60.34571,54.24054],[60.34533,54.24576],[60.34298,54.2519],[60.33747,54.26454],[60.32316,54.26719]]]]}},{"type":"Feature","properties":{"osm_id":-1517659,"name":"Озёрский городской округ","admin_level":6},"geometry":{"type":"MultiPolygon","coordinates":[[[[60.61739,55.68603],[60.62214,55.7035],[60.62317,55.7055],[60.62264,55.71101],[60.62458,55.71678],[60.62511,55.71773],[60.62793,55.72501],[60.62889,55.72775],[60.62994,55.73015],[60.63116,55.73243],[60.63048,55.73264],[60.63193,55.73624],[60.63253,55.73629],[60.63612,55.7473],[60.635,55.74726],[60.63541,55.74855],[60.63631,55.74854],[60.63776,55.75245],[60.64084,55.75232],[60.64079,55.75287],[60.64,55.75341],[60.63814,55.75364],[60.64023,55.7607],[60.64082,55.7613],[60.64113,55.76225],[60.64166,55.77227],[60.64203,55.77455],[60.64221,55.79442],[60.74345,55.77595],[60.74618,55.77524],[60.74845,55.77464],[60.75053,55.77458],[60.75221,55.77423],[60.75779,55.77308],[60.7587,55.77284],[60.76459,55.77121],[60.76625,55.7705],[60.77027,55.7693],[60.77303,55.76826],[60.77872,55.76681],[60.7733,55.76191],[60.77047,55.76045],[60.76932,55.76009],[60.76668,55.7596],[60.7598,55.75952],[60.75838,55.75926],[60.75728,55.75928],[60.75739,55.75872],[60.75792,55.75858],[60.75801,55.75807],[60.75679,55.75753],[60.75762,55.75776],[60.76025,55.758],[60.76146,55.75786],[60.7616,55.75813],[60.76169,55.7577],[60.76295,55.7578],[60.76663,55.75765],[60.76803,55.7579],[60.77266,55.75988],[60.77885,55.76074],[60.78105,55.76053],[60.78259,55.7602],[60.78919,55.75812],[60.7915,55.75774],[60.79239,55.75649],[60.79329,55.75572],[60.7939,55.75454],[60.79592,55.75252],[60.80271,55.74692],[60.80375,55.74625],[60.80538,55.74456],[60.80632,55.74326],[60.80816,55.74215],[60.80914,55.74114],[60.8097,55.7403],[60.81046,55.73997],[60.81082,55.7394],[60.81101,55.73863],[60.81112,55.73712],[60.81281,55.734],[60.8127,55.73319],[60.81577,55.73343],[60.82041,55.73209],[60.8237,55.7317],[60.82676,55.73181],[60.82995,55.7321],[60.83028,55.73225],[60.83133,55.73221],[60.83195,55.7327],[60.83293,55.73271],[60.8338,55.73313],[60.83549,55.73315],[60.83821,55.73243],[60.83919,55.73269],[60.84005,55.73254],[60.84119,55.73279],[60.84285,55.73284],[60.84376,55.73317],[60.84418,55.73315],[60.84452,55.73278],[60.84455,55.73261],[60.84414,55.73217],[60.84425,55.732],[60.84463,55.73177],[60.84522,55.73175],[60.84658,55.73227],[60.85069,55.73189],[60.86561,55.73426],[60.87144,55.72365],[60.88282,55.70544],[60.88914,55.69231],[60.9083,55.69018],[60.91129,55.69279],[60.91706,55.6936],[60.91514,55.67137],[60.91705,55.66898],[60.91094,55.66681],[60.91,55.66219],[60.89958,55.65665],[60.86768,55.6388],[60.85574,55.6318],[60.84297,55.62374],[60.84154,55.62565],[60.84076,55.62759],[60.83993,55.63032],[60.83793,55.6408],[60.83727,55.64289],[60.83704,55.64467],[60.8358,55.64483],[60.82644,55.646],[60.82548,55.64633],[60.82321,55.64711],[60.82267,55.64669],[60.82187,55.64652],[60.81919,55.64614],[60.81689,55.64607],[60.81388,55.6414],[60.81195,55.63887],[60.80755,55.63252],[60.80577,55.62973],[60.80486,55.62948],[60.80402,55.62951],[60.80168,55.62917],[60.80165,55.62875],[60.80201,55.62751],[60.80273,55.62607],[60.80262,55.62583],[60.80232,55.62579],[60.80106,55.62278],[60.79781,55.61881],[60.79802,55.61411],[60.79805,55.61335],[60.80526,55.61379],[60.7993,55.60425],[60.77529,55.60428],[60.77531,55.60296],[60.77507,55.60166],[60.7745,55.60044],[60.77393,55.59964],[60.77238,55.59815],[60.76543,55.59272],[60.76323,55.59174],[60.75213,55.59006],[60.75223,55.59022],[60.7521,55.59037],[60.74909,55.59204],[60.74793,55.59258],[60.74712,55.59286],[60.74649,55.59303],[60.7458,55.59296],[60.74574,55.5932],[60.74436,55.59313],[60.74409,55.59361],[60.74113,55.59365],[60.73751,55.59413],[60.73637,55.59438],[60.73511,55.59499],[60.73504,55.59502],[60.73391,55.59562],[60.73313,55.59635],[60.73286,55.59684],[60.73261,55.59814],[60.73301,55.59958],[60.73329,55.60015],[60.73429,55.60112],[60.73477,55.60189],[60.73702,55.6036],[60.73742,55.60372],[60.73785,55.60344],[60.73835,55.60345],[60.73884,55.60387],[60.71689,55.60493],[60.71066,55.60578],[60.69264,55.62064],[60.69067,55.62209],[60.68667,55.62454],[60.67916,55.62835],[60.67425,55.63161],[60.67264,55.63307],[60.67156,55.63547],[60.67099,55.63757],[60.67059,55.63916],[60.67109,55.64105],[60.67091,55.64221],[60.66922,55.64469],[60.66891,55.64588],[60.66812,55.64754],[60.66497,55.64992],[60.6632,55.65302],[60.66457,55.6535],[60.66554,55.65336],[60.66712,55.65274],[60.66832,55.65248],[60.67148,55.65305],[60.67322,55.6542],[60.67398,55.65446],[60.67244,55.65721],[60.67229,55.65793],[60.67067,55.65856],[60.66956,55.65932],[60.66911,55.66011],[60.65893,55.6588],[60.65706,55.66064],[60.6557,55.66172],[60.65366,55.66264],[60.64999,55.66384],[60.64661,55.66696],[60.64547,55.66761],[60.64114,55.66956],[60.63008,55.67247],[60.61739,55.68603]]]]}},{"type":"Feature","properties":{"osm_id":-398405,"name":"Сосновский район","admin_level":6},"geometry":{"type":"MultiPolygon","coordinates":[[[[60.69695,55.12125],[60.69724,55.12472],[60.69735,55.13026],[60.69725,55.13318],[60.70604,55.13515],[60.71919,55.13561],[60.71983,55.1389],[60.72552,55.1471],[60.73763,55.15505],[60.74097,55.15919],[60.74289,55.1589],[60.74605,55.15925],[60.7473,55.15916],[60.74889,55.15881],[60.75121,55.15899],[60.75457,55.15882],[60.75536,55.15897],[60.75576,55.15933],[60.75533,55.15983],[60.75538,55.16025],[60.75598,55.16046],[60.75674,55.16036],[60.75726,55.15998],[60.75771,55.15855],[60.75661,55.15769],[60.75741,55.15747],[60.7588,55.15778],[60.76043,55.15788],[60.7611,55.15757],[60.7611,55.15735],[60.76097,55.15715],[60.75992,55.15692],[60.75968,55.15668],[60.75973,55.15645],[60.76038,55.15627],[60.76153,55.15655],[60.76188,55.15631],[60.76165,55.1556],[60.76105,55.15488],[60.76019,55.15459],[60.75998,55.15449],[60.76003,55.15437],[60.76186,55.1539],[60.7641,55.15262],[60.76817,55.15148],[60.77032,55.15148],[60.77615,55.1523],[60.77875,55.15364],[60.7814,55.15361],[60.78255,55.15295],[60.78301,55.1529],[60.78446,55.15325],[60.78495,55.15321],[60.78528,55.15282],[60.78546,55.1518],[60.78519,55.15143],[60.78412,55.15098],[60.78383,55.15064],[60.78437,55.15035],[60.78511,55.15026],[60.78573,55.15028],[60.78717,55.15092],[60.78918,55.15083],[60.78994,55.15062],[60.79031,55.15025],[60.78986,55.14963],[60.78957,55.14856],[60.7897,55.14804],[60.79021,55.14769],[60.79431,55.14659],[60.79479,55.14674],[60.79485,55.14707],[60.79348,55.14814],[60.7936,55.14845],[60.79485,55.14864],[60.79616,55.14838],[60.79691,55.14794],[60.79704,55.14771],[60.79632,55.14716],[60.7962,55.14677],[60.79718,55.14603],[60.79734,55.1456],[60.79678,55.14526],[60.79548,55.14519],[60.79504,55.14529],[60.7941,55.14594],[60.79359,55.14585],[60.79336,55.14551],[60.79341,55.14526],[60.79464,55.14415],[60.79472,55.14368],[60.79314,55.14329],[60.7931,55.14312],[60.79346,55.14275],[60.79428,55.14239],[60.79473,55.14243],[60.7957,55.1429],[60.79881,55.14258],[60.79984,55.14196],[60.8,55.1416],[60.79993,55.14113],[60.80026,55.14092],[60.80073,55.141],[60.80191,55.1417],[60.80288,55.14166],[60.80344,55.14135],[60.80317,55.14084],[60.80337,55.14056],[60.80376,55.14052],[60.80481,55.14095],[60.80532,55.14079],[60.80528,55.1402],[60.80434,55.13987],[60.80439,55.13968],[60.80497,55.13949],[60.80577,55.1396],[60.80676,55.14003],[60.8072,55.14033],[60.8072,55.14099],[60.80774,55.14116],[60.80884,55.14109],[60.80913,55.14089],[60.80913,55.14056],[60.80859,55.14007],[60.80849,55.13972],[60.80883,55.1393],[60.80949,55.13911],[60.81086,55.13934],[60.81089,55.13964],[60.81066,55.14004],[60.81074,55.14022],[60.81204,55.13978],[60.81354,55.14122],[60.81402,55.14135],[60.81476,55.14121],[60.81523,55.14135],[60.81534,55.1417],[60.81491,55.14223],[60.81358,55.14257],[60.81338,55.1429],[60.81383,55.14316],[60.81572,55.14316],[60.81641,55.14338],[60.81629,55.14384],[60.8157,55.14434],[60.81593,55.14463],[60.81674,55.14453],[60.81721,55.14427],[60.81738,55.14385],[60.8172,55.14315],[60.81775,55.14257],[60.81913,55.14207],[60.82036,55.1422],[60.82107,55.14204],[60.82137,55.14166],[60.8214,55.14127],[60.82131,55.14097],[60.82081,55.14056],[60.82095,55.14016],[60.822,55.13992],[60.82406,55.14049],[60.82534,55.14052],[60.82623,55.14022],[60.82645,55.14004],[60.82635,55.13947],[60.82676,55.13925],[60.82704,55.13929],[60.82782,55.13976],[60.82816,55.1438],[60.84521,55.14954],[60.84882,55.15183],[60.85361,55.1524],[60.86015,55.16577],[60.86105,55.17841],[60.86149,55.18238],[60.8408,55.18344],[60.8372,55.18285],[60.83507,55.18331],[60.83191,55.18342],[60.82803,55.18847],[60.82708,55.19151],[60.82467,55.19271],[60.83244,55.1985],[60.83007,55.20693],[60.82588,55.22318],[60.88694,55.22055],[60.89185,55.21621],[60.90815,55.20256],[60.90858,55.20281],[60.90985,55.20312],[60.91222,55.20347],[60.9231,55.20358],[60.92574,55.20393],[60.92588,55.20413],[60.92679,55.20407],[60.92683,55.20394],[60.93387,55.20549],[60.93638,55.20493],[60.94048,55.20448],[60.95041,55.21988],[60.95841,55.23122],[60.96761,55.24262],[60.97146,55.26467],[60.97443,55.2688],[60.97563,55.27349],[60.98214,55.28181],[60.98387,55.29605],[60.98629,55.29883],[60.98933,55.30184],[60.99791,55.31875],[61.01177,55.33345],[61.02065,55.33857],[61.02241,55.3384],[61.02916,55.34159],[61.04768,55.34604],[61.06169,55.35108],[61.06197,55.352],[61.06406,55.35881],[61.06501,55.35922],[61.06546,55.36063],[61.06599,55.36129],[61.06886,55.36829],[61.07044,55.37059],[61.0692,55.37072],[61.06864,55.37102],[61.0687,55.37124],[61.06901,55.37144],[61.06869,55.3719],[61.06872,55.37225],[61.07195,55.37374],[61.07227,55.37417],[61.07176,55.3755],[61.07185,55.37616],[61.07323,55.37848],[61.0731,55.37918],[61.07319,55.37982],[61.07458,55.38094],[61.07429,55.38158],[61.07526,55.38308],[61.07505,55.38343],[61.07404,55.38357],[61.07403,55.38375],[61.07431,55.38396],[61.07659,55.3846],[61.08208,55.38478],[61.08346,55.38502],[61.08534,55.3859],[61.0875,55.38649],[61.08812,55.38735],[61.08959,55.38838],[61.09083,55.38884],[61.09267,55.389],[61.10251,55.39353],[61.11825,55.39837],[61.13102,55.40183],[61.1478,55.40899],[61.15022,55.41002],[61.15716,55.40876],[61.16115,55.40816],[61.1726,55.40642],[61.18039,55.40523],[61.18587,55.40439],[61.19166,55.40335],[61.19507,55.40433],[61.19978,55.4059],[61.20484,55.40758],[61.21885,55.41225],[61.22238,55.41302],[61.23125,55.41496],[61.23363,55.41812],[61.23995,55.41962],[61.25299,55.42265],[61.25689,55.42356],[61.26406,55.42446],[61.27287,55.42518],[61.29456,55.42752],[61.29627,55.4298],[61.29708,55.43192],[61.30125,55.43559],[61.28435,55.45291],[61.27975,55.45788],[61.28127,55.45749],[61.28308,55.45744],[61.28443,55.45792],[61.28466,55.45786],[61.28491,55.4569],[61.28535,55.45666],[61.29052,55.45583],[61.29224,55.45601],[61.29324,55.45636],[61.29616,55.45807],[61.29835,55.46],[61.29957,55.46044],[61.3013,55.46135],[61.30339,55.46292],[61.30466,55.46475],[61.30503,55.46588],[61.30507,55.46654],[61.30452,55.46866],[61.30411,55.4693],[61.30286,55.47052],[61.30112,55.47508],[61.29265,55.4831],[61.29139,55.48368],[61.28948,55.48426],[61.26777,55.49021],[61.25161,55.50094],[61.24684,55.50313],[61.26032,55.51201],[61.25859,55.51906],[61.25509,55.52407],[61.24574,55.53531],[61.24903,55.53737],[61.25497,55.53964],[61.25912,55.54227],[61.2657,55.55028],[61.27934,55.56591],[61.28602,55.56589],[61.30272,55.57121],[61.31226,55.57444],[61.29439,55.58964],[61.29312,55.59542],[61.28673,55.61046],[61.2856,55.61055],[61.28459,55.61062],[61.28299,55.61074],[61.28121,55.61072],[61.27896,55.61118],[61.2779,55.61112],[61.2767,55.61031],[61.27496,55.6099],[61.27475,55.60985],[61.27435,55.60995],[61.27358,55.61056],[61.27199,55.6099],[61.27082,55.60975],[61.26967,55.60961],[61.2679,55.6103],[61.26689,55.61044],[61.26642,55.6104],[61.2656,55.60997],[61.26427,55.60972],[61.26186,55.61038],[61.26096,55.60997],[61.26126,55.60959],[61.26094,55.60945],[61.2593,55.60978],[61.25808,55.6097],[61.25631,55.60997],[61.25503,55.60991],[61.25474,55.60989],[61.25349,55.61025],[61.2522,55.61028],[61.2499,55.61064],[61.24529,55.61169],[61.24364,55.61254],[61.2433,55.61291],[61.24312,55.61322],[61.24314,55.61389],[61.24331,55.61422],[61.2432,55.61446],[61.24287,55.61461],[61.24158,55.61453],[61.24119,55.6141],[61.23893,55.61408],[61.2379,55.6145],[61.23613,55.61489],[61.23373,55.62484],[61.2275,55.63174],[61.22726,55.63365],[61.22518,55.6337],[61.22019,55.63379],[61.22078,55.63909],[61.21554,55.64255],[61.28896,55.64156],[61.29098,55.64023],[61.29404,55.63971],[61.29851,55.6394],[61.30415,55.6398],[61.30908,55.64082],[61.31131,55.64146],[61.31255,55.64206],[61.31415,55.64237],[61.31421,55.64253],[61.31367,55.64274],[61.31347,55.64307],[61.31283,55.64324],[61.31256,55.64375],[61.31206,55.64405],[61.31225,55.64423],[61.31221,55.64469],[61.31257,55.64459],[61.31324,55.64471],[61.31285,55.64518],[61.31226,55.64523],[61.3357,55.64835],[61.35272,55.65082],[61.38036,55.6544],[61.38351,55.66015],[61.38646,55.66178],[61.38797,55.66238],[61.38844,55.66302],[61.38885,55.66451],[61.38987,55.66471],[61.39156,55.66466],[61.39275,55.66355],[61.39351,55.66245],[61.39438,55.66193],[61.39447,55.66169],[61.39431,55.6604],[61.39339,55.65944],[61.39253,55.65776],[61.39222,55.6553],[61.39221,55.65443],[61.39241,55.65389],[61.39355,55.65264],[61.39467,55.65192],[61.39751,55.65098],[61.39883,55.65076],[61.40048,55.65017],[61.40201,55.64988],[61.40212,55.64967],[61.4019,55.64935],[61.40345,55.64869],[61.40429,55.6481],[61.40368,55.64671],[61.40421,55.64502],[61.40478,55.64409],[61.40563,55.6437],[61.4059,55.64325],[61.4068,55.64294],[61.40699,55.64034],[61.40909,55.63758],[61.40919,55.63598],[61.40933,55.63575],[61.41118,55.63481],[61.41364,55.63448],[61.41678,55.63436],[61.41989,55.63447],[61.42296,55.63478],[61.42691,55.63563],[61.4322,55.62958],[61.43044,55.62828],[61.43001,55.62778],[61.42993,55.62599],[61.43016,55.62559],[61.43071,55.62521],[61.43133,55.62417],[61.43256,55.62363],[61.43409,55.62359],[61.43542,55.62373],[61.43793,55.62448],[61.45984,55.60228],[61.46814,55.59445],[61.48201,55.58057],[61.49676,55.55487],[61.4982,55.55273],[61.49976,55.55219],[61.50167,55.55209],[61.50327,55.55222],[61.50542,55.55269],[61.50584,55.55298],[61.50565,55.5534],[61.50534,55.55358],[61.50437,55.5537],[61.50422,55.55381],[61.50427,55.5541],[61.50482,55.55452],[61.50617,55.55442],[61.50742,55.55481],[61.50751,55.55504],[61.50727,55.55544],[61.50646,55.55598],[61.5068,55.55643],[61.50759,55.55701],[61.50884,55.55751],[61.50962,55.55758],[61.5107,55.55744],[61.51258,55.55758],[61.51344,55.55801],[61.51317,55.55869],[61.5133,55.55912],[61.51569,55.55983],[61.51633,55.55973],[61.5175,55.55987],[61.51909,55.55967],[61.52045,55.55899],[61.52054,55.55875],[61.52034,55.55844],[61.51943,55.55836],[61.51907,55.55811],[61.51994,55.55739],[61.52003,55.55648],[61.51972,55.55588],[61.51999,55.55551],[61.5223,55.55539],[61.52335,55.55506],[61.52406,55.55531],[61.52501,55.55539],[61.52552,55.55563],[61.52554,55.55616],[61.52649,55.55749],[61.5273,55.55769],[61.5279,55.55827],[61.52785,55.55913],[61.52741,55.5596],[61.52752,55.56004],[61.52813,55.56014],[61.52831,55.56034],[61.52838,55.56131],[61.52816,55.56176],[61.53004,55.56255],[61.53056,55.563],[61.53183,55.56364],[61.53253,55.56499],[61.53235,55.56564],[61.53152,55.56641],[61.53139,55.56708],[61.53097,55.56775],[61.52999,55.56834],[61.52958,55.56834],[61.52924,55.56803],[61.52885,55.56809],[61.52787,55.56862],[61.52786,55.56883],[61.5284,55.56902],[61.52877,55.56942],[61.52972,55.56941],[61.52997,55.56953],[61.52915,55.56988],[61.52919,55.57013],[61.52989,55.57022],[61.53092,55.56997],[61.53159,55.57048],[61.53217,55.57063],[61.53234,55.57122],[61.53311,55.57171],[61.53408,55.57154],[61.53493,55.57163],[61.53487,55.5718],[61.53425,55.57197],[61.53425,55.57225],[61.53441,55.57234],[61.5351,55.57246],[61.53616,55.57231],[61.53683,55.5719],[61.53798,55.57202],[61.53818,55.57224],[61.53833,55.57286],[61.53907,55.5731],[61.53731,55.57446],[61.53734,55.57463],[61.53809,55.57479],[61.53808,55.57507],[61.53753,55.57556],[61.53763,55.57578],[61.53844,55.57584],[61.53883,55.57609],[61.53783,55.57641],[61.53819,55.57708],[61.53972,55.57736],[61.54032,55.57709],[61.54055,55.57674],[61.54088,55.5768],[61.54131,55.57748],[61.54236,55.57797],[61.54294,55.57844],[61.54334,55.57901],[61.54344,55.58019],[61.54299,55.58056],[61.54312,55.58102],[61.54372,55.58133],[61.54583,55.58181],[61.54614,55.582],[61.54612,55.5824],[61.5468,55.58274],[61.54778,55.58278],[61.54842,55.58306],[61.54893,55.58308],[61.54971,55.58302],[61.5501,55.58258],[61.55059,55.5826],[61.55095,55.58281],[61.55132,55.58349],[61.55287,55.58394],[61.55375,55.58365],[61.55407,55.58322],[61.55459,55.58319],[61.55484,55.58333],[61.55471,55.58404],[61.55485,55.58421],[61.55599,55.58398],[61.55703,55.58457],[61.55793,55.58417],[61.5585,55.58418],[61.55869,55.58432],[61.55836,55.58498],[61.55846,55.58505],[61.56009,55.58473],[61.56026,55.58524],[61.56236,55.58487],[61.56322,55.58498],[61.56332,55.58485],[61.5631,55.58465],[61.56311,55.58442],[61.56388,55.58434],[61.56431,55.58466],[61.56393,55.58527],[61.56477,55.58523],[61.56588,55.58604],[61.56638,55.58565],[61.56637,55.58516],[61.56712,55.58465],[61.56779,55.5846],[61.56793,55.58465],[61.56793,55.58488],[61.58385,55.57657],[61.5823,55.5751],[61.58253,55.57382],[61.58093,55.57221],[61.57895,55.5695],[61.57933,55.56943],[61.57816,55.56671],[61.57793,55.56017],[61.57793,55.54996],[61.57763,55.54996],[61.57757,55.54813],[61.57757,55.54504],[61.57789,55.54504],[61.5779,55.53875],[61.57764,55.53875],[61.57768,55.52668],[61.57784,55.52363],[61.5777,55.52363],[61.57779,55.51447],[61.57816,55.51259],[61.57847,55.51261],[61.57964,55.50987],[61.59246,55.49052],[61.59217,55.49046],[61.59597,55.48455],[61.59775,55.48206],[61.59745,55.48199],[61.59833,55.48068],[61.59857,55.48031],[61.59887,55.48038],[61.60257,55.47456],[61.60357,55.4721],[61.60382,55.46942],[61.60406,55.46943],[61.60571,55.4434],[61.60524,55.44339],[61.60531,55.44146],[61.60013,55.44113],[61.59894,55.45342],[61.54186,55.45155],[61.5396,55.46389],[61.51126,55.46392],[61.51072,55.4585],[61.51221,55.45092],[61.5127,55.44041],[61.51237,55.43948],[61.51083,55.43676],[61.51012,55.43604],[61.50931,55.43551],[61.50872,55.43455],[61.50817,55.43127],[61.50816,55.43057],[61.50986,55.42622],[61.50871,55.41905],[61.50809,55.41187],[61.50781,55.40431],[61.50742,55.40321],[61.50721,55.40263],[61.51255,55.40026],[61.5199,55.39562],[61.51855,55.39337],[61.58741,55.38785],[61.59122,55.38854],[61.59403,55.38671],[61.59497,55.38545],[61.59506,55.38126],[61.59404,55.37977],[61.59178,55.37865],[61.59053,55.37783],[61.59031,55.37735],[61.59047,55.37707],[61.5908,55.37683],[61.59392,55.37636],[61.59552,55.37723],[61.59719,55.37512],[61.60063,55.37253],[61.60485,55.37398],[61.60388,55.35866],[61.60289,55.34624],[61.59406,55.3459],[61.57851,55.34504],[61.58202,55.34209],[61.56817,55.33144],[61.56509,55.32555],[61.56958,55.32285],[61.57257,55.31941],[61.57692,55.31564],[61.57776,55.31353],[61.57305,55.31255],[61.57144,55.31238],[61.57,55.31242],[61.56817,55.31272],[61.56554,55.31354],[61.5635,55.3144],[61.56294,55.31443],[61.56153,55.31508],[61.56071,55.31517],[61.55894,55.31574],[61.55673,55.31606],[61.55459,55.31593],[61.55387,55.31559],[61.55324,55.3156],[61.5513,55.31627],[61.5495,55.3171],[61.54469,55.31797],[61.54368,55.3156],[61.54429,55.31552],[61.54336,55.3128],[61.54311,55.31001],[61.54358,55.30723],[61.54527,55.30284],[61.54442,55.30501],[61.5378,55.30605],[61.52838,55.30681],[61.5239,55.30858],[61.51221,55.30835],[61.51308,55.31671],[61.50328,55.31708],[61.48,55.31427],[61.47946,55.31425],[61.4765,55.31402],[61.47341,55.31373],[61.46926,55.31347],[61.46802,55.31236],[61.46485,55.31236],[61.4599,55.30108],[61.43937,55.30117],[61.43988,55.31054],[61.43474,55.3141],[61.43172,55.31965],[61.40137,55.32086],[61.39863,55.30468],[61.37799,55.30112],[61.38041,55.30961],[61.36899,55.30966],[61.36378,55.30945],[61.35848,55.30938],[61.35056,55.30808],[61.35121,55.30761],[61.35109,55.3076],[61.35113,55.30736],[61.35091,55.307],[61.35027,55.30631],[61.35003,55.30626],[61.35025,55.30622],[61.34987,55.30591],[61.34997,55.30547],[61.35105,55.30461],[61.35122,55.3043],[61.35139,55.30436],[61.35151,55.30411],[61.35167,55.30417],[61.35194,55.30391],[61.3525,55.30383],[61.35333,55.30329],[61.35478,55.30273],[61.35538,55.30179],[61.35527,55.30125],[61.355,55.3012],[61.35499,55.30107],[61.35543,55.30086],[61.35525,55.30054],[61.3545,55.30025],[61.35408,55.29976],[61.35308,55.29935],[61.35169,55.29827],[61.34959,55.29699],[61.34935,55.29665],[61.34827,55.29632],[61.34839,55.29631],[61.34759,55.29557],[61.34772,55.29559],[61.34757,55.29524],[61.34708,55.29487],[61.34667,55.29377],[61.34641,55.29366],[61.34634,55.29316],[61.34694,55.29181],[61.34676,55.29055],[61.34795,55.28891],[61.34816,55.28828],[61.34906,55.28775],[61.34903,55.28757],[61.35028,55.287],[61.35097,55.28717],[61.35235,55.2865],[61.35247,55.28593],[61.35278,55.28577],[61.35273,55.28546],[61.35301,55.28531],[61.35295,55.28508],[61.35348,55.2847],[61.35407,55.28392],[61.35392,55.28318],[61.35424,55.28287],[61.35421,55.28258],[61.3537,55.28204],[61.35363,55.28166],[61.35384,55.28153],[61.3537,55.28068],[61.35382,55.28036],[61.35402,55.28029],[61.35409,55.27977],[61.35378,55.27943],[61.35388,55.27937],[61.3536,55.27925],[61.35358,55.27874],[61.3534,55.27846],[61.3535,55.27839],[61.35292,55.27818],[61.35285,55.27774],[61.35345,55.27729],[61.35467,55.2768],[61.35543,55.27629],[61.35643,55.27605],[61.35797,55.27528],[61.3589,55.275],[61.35938,55.27452],[61.3592,55.27421],[61.35967,55.27331],[61.35951,55.27323],[61.35961,55.27308],[61.35893,55.27275],[61.3588,55.27255],[61.3589,55.27244],[61.35864,55.27222],[61.35885,55.27142],[61.35869,55.27077],[61.35821,55.27],[61.35832,55.26989],[61.35824,55.26926],[61.35787,55.26904],[61.35793,55.26844],[61.35815,55.2682],[61.35833,55.26748],[61.35936,55.267],[61.35994,55.2664],[61.36029,55.26587],[61.36006,55.26561],[61.35927,55.26537],[61.35698,55.26538],[61.35463,55.26507],[61.35203,55.26567],[61.34892,55.26573],[61.34877,55.26601],[61.34836,55.26612],[61.34718,55.2657],[61.34512,55.26544],[61.34796,55.26085],[61.3297,55.2605],[61.32299,55.27031],[61.30732,55.26612],[61.28296,55.27222],[61.27806,55.27344],[61.2659,55.2551],[61.27318,55.24962],[61.27657,55.24707],[61.2833,55.242],[61.27562,55.23867],[61.28627,55.23057],[61.27269,55.22425],[61.26717,55.21169],[61.25039,55.16221],[61.24521,55.14648],[61.24361,55.14174],[61.24631,55.14116],[61.25224,55.14112],[61.27282,55.1425],[61.28573,55.13958],[61.28539,55.13752],[61.28661,55.13643],[61.28919,55.13727],[61.29561,55.1351],[61.30196,55.12899],[61.30194,55.12672],[61.30046,55.12394],[61.29371,55.11667],[61.2787,55.10717],[61.25301,55.09132],[61.24497,55.08598],[61.23247,55.0628],[61.22425,55.05064],[61.21422,55.04623],[61.2069,55.04642],[61.19945,55.04693],[61.18952,55.05392],[61.17452,55.05413],[61.15764,55.05434],[61.15254,55.05068],[61.14836,55.05299],[61.14364,55.05356],[61.14699,55.04915],[61.15855,55.04623],[61.16631,55.03996],[61.17103,55.04004],[61.17301,55.04253],[61.17531,55.04394],[61.17978,55.04789],[61.19141,55.04475],[61.19344,55.04072],[61.2007,55.03843],[61.21514,55.03783],[61.22172,55.03815],[61.22578,55.03945],[61.23301,55.04175],[61.24048,55.0461],[61.25188,55.04772],[61.2594,55.05157],[61.2973,55.07099],[61.30714,55.07603],[61.30943,55.0767],[61.31079,55.07722],[61.31227,55.07802],[61.31398,55.07668],[61.31454,55.07623],[61.31928,55.07816],[61.32627,55.07455],[61.32604,55.07339],[61.32597,55.0715],[61.32585,55.06779],[61.32531,55.06561],[61.32217,55.05794],[61.32836,55.04861],[61.33376,55.04303],[61.33931,55.03977],[61.32622,55.03631],[61.33842,55.02617],[61.34949,55.02948],[61.35122,55.0306],[61.35993,55.02486],[61.35738,55.01666],[61.36492,55.01593],[61.36698,55.01688],[61.36956,55.02355],[61.37728,55.02469],[61.38263,55.02265],[61.3928,55.01196],[61.3928,55.01196],[61.395,55.0115],[61.3902,55.0019],[61.3953,54.9953],[61.393,54.9909],[61.4058,54.9782],[61.38781,54.96685],[61.38426,54.96487],[61.37792,54.96046],[61.37222,54.95596],[61.37391,54.95421],[61.37462,54.95348],[61.37545,54.95262],[61.37619,54.95186],[61.37686,54.95116],[61.37778,54.95022],[61.37397,54.95024],[61.36725,54.94912],[61.36702,54.94551],[61.35762,54.94321],[61.34979,54.93371],[61.34283,54.92397],[61.34288,54.92248],[61.34481,54.92076],[61.34637,54.91771],[61.35525,54.91309],[61.35887,54.91183],[61.3587,54.90973],[61.35797,54.9097],[61.35578,54.90769],[61.35529,54.90499],[61.34608,54.90448],[61.34207,54.90575],[61.33701,54.90983],[61.3347,54.91018],[61.33286,54.90946],[61.33026,54.91138],[61.32563,54.91118],[61.32816,54.90864],[61.32291,54.90573],[61.32377,54.90442],[61.33438,54.89794],[61.33512,54.89786],[61.3365,54.8972],[61.33649,54.89709],[61.33645,54.8967],[61.34076,54.89468],[61.32859,54.86625],[61.32734,54.86509],[61.32686,54.86501],[61.32545,54.86069],[61.31888,54.86174],[61.3115,54.86328],[61.30332,54.86434],[61.29458,54.85436],[61.29031,54.85037],[61.28828,54.84789],[61.28064,54.84586],[61.2773,54.84519],[61.27576,54.84903],[61.27399,54.85115],[61.27078,54.85572],[61.27025,54.85587],[61.25843,54.83889],[61.25717,54.83762],[61.24359,54.82738],[61.24288,54.82669],[61.24258,54.82557],[61.23892,54.83641],[61.23694,54.84289],[61.23233,54.84948],[61.22967,54.85277],[61.22855,54.85278],[61.20271,54.84777],[61.19794,54.85174],[61.20046,54.85389],[61.17684,54.84716],[61.17033,54.8486],[61.1594,54.8539],[61.15115,54.85609],[61.14197,54.86048],[61.13062,54.86686],[61.11992,54.88369],[61.10917,54.89992],[61.10826,54.90182],[61.09599,54.90225],[60.98677,54.89727],[60.98947,54.90579],[60.97566,54.91286],[60.97188,54.91051],[60.96469,54.90784],[60.95151,54.90908],[60.94162,54.91325],[60.94206,54.92892],[60.94233,54.94336],[60.94223,54.94447],[60.94148,54.94509],[60.93545,54.94868],[60.93632,54.95016],[60.93948,54.95448],[60.94439,54.96183],[60.94357,54.96411],[60.93147,54.98574],[60.92945,54.99169],[60.92577,54.99616],[60.92326,55.00345],[60.92231,55.00572],[60.92386,55.00655],[60.92641,55.00863],[60.92548,55.0174],[60.925,55.01914],[60.92309,55.01943],[60.9216,55.01924],[60.90876,55.01915],[60.89514,55.01813],[60.88814,55.01872],[60.88888,55.01531],[60.89018,55.01164],[60.87919,55.00964],[60.87373,55.00835],[60.87125,55.00796],[60.86649,55.00783],[60.86548,55.00749],[60.86268,55.0071],[60.86595,54.99802],[60.86917,54.99151],[60.83805,54.98245],[60.83804,54.99703],[60.84303,54.99787],[60.84358,54.99846],[60.84383,55.00437],[60.84375,55.02023],[60.84408,55.02805],[60.84347,55.03638],[60.84335,55.04363],[60.84702,55.04289],[60.84723,55.04278],[60.84709,55.04264],[60.84846,55.04289],[60.85084,55.04288],[60.8521,55.04319],[60.85479,55.04485],[60.8549,55.0454],[60.85762,55.04635],[60.86109,55.04726],[60.8641,55.04708],[60.86674,55.04798],[60.86776,55.04796],[60.86861,55.04832],[60.8697,55.04849],[60.87052,55.04907],[60.87042,55.04944],[60.87057,55.04961],[60.87127,55.04998],[60.87195,55.05012],[60.87238,55.0506],[60.87297,55.05087],[60.87314,55.05137],[60.87416,55.05176],[60.87447,55.0522],[60.87448,55.05247],[60.87485,55.05285],[60.87483,55.05304],[60.8747,55.05301],[60.87433,55.05339],[60.84539,55.06652],[60.84304,55.06805],[60.84121,55.0688],[60.8361,55.07188],[60.83434,55.07255],[60.82931,55.07527],[60.82805,55.07574],[60.82567,55.077],[60.81845,55.08002],[60.80909,55.08572],[60.79238,55.09726],[60.79166,55.09676],[60.79137,55.09672],[60.7896,55.09725],[60.78824,55.09739],[60.78529,55.09839],[60.78117,55.0992],[60.73976,55.10569],[60.73416,55.1068],[60.73173,55.10677],[60.72975,55.10788],[60.72838,55.10951],[60.72781,55.1099],[60.72614,55.10985],[60.72259,55.11051],[60.71992,55.11143],[60.71797,55.11168],[60.71396,55.11296],[60.69695,55.12125]],[[61.33841,54.95052],[61.34192,54.9496],[61.34688,54.94824],[61.35062,54.94745],[61.3498,54.94646],[61.35164,54.94585],[61.35485,54.9449],[61.35567,54.9456],[61.35426,54.94617],[61.35544,54.94747],[61.35231,54.94849],[61.35304,54.95018],[61.35071,54.95043],[61.35064,54.95178],[61.35247,54.9513],[61.35336,54.95107],[61.35388,54.95155],[61.35494,54.95123],[61.35598,54.95303],[61.3551,54.95339],[61.35415,54.95216],[61.35376,54.95225],[61.35352,54.95402],[61.3517,54.95443],[61.35109,54.95386],[61.34663,54.95395],[61.34647,54.95298],[61.34464,54.95237],[61.34423,54.95166],[61.34507,54.95126],[61.34464,54.95071],[61.34085,54.95226],[61.33881,54.95213],[61.33859,54.9516],[61.33874,54.95129],[61.33841,54.95052]],[[61.24588,54.8735],[61.24941,54.8684],[61.25739,54.87079],[61.25891,54.86912],[61.26335,54.87052],[61.2644,54.86914],[61.2667,54.86961],[61.26573,54.87106],[61.26693,54.87144],[61.2656,54.87343],[61.26823,54.87522],[61.26644,54.87648],[61.25948,54.8748],[61.25943,54.87414],[61.25076,54.87198],[61.24905,54.87416],[61.24588,54.8735]],[[61.15567,54.86873],[61.16021,54.85747],[61.17314,54.85681],[61.17419,54.85422],[61.17941,54.85351],[61.17912,54.85199],[61.18315,54.85308],[61.18467,54.85188],[61.18722,54.85317],[61.18895,54.86565],[61.18398,54.87744],[61.17634,54.87756],[61.17317,54.87446],[61.15645,54.87514],[61.15567,54.86873]],[[61.2677,54.86576],[61.26995,54.85955],[61.26962,54.85826],[61.27095,54.85809],[61.27338,54.86133],[61.27517,54.86528],[61.27435,54.86556],[61.2725,54.86252],[61.27123,54.86261],[61.27069,54.86454],[61.26992,54.86456],[61.26913,54.86663],[61.26812,54.86655],[61.2677,54.86576]],[[61.31176,54.94309],[61.3128,54.93343],[61.31731,54.93258],[61.32691,54.93889],[61.32984,54.9441],[61.32848,54.94746],[61.33245,54.95453],[61.32537,54.95575],[61.32303,54.95217],[61.31848,54.94858],[61.31176,54.94309]]]]}},{"type":"Feature","properties":{"osm_id":-398413,"name":"Еткульский район","admin_level":6},"geometry":{"type":"MultiPolygon","coordinates":[[[[60.82113,54.77683],[60.83869,54.80062],[60.86534,54.82517],[60.90435,54.84845],[60.91697,54.85587],[60.92203,54.85272],[60.92716,54.85668],[60.9461,54.87195],[60.94987,54.87399],[60.95212,54.87602],[60.97011,54.88121],[60.96753,54.89643],[60.98677,54.89727],[61.09599,54.90225],[61.10826,54.90182],[61.10917,54.89992],[61.11992,54.88369],[61.13062,54.86686],[61.14197,54.86048],[61.15115,54.85609],[61.1594,54.8539],[61.17033,54.8486],[61.17684,54.84716],[61.20046,54.85389],[61.19794,54.85174],[61.20271,54.84777],[61.22855,54.85278],[61.22967,54.85277],[61.23233,54.84948],[61.23694,54.84289],[61.23892,54.83641],[61.24258,54.82557],[61.24288,54.82669],[61.24359,54.82738],[61.25717,54.83762],[61.25843,54.83889],[61.27025,54.85587],[61.27078,54.85572],[61.27399,54.85115],[61.27576,54.84903],[61.2773,54.84519],[61.28064,54.84586],[61.28828,54.84789],[61.29031,54.85037],[61.29458,54.85436],[61.30332,54.86434],[61.3115,54.86328],[61.31888,54.86174],[61.32545,54.86069],[61.32686,54.86501],[61.32734,54.86509],[61.32867,54.86512],[61.3298,54.86603],[61.34007,54.8738],[61.34581,54.87713],[61.34853,54.87703],[61.3495,54.87923],[61.35774,54.8856],[61.37544,54.87993],[61.37756,54.87961],[61.38022,54.88119],[61.3862,54.88189],[61.39766,54.88006],[61.40024,54.87977],[61.4099,54.87622],[61.41132,54.87599],[61.42379,54.87923],[61.42644,54.88069],[61.43653,54.88627],[61.44685,54.89672],[61.45114,54.89648],[61.45484,54.89907],[61.45586,54.89929],[61.45791,54.89876],[61.45846,54.89906],[61.45985,54.89923],[61.46003,54.90019],[61.46066,54.90062],[61.46278,54.90407],[61.4644,54.90329],[61.46508,54.90207],[61.46784,54.90158],[61.46847,54.90478],[61.47007,54.90701],[61.47123,54.90874],[61.47298,54.91035],[61.47344,54.91477],[61.47501,54.91533],[61.48177,54.92346],[61.48653,54.92931],[61.4878,54.93218],[61.48959,54.93269],[61.49017,54.93222],[61.49124,54.932],[61.49188,54.93215],[61.49268,54.9288],[61.49536,54.92883],[61.49685,54.91865],[61.48502,54.90841],[61.50154,54.90621],[61.50184,54.89591],[61.51936,54.89782],[61.52441,54.90261],[61.53192,54.90969],[61.53471,54.91232],[61.55689,54.91397],[61.56612,54.91461],[61.56922,54.91499],[61.57016,54.91524],[61.57386,54.92201],[61.5654,54.92297],[61.54954,54.93282],[61.55712,54.93886],[61.57011,54.94149],[61.5699,54.9461],[61.57205,54.95732],[61.5861,54.95729],[61.59377,54.96283],[61.59982,54.96606],[61.62618,54.97088],[61.63897,54.97468],[61.64318,54.9789],[61.67569,54.98355],[61.69686,54.98728],[61.70127,54.98781],[61.71369,54.97966],[61.78382,54.97915],[61.79837,54.97774],[61.82239,54.97566],[61.86625,54.97164],[61.91659,54.96833],[61.93327,54.97288],[61.946,54.97615],[61.96144,54.95616],[61.98787,54.97068],[61.98839,54.96994],[61.99197,54.96431],[61.99423,54.96121],[61.99924,54.9519],[62.00149,54.94945],[62.00796,54.94345],[62.00596,54.94042],[62.00416,54.93749],[62.0028,54.93503],[62.00086,54.93175],[62.00443,54.92248],[62.01033,54.90606],[62.03504,54.90767],[62.05476,54.90012],[62.06082,54.89314],[62.07112,54.881],[62.08232,54.8774],[62.08207,54.8768],[62.07399,54.86715],[62.08883,54.85516],[62.10879,54.83965],[62.11362,54.83981],[62.11544,54.83096],[62.11607,54.82691],[62.11879,54.81415],[62.11481,54.8124],[62.1119,54.79804],[62.10112,54.79896],[62.0981,54.79812],[62.09574,54.79664],[62.08853,54.79348],[62.07437,54.78768],[62.07267,54.78677],[62.06321,54.78026],[62.05846,54.77614],[62.05363,54.77184],[62.05003,54.76991],[62.04652,54.76803],[62.03715,54.76426],[62.03076,54.75366],[62.02867,54.74129],[62.02271,54.73494],[62.0147,54.72983],[62.01696,54.72388],[62.02956,54.72307],[62.05436,54.72705],[62.06386,54.72046],[62.08481,54.71989],[62.08199,54.70985],[62.07736,54.69138],[62.07772,54.68398],[62.07785,54.67561],[62.08068,54.67514],[62.11805,54.66889],[62.13086,54.66873],[62.1554,54.66839],[62.15013,54.64611],[62.14953,54.63716],[62.18428,54.62969],[62.19523,54.6279],[62.22204,54.60818],[62.17741,54.58998],[62.17822,54.58735],[62.13866,54.57115],[62.14217,54.56398],[62.12258,54.53636],[62.12529,54.52633],[62.10051,54.52498],[62.04707,54.53833],[62.03294,54.52902],[62.02511,54.52837],[61.99152,54.52326],[61.97607,54.55293],[61.97836,54.55619],[61.98091,54.55913],[61.97479,54.57123],[61.95252,54.57242],[61.94219,54.59729],[61.94491,54.59939],[61.9482,54.60025],[61.94904,54.60091],[61.96222,54.61201],[61.93769,54.61737],[61.93429,54.61678],[61.9317,54.62119],[61.92475,54.61925],[61.91777,54.61488],[61.87653,54.60665],[61.79783,54.59057],[61.82669,54.56458],[61.82291,54.55988],[61.81732,54.55023],[61.81088,54.5473],[61.79036,54.54972],[61.7851,54.55092],[61.72653,54.5509],[61.7186,54.55353],[61.71768,54.56179],[61.70971,54.56167],[61.7017,54.56125],[61.69161,54.56718],[61.6812,54.5738],[61.67792,54.57546],[61.67292,54.58462],[61.66021,54.58742],[61.62106,54.59586],[61.61591,54.60506],[61.60465,54.60513],[61.58731,54.61038],[61.58378,54.61507],[61.57362,54.6185],[61.56287,54.61649],[61.54623,54.61764],[61.53668,54.61965],[61.53674,54.62036],[61.53769,54.62042],[61.53971,54.61947],[61.54231,54.61925],[61.54242,54.61999],[61.54645,54.62054],[61.54629,54.62159],[61.54518,54.62153],[61.54348,54.62184],[61.54093,54.62322],[61.54098,54.62414],[61.54024,54.62439],[61.53647,54.62479],[61.53036,54.62494],[61.52891,54.62475],[61.52454,54.62419],[61.52298,54.62614],[61.5217,54.6299],[61.52033,54.63127],[61.51783,54.63198],[61.51617,54.63153],[61.50967,54.6326],[61.49633,54.64141],[61.48193,54.65046],[61.4395,54.65283],[61.43933,54.64116],[61.41595,54.64009],[61.36359,54.63915],[61.36351,54.64359],[61.35912,54.64597],[61.34757,54.65223],[61.34767,54.65616],[61.34337,54.65625],[61.33886,54.65837],[61.3303,54.65878],[61.32001,54.66104],[61.29157,54.65939],[61.27475,54.65884],[61.27224,54.65502],[61.2627,54.655],[61.25844,54.65281],[61.26804,54.63075],[61.26944,54.62913],[61.27093,54.6281],[61.27067,54.62765],[61.27025,54.62724],[61.26421,54.62308],[61.26145,54.62178],[61.25954,54.62347],[61.25874,54.62874],[61.25556,54.63141],[61.25389,54.63139],[61.25232,54.62977],[61.25118,54.62256],[61.24689,54.61907],[61.24429,54.61779],[61.23304,54.61825],[61.22706,54.61982],[61.2137,54.62029],[61.21787,54.63533],[61.21734,54.63821],[61.21335,54.64282],[61.2099,54.6429],[61.20977,54.64221],[61.20446,54.64286],[61.20466,54.64378],[61.20339,54.64417],[61.20294,54.64481],[61.20141,54.64497],[61.20021,54.64586],[61.204,54.64885],[61.20513,54.65127],[61.20599,54.655],[61.20519,54.65657],[61.20433,54.66145],[61.20599,54.66402],[61.20838,54.66467],[61.20864,54.66536],[61.17065,54.70652],[61.1889,54.73004],[61.18437,54.73552],[61.18039,54.73812],[61.17668,54.73871],[61.17168,54.74192],[61.16503,54.7399],[61.13978,54.73294],[61.13561,54.73141],[61.11704,54.72464],[61.07834,54.71452],[61.07036,54.71264],[61.06124,54.7105],[61.05403,54.7086],[61.0387,54.7049],[61.00912,54.6973],[60.99441,54.68915],[60.95242,54.67864],[60.98624,54.65651],[61.04199,54.65615],[61.04293,54.65012],[61.04437,54.63688],[61.04456,54.63108],[61.04235,54.63079],[61.0397,54.63123],[61.03768,54.63212],[61.03455,54.63267],[61.02833,54.6339],[61.02456,54.63387],[61.02037,54.63316],[61.01331,54.63353],[61.00816,54.63368],[61.00625,54.63295],[61.00099,54.63316],[60.99826,54.63283],[60.99558,54.63227],[60.99103,54.62957],[60.98536,54.62185],[60.97944,54.62096],[60.96765,54.62071],[60.96218,54.6202],[60.96034,54.61963],[60.95592,54.61958],[60.95374,54.61924],[60.95183,54.61853],[60.94993,54.61822],[60.94073,54.61991],[60.93951,54.62108],[60.93882,54.62127],[60.93526,54.62105],[60.93383,54.61985],[60.93367,54.6189],[60.9325,54.61902],[60.93152,54.61966],[60.87003,54.62832],[60.84579,54.63986],[60.83255,54.64953],[60.83593,54.65344],[60.83885,54.65685],[60.84129,54.6613],[60.84325,54.66578],[60.84639,54.6704],[60.84283,54.67827],[60.84723,54.68255],[60.8467,54.68439],[60.8522,54.69385],[60.84426,54.70395],[60.83444,54.70967],[60.82677,54.71436],[60.87458,54.7415],[60.8941,54.7523],[60.82113,54.77683]],[[61.26982,54.74018],[61.27162,54.73895],[61.27374,54.73807],[61.27711,54.73791],[61.27971,54.73779],[61.28308,54.73851],[61.2845,54.73733],[61.28832,54.73811],[61.28919,54.73719],[61.29065,54.73753],[61.29262,54.73552],[61.29239,54.73041],[61.29077,54.72674],[61.2943,54.71811],[61.30016,54.71718],[61.30563,54.7168],[61.30871,54.71581],[61.31558,54.71464],[61.31856,54.7153],[61.32344,54.70178],[61.32586,54.7045],[61.33023,54.70943],[61.3383,54.7185],[61.3615,54.72755],[61.37773,54.73107],[61.359,54.73731],[61.3573,54.74074],[61.36309,54.74095],[61.36674,54.74108],[61.37836,54.74308],[61.4037,54.74666],[61.41646,54.76631],[61.40316,54.76466],[61.39546,54.76397],[61.39424,54.76963],[61.39608,54.77149],[61.3965,54.77393],[61.38508,54.77479],[61.38716,54.78138],[61.38294,54.78274],[61.3828,54.78462],[61.38608,54.78717],[61.38903,54.78775],[61.39372,54.78801],[61.39327,54.78849],[61.39049,54.78843],[61.39018,54.78949],[61.39657,54.78947],[61.39685,54.79183],[61.39862,54.79285],[61.40115,54.79225],[61.40049,54.79365],[61.39678,54.79585],[61.39744,54.79724],[61.39348,54.79736],[61.38931,54.79944],[61.38931,54.79505],[61.38824,54.79421],[61.38501,54.79415],[61.38272,54.80154],[61.38383,54.80164],[61.3881,54.79966],[61.38931,54.8009],[61.39157,54.8008],[61.39258,54.80314],[61.3957,54.80392],[61.38852,54.80501],[61.37883,54.80521],[61.37562,54.8041],[61.36888,54.80326],[61.36355,54.80572],[61.36303,54.80752],[61.35986,54.80892],[61.35584,54.80924],[61.35532,54.8036],[61.34678,54.80282],[61.34189,54.80314],[61.32995,54.80144],[61.32815,54.8018],[61.32661,54.79696],[61.32621,54.79375],[61.32529,54.78647],[61.3283,54.78158],[61.32637,54.77486],[61.32207,54.77371],[61.31793,54.77115],[61.31446,54.76717],[61.30182,54.77261],[61.29287,54.77505],[61.29481,54.77794],[61.29255,54.77904],[61.28946,54.7754],[61.28603,54.76985],[61.28829,54.76951],[61.28495,54.76144],[61.2827,54.754],[61.28179,54.75384],[61.28176,54.7535],[61.28238,54.75294],[61.28252,54.75132],[61.28096,54.74857],[61.27561,54.74937],[61.27353,54.74516],[61.26982,54.74018]],[[61.19964,54.79285],[61.20421,54.7923],[61.21164,54.79266],[61.20802,54.78908],[61.20957,54.78165],[61.21491,54.78004],[61.21713,54.77781],[61.21833,54.76938],[61.22884,54.76158],[61.24571,54.77122],[61.25377,54.76775],[61.25822,54.77545],[61.25757,54.77686],[61.26158,54.78011],[61.26036,54.78468],[61.25489,54.79288],[61.2505,54.79585],[61.24299,54.79605],[61.24174,54.808],[61.23533,54.80888],[61.23137,54.80518],[61.22542,54.80606],[61.22389,54.80879],[61.21972,54.80662],[61.21995,54.8013],[61.21076,54.79516],[61.20087,54.79455],[61.19964,54.79285]],[[61.24698,54.67829],[61.24897,54.67338],[61.25169,54.67356],[61.25155,54.67252],[61.25214,54.67206],[61.25392,54.67168],[61.25597,54.67162],[61.25878,54.67085],[61.26028,54.67102],[61.26045,54.67252],[61.2619,54.67447],[61.26252,54.67639],[61.26115,54.67637],[61.26099,54.67689],[61.25955,54.67743],[61.25952,54.67855],[61.2577,54.67898],[61.25537,54.67909],[61.24698,54.67829]],[[61.26719,54.73517],[61.27642,54.733],[61.2795,54.73093],[61.2836,54.73083],[61.29237,54.73541],[61.29003,54.73711],[61.28908,54.73697],[61.2879,54.73787],[61.28445,54.73701],[61.2829,54.73805],[61.27981,54.73755],[61.27416,54.73783],[61.2689,54.73892],[61.26719,54.73517]],[[61.24025,54.70088],[61.24212,54.69797],[61.24334,54.69398],[61.24515,54.69396],[61.24649,54.7075],[61.24378,54.70767],[61.24333,54.70682],[61.24263,54.70673],[61.24226,54.70619],[61.24173,54.70619],[61.24025,54.7019],[61.24025,54.70088]],[[61.26275,54.72945],[61.27266,54.72629],[61.27642,54.73093],[61.27095,54.7335],[61.26617,54.73399],[61.26275,54.72945]]]]}},{"type":"Feature","properties":{"osm_id":-398411,"name":"Увельский район","admin_level":6},"geometry":{"type":"MultiPolygon","coordinates":[[[[60.83862,54.50722],[60.84401,54.51817],[60.84472,54.51992],[60.84692,54.52292],[60.86214,54.53165],[60.87752,54.52989],[60.88154,54.53032],[60.89145,54.5318],[60.91035,54.53053],[60.91365,54.52687],[60.91656,54.52614],[60.93204,54.54782],[60.93949,54.55859],[60.94206,54.56225],[60.94414,54.565],[60.94539,54.56723],[60.94987,54.57372],[60.95255,54.57687],[60.96639,54.59618],[60.96409,54.60447],[60.96038,54.61589],[60.96034,54.61963],[60.96218,54.6202],[60.96765,54.62071],[60.97944,54.62096],[60.98536,54.62185],[60.99103,54.62957],[60.99558,54.63227],[60.99826,54.63283],[61.00099,54.63316],[61.00625,54.63295],[61.00816,54.63368],[61.01331,54.63353],[61.02037,54.63316],[61.02456,54.63387],[61.02833,54.6339],[61.03455,54.63267],[61.03768,54.63212],[61.0397,54.63123],[61.04235,54.63079],[61.04456,54.63108],[61.04437,54.63688],[61.04293,54.65012],[61.04199,54.65615],[60.98624,54.65651],[60.95242,54.67864],[60.99441,54.68915],[61.00912,54.6973],[61.0387,54.7049],[61.05403,54.7086],[61.06124,54.7105],[61.07036,54.71264],[61.07834,54.71452],[61.11704,54.72464],[61.13561,54.73141],[61.13978,54.73294],[61.16503,54.7399],[61.17168,54.74192],[61.17668,54.73871],[61.18039,54.73812],[61.18437,54.73552],[61.1889,54.73004],[61.17065,54.70652],[61.20864,54.66536],[61.20838,54.66467],[61.20599,54.66402],[61.20433,54.66145],[61.20519,54.65657],[61.20599,54.655],[61.20513,54.65127],[61.204,54.64885],[61.20021,54.64586],[61.20141,54.64497],[61.20294,54.64481],[61.20339,54.64417],[61.20466,54.64378],[61.20446,54.64286],[61.20977,54.64221],[61.2099,54.6429],[61.21335,54.64282],[61.21734,54.63821],[61.21787,54.63533],[61.2137,54.62029],[61.22706,54.61982],[61.23304,54.61825],[61.24429,54.61779],[61.24689,54.61907],[61.25118,54.62256],[61.25232,54.62977],[61.25389,54.63139],[61.25556,54.63141],[61.25874,54.62874],[61.25954,54.62347],[61.26145,54.62178],[61.26421,54.62308],[61.27025,54.62724],[61.27067,54.62765],[61.27093,54.6281],[61.26944,54.62913],[61.26804,54.63075],[61.25844,54.65281],[61.2627,54.655],[61.27224,54.65502],[61.27475,54.65884],[61.29157,54.65939],[61.32001,54.66104],[61.3303,54.65878],[61.33886,54.65837],[61.34337,54.65625],[61.34767,54.65616],[61.34757,54.65223],[61.35912,54.64597],[61.36351,54.64359],[61.36359,54.63915],[61.41595,54.64009],[61.43933,54.64116],[61.4395,54.65283],[61.48193,54.65046],[61.49633,54.64141],[61.50967,54.6326],[61.51617,54.63153],[61.51783,54.63198],[61.52033,54.63127],[61.5217,54.6299],[61.52298,54.62614],[61.52454,54.62419],[61.52891,54.62475],[61.53036,54.62494],[61.53647,54.62479],[61.54024,54.62439],[61.54098,54.62414],[61.54093,54.62322],[61.54348,54.62184],[61.54518,54.62153],[61.54629,54.62159],[61.54645,54.62054],[61.54242,54.61999],[61.54231,54.61925],[61.53971,54.61947],[61.53769,54.62042],[61.53674,54.62036],[61.53668,54.61965],[61.54623,54.61764],[61.56287,54.61649],[61.57362,54.6185],[61.58378,54.61507],[61.58731,54.61038],[61.60465,54.60513],[61.61591,54.60506],[61.62106,54.59586],[61.66021,54.58742],[61.67292,54.58462],[61.67792,54.57546],[61.6812,54.5738],[61.69161,54.56718],[61.7017,54.56125],[61.70971,54.56167],[61.71768,54.56179],[61.7186,54.55353],[61.72653,54.5509],[61.7851,54.55092],[61.79036,54.54972],[61.81088,54.5473],[61.81732,54.55023],[61.82291,54.55988],[61.82669,54.56458],[61.79783,54.59057],[61.87653,54.60665],[61.91777,54.61488],[61.92475,54.61925],[61.9317,54.62119],[61.93429,54.61678],[61.93769,54.61737],[61.96222,54.61201],[61.94904,54.60091],[61.9482,54.60025],[61.94491,54.59939],[61.94219,54.59729],[61.95252,54.57242],[61.97479,54.57123],[61.98091,54.55913],[61.97836,54.55619],[61.97607,54.55293],[61.99152,54.52326],[62.02511,54.52837],[62.03294,54.52902],[62.04707,54.53833],[62.10051,54.52498],[62.12529,54.52633],[62.14392,54.45866],[62.13193,54.44426],[62.15095,54.42154],[62.14194,54.41889],[62.11809,54.41057],[62.06531,54.39245],[62.04769,54.38587],[61.99831,54.37515],[62.00737,54.36605],[61.95212,54.36344],[61.95265,54.36247],[61.95308,54.36092],[61.95309,54.36023],[61.96042,54.35954],[61.96762,54.35863],[61.98683,54.35677],[61.99616,54.33785],[61.97329,54.33858],[61.97562,54.33177],[61.96771,54.33109],[61.95516,54.32966],[61.94702,54.3289],[61.93545,54.32502],[61.93924,54.3216],[61.94379,54.31781],[61.94878,54.31399],[61.95687,54.30687],[61.96029,54.30345],[61.95505,54.29638],[61.96386,54.29079],[61.97211,54.28168],[61.95782,54.27798],[61.95236,54.27716],[61.94868,54.2531],[61.93764,54.25097],[61.92851,54.24874],[61.87998,54.25061],[61.88005,54.26591],[61.87979,54.27063],[61.8799,54.28142],[61.87331,54.2944],[61.86998,54.30172],[61.86159,54.3004],[61.85357,54.29953],[61.82055,54.29192],[61.80171,54.29106],[61.78458,54.29005],[61.76031,54.28914],[61.74976,54.28806],[61.73222,54.30174],[61.74571,54.30897],[61.76561,54.31724],[61.77018,54.32633],[61.77579,54.33805],[61.75613,54.33837],[61.75494,54.33958],[61.75213,54.34152],[61.75066,54.34154],[61.74624,54.34148],[61.74269,54.34084],[61.73879,54.3391],[61.73741,54.33868],[61.73713,54.33838],[61.73711,54.33733],[61.71663,54.33688],[61.71053,54.34573],[61.70796,54.35184],[61.69019,54.35392],[61.6835,54.35456],[61.68148,54.34869],[61.67783,54.34288],[61.6613,54.32641],[61.65691,54.30597],[61.60078,54.30524],[61.60271,54.31562],[61.6042,54.32604],[61.60508,54.33105],[61.60625,54.33488],[61.61053,54.35072],[61.61156,54.35544],[61.61889,54.35863],[61.64433,54.36544],[61.65471,54.36488],[61.66375,54.36451],[61.66728,54.36439],[61.66787,54.36596],[61.66785,54.37338],[61.66216,54.37786],[61.65807,54.38181],[61.65872,54.38656],[61.65898,54.39076],[61.65997,54.39947],[61.6579,54.40246],[61.65578,54.40275],[61.65158,54.40363],[61.64702,54.40618],[61.64125,54.41799],[61.64028,54.42083],[61.63498,54.41935],[61.60761,54.41328],[61.59924,54.41193],[61.57861,54.40778],[61.56226,54.39953],[61.55959,54.39518],[61.55847,54.39053],[61.55519,54.3793],[61.55183,54.36691],[61.5493,54.35938],[61.54667,54.35042],[61.53406,54.34459],[61.52293,54.33912],[61.51962,54.33504],[61.5129,54.32577],[61.50758,54.31326],[61.49906,54.31357],[61.47464,54.31641],[61.46187,54.31771],[61.4472,54.31965],[61.44682,54.32014],[61.4451,54.31972],[61.42573,54.34836],[61.42399,54.34756],[61.41906,54.34647],[61.41033,54.34487],[61.39677,54.34288],[61.39698,54.34548],[61.39914,54.3455],[61.39788,54.35448],[61.38837,54.35557],[61.38849,54.36194],[61.38114,54.36272],[61.38098,54.36321],[61.38031,54.36404],[61.38064,54.36545],[61.38207,54.36959],[61.37872,54.36961],[61.37357,54.37072],[61.36471,54.37138],[61.35565,54.34527],[61.34941,54.32658],[61.34552,54.31619],[61.34389,54.31139],[61.34064,54.3018],[61.34387,54.28541],[61.34128,54.27883],[61.33534,54.27568],[61.33332,54.26937],[61.31251,54.26884],[61.31236,54.27522],[61.26863,54.27438],[61.24429,54.25911],[61.23916,54.258],[61.22347,54.26058],[61.19965,54.26403],[61.1746,54.26812],[61.16875,54.27363],[61.17463,54.27279],[61.18494,54.29912],[61.18889,54.30852],[61.19321,54.31964],[61.15609,54.32454],[61.15863,54.33244],[61.16037,54.33705],[61.16257,54.34158],[61.16289,54.34292],[61.16245,54.34294],[61.15863,54.34312],[61.15711,54.34328],[61.15599,54.3436],[61.15472,54.34368],[61.15136,54.34357],[61.14961,54.3444],[61.14896,54.3445],[61.14812,54.34443],[61.14668,54.34433],[61.14493,54.34348],[61.14276,54.34306],[61.13978,54.34314],[61.13775,54.34299],[61.13686,54.34266],[61.13575,54.3418],[61.13201,54.34149],[61.1292,54.34242],[61.12871,54.34296],[61.12657,54.34415],[61.12659,54.36296],[61.15609,54.35587],[61.15633,54.38504],[61.17928,54.38464],[61.18109,54.39325],[61.1817,54.39765],[61.17945,54.39826],[61.17576,54.39887],[61.16928,54.39887],[61.16594,54.39908],[61.16678,54.40185],[61.17253,54.41545],[61.17398,54.41922],[61.18084,54.41976],[61.20927,54.42004],[61.21426,54.42004],[61.21436,54.41993],[61.21484,54.42006],[61.24042,54.42027],[61.24042,54.42059],[61.24202,54.42072],[61.24404,54.42121],[61.24929,54.422],[61.24919,54.418],[61.24948,54.41337],[61.25013,54.41267],[61.25174,54.41187],[61.25396,54.41142],[61.25859,54.41099],[61.26003,54.41073],[61.26513,54.41284],[61.28142,54.39734],[61.29302,54.38718],[61.29396,54.38737],[61.29357,54.38835],[61.29047,54.40383],[61.291,54.40402],[61.29146,54.4047],[61.29202,54.40486],[61.29257,54.40453],[61.2939,54.40284],[61.29435,54.4029],[61.2948,54.40256],[61.29511,54.40188],[61.29536,54.40178],[61.29576,54.40178],[61.29776,54.4025],[61.29774,54.40331],[61.2981,54.40372],[61.29581,54.40634],[61.29666,54.40695],[61.2957,54.40833],[61.29397,54.40806],[61.29271,54.40971],[61.29124,54.40956],[61.29091,54.4106],[61.2905,54.41101],[61.29171,54.41114],[61.29195,54.41208],[61.29181,54.41278],[61.29088,54.41384],[61.28926,54.41432],[61.2905,54.41503],[61.29123,54.41469],[61.29219,54.41451],[61.29442,54.4148],[61.29756,54.41588],[61.29874,54.41652],[61.30449,54.42322],[61.3038,54.42555],[61.30679,54.42949],[61.30425,54.43044],[61.30263,54.43271],[61.30305,54.43358],[61.30175,54.4366],[61.30104,54.43716],[61.30071,54.43944],[61.29815,54.44013],[61.29867,54.4414],[61.29834,54.44157],[61.29461,54.44203],[61.29204,54.44197],[61.28923,54.44258],[61.28805,54.44342],[61.28673,54.44322],[61.28638,54.4451],[61.29005,54.44475],[61.29063,54.44475],[61.29307,54.44468],[61.29524,54.44494],[61.29514,54.44515],[61.29934,54.44591],[61.3034,54.44676],[61.31184,54.44865],[61.31178,54.44949],[61.31224,54.45069],[61.31268,54.45106],[61.3124,54.45242],[61.31312,54.45246],[61.31285,54.454],[61.31307,54.4543],[61.31387,54.45538],[61.31535,54.45591],[61.31568,54.45642],[61.31544,54.45727],[61.3149,54.45759],[61.31354,54.45788],[61.31206,54.45771],[61.3099,54.45778],[61.30974,54.45774],[61.30967,54.45729],[61.3098,54.45646],[61.30953,54.45609],[61.30875,54.45594],[61.30828,54.45604],[61.30904,54.4579],[61.30873,54.4584],[61.30761,54.45856],[61.30623,54.45844],[61.30602,54.45864],[61.30609,54.45925],[61.30588,54.45955],[61.30555,54.45961],[61.30446,54.45966],[61.30163,54.45937],[61.30342,54.46074],[61.30413,54.46187],[61.3046,54.46233],[61.30511,54.46244],[61.30543,54.4628],[61.30525,54.46283],[61.30513,54.46285],[61.304,54.46294],[61.30396,54.46315],[61.30337,54.46349],[61.30457,54.46371],[61.30362,54.46389],[61.30311,54.46369],[61.30272,54.46413],[61.3027,54.46437],[61.30167,54.46483],[61.30164,54.46511],[61.30206,54.46532],[61.30176,54.46617],[61.30185,54.46657],[61.30211,54.46666],[61.30344,54.46633],[61.30416,54.46641],[61.30364,54.46707],[61.3023,54.46795],[61.30223,54.46825],[61.3042,54.4692],[61.30386,54.47013],[61.30715,54.47184],[61.30685,54.47273],[61.30282,54.47988],[61.30118,54.48463],[61.2997,54.48517],[61.29655,54.48558],[61.29521,54.48539],[61.29591,54.48427],[61.29574,54.48283],[61.29212,54.47871],[61.28714,54.47504],[61.28267,54.47244],[61.28162,54.47118],[61.28044,54.46868],[61.27772,54.4677],[61.27786,54.46714],[61.27741,54.46711],[61.2762,54.46611],[61.26423,54.46644],[61.26261,54.46617],[61.26133,54.46717],[61.25918,54.46852],[61.26096,54.47526],[61.2612,54.47579],[61.26229,54.4772],[61.26102,54.4801],[61.26048,54.48072],[61.25961,54.48247],[61.25943,54.48353],[61.26074,54.48461],[61.26077,54.485],[61.25864,54.48714],[61.25816,54.48833],[61.25542,54.49001],[61.25596,54.49031],[61.25622,54.49081],[61.25618,54.49153],[61.25557,54.4925],[61.25631,54.49336],[61.25867,54.49499],[61.2621,54.49782],[61.26509,54.49939],[61.26608,54.50029],[61.26644,54.50158],[61.26658,54.50336],[61.26594,54.50461],[61.26431,54.50652],[61.26194,54.50847],[61.25887,54.51024],[61.25708,54.51171],[61.25603,54.51209],[61.25541,54.51271],[61.25237,54.51408],[61.24907,54.51591],[61.24698,54.51654],[61.24279,54.51721],[61.23592,54.51762],[61.23231,54.51752],[61.22924,54.51819],[61.22771,54.51829],[61.22674,54.51873],[61.22561,54.51893],[61.22464,54.51966],[61.21539,54.523],[61.21277,54.52505],[61.2117,54.52547],[61.20848,54.52639],[61.20602,54.52693],[61.2048,54.52703],[61.20348,54.5276],[61.20227,54.52789],[61.20175,54.52789],[61.20209,54.52766],[61.20166,54.52751],[61.19967,54.5278],[61.19879,54.52818],[61.19731,54.52918],[61.19658,54.53011],[61.19501,54.53023],[61.19499,54.53086],[61.19373,54.53198],[61.19257,54.53198],[61.1924,54.53158],[61.19289,54.53066],[61.19327,54.53034],[61.19367,54.5291],[61.19364,54.52867],[61.19529,54.52653],[61.19898,54.52387],[61.2021,54.52193],[61.20407,54.52103],[61.20595,54.52043],[61.2084,54.5203],[61.20877,54.52008],[61.20845,54.51962],[61.20967,54.51897],[61.21116,54.51871],[61.2112,54.51826],[61.21145,54.51803],[61.21201,54.51848],[61.21235,54.51853],[61.21289,54.51833],[61.21306,54.5177],[61.21357,54.51758],[61.21375,54.51784],[61.21434,54.51797],[61.21487,54.51797],[61.21518,54.5178],[61.21523,54.51759],[61.21566,54.51751],[61.21602,54.51767],[61.21643,54.51763],[61.21731,54.51638],[61.21925,54.51697],[61.22036,54.51657],[61.22149,54.51583],[61.22362,54.51504],[61.22424,54.51387],[61.22535,54.51304],[61.22559,54.51247],[61.22537,54.51224],[61.22544,54.51203],[61.22584,54.51156],[61.22649,54.51137],[61.22661,54.51088],[61.22635,54.51043],[61.22659,54.50967],[61.22596,54.5094],[61.22583,54.50914],[61.22628,54.50886],[61.22563,54.50727],[61.2252,54.50443],[61.22336,54.50472],[61.22211,54.50453],[61.22063,54.50508],[61.2194,54.50479],[61.21816,54.50511],[61.21818,54.50494],[61.21866,54.50468],[61.22056,54.50468],[61.22161,54.50429],[61.22294,54.50437],[61.2248,54.50399],[61.22519,54.50353],[61.22678,54.50288],[61.22776,54.50173],[61.22807,54.50169],[61.22818,54.50147],[61.22793,54.50109],[61.2285,54.501],[61.22882,54.50072],[61.22912,54.49999],[61.22873,54.49959],[61.22923,54.49911],[61.22924,54.49883],[61.229,54.49862],[61.22918,54.4983],[61.229,54.49771],[61.2286,54.49774],[61.22752,54.49703],[61.22592,54.49666],[61.2257,54.49656],[61.22566,54.49615],[61.22455,54.49608],[61.22299,54.49548],[61.22206,54.49546],[61.22167,54.49507],[61.22359,54.49485],[61.22368,54.49456],[61.22429,54.49443],[61.22435,54.49424],[61.22406,54.49397],[61.22424,54.49382],[61.226,54.4933],[61.2263,54.49267],[61.22692,54.49206],[61.22652,54.49167],[61.2267,54.49147],[61.22714,54.49135],[61.22743,54.49156],[61.22806,54.4916],[61.22823,54.49144],[61.2281,54.49093],[61.22884,54.49027],[61.22995,54.49013],[61.2301,54.48993],[61.2309,54.48975],[61.23049,54.48898],[61.23067,54.48879],[61.23025,54.48806],[61.23073,54.48788],[61.23068,54.48762],[61.23017,54.48738],[61.23047,54.48708],[61.23045,54.48654],[61.23064,54.48625],[61.2303,54.48616],[61.23023,54.48586],[61.23081,54.48588],[61.23143,54.48533],[61.23155,54.48467],[61.23137,54.48388],[61.23063,54.48336],[61.23063,54.48323],[61.23099,54.48316],[61.23092,54.48283],[61.23027,54.48256],[61.2302,54.48239],[61.23049,54.48157],[61.22955,54.48106],[61.22945,54.48065],[61.22822,54.47949],[61.22641,54.47921],[61.2262,54.47883],[61.22534,54.47855],[61.2254,54.47827],[61.22521,54.47817],[61.22465,54.47797],[61.22414,54.47808],[61.22442,54.47772],[61.22383,54.47736],[61.22306,54.47719],[61.22226,54.47755],[61.22162,54.47752],[61.22151,54.47734],[61.22172,54.47715],[61.22156,54.47702],[61.22179,54.4769],[61.22162,54.47664],[61.22044,54.47675],[61.2201,54.47652],[61.21782,54.47628],[61.21733,54.47592],[61.21743,54.47568],[61.21695,54.4756],[61.21672,54.47539],[61.21602,54.47554],[61.21578,54.47533],[61.21495,54.47519],[61.21495,54.47502],[61.21462,54.47492],[61.21389,54.47499],[61.21417,54.47434],[61.21453,54.47401],[61.21427,54.47357],[61.21367,54.47327],[61.21283,54.47326],[61.2123,54.47244],[61.21134,54.47185],[61.21096,54.47182],[61.21049,54.47131],[61.21003,54.47112],[61.21,54.47083],[61.20948,54.47078],[61.20926,54.47052],[61.2083,54.47014],[61.20812,54.46981],[61.20852,54.46963],[61.20837,54.46932],[61.20777,54.46884],[61.20782,54.46845],[61.20755,54.46838],[61.20671,54.4665],[61.2064,54.46637],[61.20607,54.46584],[61.20611,54.46536],[61.20569,54.4652],[61.20558,54.46496],[61.2057,54.46487],[61.20534,54.46398],[61.20547,54.46382],[61.2054,54.46352],[61.20496,54.46289],[61.20505,54.46225],[61.20477,54.46152],[61.20484,54.46136],[61.20456,54.46066],[61.20408,54.46017],[61.204,54.45929],[61.20367,54.45851],[61.20331,54.45818],[61.20276,54.45802],[61.2012,54.45822],[61.20014,54.45795],[61.20021,54.45773],[61.20095,54.45792],[61.20255,54.4578],[61.20297,54.45755],[61.20338,54.4576],[61.20439,54.45726],[61.20497,54.45666],[61.20452,54.45629],[61.20489,54.45569],[61.19906,54.45218],[61.19725,54.45092],[61.19573,54.44544],[61.19509,54.44243],[61.18942,54.42033],[61.17923,54.42008],[61.16275,54.41855],[61.14275,54.41521],[61.13187,54.4142],[61.12798,54.41417],[61.09596,54.41493],[61.09453,54.4151],[61.09409,54.41499],[61.08885,54.41507],[61.06524,54.41566],[61.06493,54.41513],[61.06456,54.41494],[61.0629,54.41083],[61.05143,54.4123],[61.04283,54.41273],[61.0358,54.4144],[61.03247,54.4148],[61.0409,54.43551],[61.03994,54.43511],[61.03878,54.43502],[61.03779,54.43467],[61.03547,54.43475],[61.03424,54.43399],[61.03352,54.43399],[61.03096,54.43462],[61.0299,54.43456],[61.0294,54.43425],[61.02923,54.43393],[61.02923,54.43364],[61.02985,54.43298],[61.02982,54.43261],[61.02955,54.43226],[61.02926,54.43203],[61.02748,54.43193],[61.02659,54.43173],[61.0113,54.44049],[61.00772,54.44185],[61.00058,54.44939],[60.99791,54.45194],[60.99707,54.45314],[60.95964,54.45226],[60.95137,54.45577],[60.91015,54.47187],[60.91336,54.47932],[60.91484,54.48376],[60.91829,54.49173],[60.89637,54.49598],[60.86374,54.50044],[60.83862,54.50722]],[[61.20815,54.58654],[61.23795,54.5805],[61.25564,54.61236],[61.2818,54.62011],[61.28499,54.62145],[61.28838,54.62522],[61.2909,54.62844],[61.29107,54.63016],[61.29307,54.63172],[61.29542,54.63277],[61.30011,54.63282],[61.30103,54.63366],[61.30037,54.63418],[61.29355,54.63595],[61.29628,54.64379],[61.28844,54.64304],[61.27949,54.64308],[61.28073,54.63527],[61.27727,54.62936],[61.27907,54.62855],[61.27898,54.62711],[61.28037,54.62618],[61.28176,54.62552],[61.28568,54.62513],[61.28381,54.62256],[61.28438,54.62219],[61.28301,54.62157],[61.28124,54.62127],[61.27932,54.62309],[61.2759,54.62488],[61.27207,54.62645],[61.27221,54.62693],[61.2708,54.62759],[61.27045,54.62716],[61.2651,54.62272],[61.26145,54.62117],[61.25877,54.62332],[61.25815,54.6286],[61.25552,54.63071],[61.25427,54.63075],[61.25301,54.62966],[61.25216,54.62262],[61.24783,54.61879],[61.24463,54.61734],[61.23288,54.61761],[61.22655,54.61912],[61.2136,54.61968],[61.20815,54.58654]]]]}},{"type":"Feature","properties":{"osm_id":-398395,"name":"Кунашакский район","admin_level":6},"geometry":{"type":"MultiPolygon","coordinates":[[[[60.93512,55.75705],[60.93599,55.75871],[60.93688,55.76108],[60.93692,55.76283],[60.93757,55.76448],[60.93904,55.76609],[60.93915,55.76895],[60.9403,55.77305],[60.94023,55.77394],[60.94076,55.77559],[60.94175,55.7762],[60.94357,55.77644],[60.94383,55.77759],[60.94524,55.77992],[60.94699,55.78291],[60.94785,55.78312],[60.94951,55.78472],[60.95104,55.78556],[60.95176,55.78702],[60.95128,55.78754],[60.9513,55.78815],[60.95177,55.78892],[60.94978,55.7894],[60.95063,55.7905],[60.95247,55.79],[60.9534,55.79151],[60.95449,55.79268],[60.95542,55.79345],[60.95898,55.79571],[60.96537,55.80178],[60.96553,55.80193],[60.96895,55.80279],[60.9684,55.80512],[60.96832,55.80995],[60.96908,55.8124],[60.97024,55.81398],[60.97058,55.81587],[60.97026,55.81655],[60.97095,55.81743],[60.97287,55.818],[60.97439,55.81904],[60.97475,55.82002],[60.97456,55.82081],[60.97313,55.82188],[60.97377,55.82229],[60.97586,55.82291],[60.97779,55.82392],[60.97881,55.8247],[60.98048,55.82544],[60.98387,55.8263],[60.98646,55.82717],[60.98901,55.82773],[60.99196,55.82817],[60.99856,55.82807],[61.00291,55.82742],[61.00846,55.8286],[61.00287,55.83854],[61.003,55.83857],[61.00291,55.83875],[61.00136,55.84074],[61.00129,55.84231],[61.00025,55.84374],[60.99992,55.84505],[61.00018,55.84663],[61.00123,55.85054],[61.00099,55.85068],[61.00527,55.85348],[61.0116,55.85596],[61.00836,55.86032],[61.01344,55.86405],[61.015,55.86695],[61.03091,55.8813],[61.03787,55.88888],[61.04125,55.89161],[61.04646,55.89706],[61.04862,55.89958],[61.06597,55.89723],[61.06837,55.90098],[61.07,55.90625],[61.07701,55.90664],[61.08486,55.90849],[61.07997,55.915],[61.09116,55.92823],[61.09308,55.93584],[61.09826,55.94251],[61.09847,55.94907],[61.09754,55.94954],[61.0975,55.94999],[61.09753,55.95043],[61.09781,55.95082],[61.0986,55.95089],[61.09881,55.95112],[61.09879,55.95134],[61.09839,55.95172],[61.09849,55.95215],[61.09838,55.95234],[61.09795,55.95263],[61.09725,55.95277],[61.09697,55.9533],[61.09699,55.95368],[61.09649,55.95423],[61.09646,55.95474],[61.09618,55.95504],[61.09612,55.95543],[61.09558,55.95634],[61.09543,55.95749],[61.09575,55.9578],[61.0962,55.95871],[61.09704,55.95909],[61.0969,55.95963],[61.09619,55.96033],[61.09618,55.96077],[61.09668,55.96101],[61.09547,55.96144],[61.0946,55.96151],[61.09418,55.96227],[61.09336,55.96274],[61.09306,55.96357],[61.09058,55.96522],[61.09022,55.96576],[61.09019,55.9662],[61.08993,55.96645],[61.08701,55.96737],[61.08732,55.96813],[61.08706,55.96875],[61.08675,55.96899],[61.08633,55.96882],[61.08576,55.96946],[61.08468,55.96991],[61.0851,55.97028],[61.08457,55.97083],[61.08492,55.97271],[61.08349,55.97491],[61.08178,55.97701],[61.08108,55.97747],[61.08095,55.97796],[61.08013,55.97834],[61.07947,55.9789],[61.07906,55.97959],[61.07727,55.98018],[61.07656,55.98112],[61.0765,55.98174],[61.07575,55.98234],[61.07636,55.98304],[61.07874,55.98451],[61.07883,55.98479],[61.07863,55.9852],[61.07893,55.98558],[61.07872,55.98575],[61.07823,55.98578],[61.0783,55.98601],[61.07812,55.98684],[61.07789,55.98701],[61.07805,55.98717],[61.07764,55.98727],[61.07765,55.98753],[61.07873,55.98795],[61.07946,55.98872],[61.08085,55.989],[61.08116,55.98925],[61.08127,55.98958],[61.08207,55.98981],[61.08255,55.99039],[61.0829,55.99159],[61.08209,55.99238],[61.08043,55.99296],[61.07825,55.99237],[61.07556,55.99285],[61.07541,55.99318],[61.07572,55.99363],[61.07424,55.99472],[61.07404,55.99527],[61.07364,55.99543],[61.07366,55.99555],[61.07426,55.99562],[61.07335,55.99597],[61.07372,55.99638],[61.07373,55.9966],[61.0732,55.99689],[61.07297,55.99745],[61.07262,55.99781],[61.07222,55.99912],[61.07522,56.00102],[61.08101,56.00566],[61.08851,56.01125],[61.09428,56.0158],[61.0962,56.01708],[61.10979,56.01534],[61.14385,56.01032],[61.18115,56.00606],[61.19969,55.99889],[61.19958,55.99351],[61.21572,55.99333],[61.21824,55.98953],[61.2196,55.98709],[61.21976,55.98212],[61.21948,55.95001],[61.22,55.94999],[61.22051,55.94958],[61.22244,55.94951],[61.2248,55.94902],[61.22555,55.94873],[61.22725,55.94855],[61.23067,55.94714],[61.23105,55.94719],[61.23144,55.94747],[61.23217,55.94703],[61.23186,55.94661],[61.23255,55.94675],[61.23372,55.94658],[61.23472,55.94603],[61.2363,55.94553],[61.23647,55.94533],[61.2368,55.94542],[61.23712,55.94518],[61.23751,55.94532],[61.23885,55.94503],[61.2395,55.9446],[61.24047,55.94449],[61.24223,55.94398],[61.24511,55.94434],[61.24616,55.94479],[61.24734,55.94433],[61.24823,55.94418],[61.24908,55.94369],[61.24904,55.94346],[61.24924,55.94333],[61.25296,55.9435],[61.25662,55.943],[61.25774,55.94251],[61.2588,55.94176],[61.25941,55.94158],[61.25948,55.94136],[61.25918,55.94124],[61.25944,55.94105],[61.26032,55.94109],[61.26144,55.94081],[61.26161,55.94095],[61.26159,55.94114],[61.26216,55.94144],[61.26217,55.94172],[61.26254,55.94167],[61.26267,55.94187],[61.26305,55.9416],[61.26367,55.94171],[61.26504,55.94127],[61.26615,55.9412],[61.26639,55.94086],[61.26692,55.94065],[61.26849,55.94061],[61.26865,55.94055],[61.26863,55.94016],[61.26968,55.93996],[61.27175,55.94008],[61.27169,55.9403],[61.2719,55.94036],[61.2731,55.94009],[61.27693,55.94048],[61.27894,55.94037],[61.28006,55.94002],[61.28071,55.94],[61.28215,55.94035],[61.28265,55.94005],[61.28356,55.93991],[61.28444,55.93948],[61.28458,55.93954],[61.2845,55.93975],[61.28503,55.9397],[61.28576,55.94009],[61.28648,55.94002],[61.28688,55.94024],[61.28699,55.94019],[61.28692,55.93983],[61.28723,55.9398],[61.28727,55.93949],[61.28822,55.93978],[61.28866,55.93965],[61.28868,55.93945],[61.28941,55.93908],[61.29019,55.93902],[61.29025,55.93875],[61.2905,55.93861],[61.29025,55.93821],[61.29148,55.93759],[61.29145,55.93729],[61.29258,55.93708],[61.29305,55.93657],[61.29382,55.93622],[61.29593,55.93592],[61.29686,55.93622],[61.29735,55.93606],[61.29796,55.93613],[61.29811,55.93594],[61.29851,55.93593],[61.30513,55.94196],[61.31277,55.94995],[61.31489,55.95057],[61.32231,55.95384],[61.3412,55.95331],[61.35309,55.95281],[61.36301,55.95268],[61.36856,55.9555],[61.37011,55.95687],[61.37265,55.95626],[61.37709,55.96061],[61.39224,55.96572],[61.41989,55.97562],[61.42386,55.9803],[61.43025,55.97989],[61.44035,55.97418],[61.49485,55.98017],[61.49346,55.99283],[61.51367,55.99355],[61.51303,55.99801],[61.52683,56.00224],[61.53692,56.00369],[61.54795,56.00132],[61.55501,56.00034],[61.55861,56.00018],[61.57305,55.98968],[61.58548,55.98092],[61.59598,55.976],[61.60115,55.97694],[61.60453,55.97565],[61.60465,55.97573],[61.6049,55.97577],[61.60561,55.97584],[61.60598,55.97584],[61.60623,55.97578],[61.60654,55.97566],[61.60677,55.97557],[61.607,55.97553],[61.60711,55.97551],[61.60725,55.97546],[61.60763,55.97528],[61.60817,55.97505],[61.6083,55.975],[61.6084,55.975],[61.60855,55.97497],[61.60869,55.97496],[61.60884,55.97496],[61.6089,55.97498],[61.60895,55.97501],[61.609,55.97502],[61.60907,55.97502],[61.60913,55.975],[61.60918,55.97496],[61.60925,55.97493],[61.60935,55.97489],[61.60944,55.97484],[61.60951,55.9748],[61.60954,55.97475],[61.60951,55.97468],[61.60948,55.97461],[61.6095,55.97458],[61.60958,55.97456],[61.60984,55.9745],[61.61014,55.97445],[61.6104,55.97442],[61.61053,55.97444],[61.61064,55.97448],[61.61075,55.97454],[61.6108,55.97459],[61.6108,55.97463],[61.61078,55.97468],[61.61073,55.97479],[61.61074,55.97484],[61.61086,55.97493],[61.611,55.97499],[61.6111,55.97501],[61.61128,55.97501],[61.61143,55.97504],[61.61153,55.97505],[61.61158,55.97509],[61.61163,55.97517],[61.61167,55.97523],[61.61165,55.97529],[61.61159,55.97534],[61.61152,55.97536],[61.61145,55.97537],[61.61138,55.9754],[61.61131,55.97545],[61.61122,55.97549],[61.61114,55.97549],[61.61107,55.9755],[61.61099,55.97552],[61.61094,55.97556],[61.6109,55.97561],[61.61086,55.97566],[61.61081,55.97568],[61.61073,55.97567],[61.61062,55.97564],[61.61053,55.97562],[61.6104,55.97564],[61.61029,55.97569],[61.61023,55.97574],[61.61023,55.9758],[61.61029,55.97584],[61.61039,55.97587],[61.61051,55.97588],[61.61059,55.97591],[61.61065,55.97596],[61.6107,55.97601],[61.61076,55.97607],[61.61087,55.97613],[61.61099,55.97619],[61.61111,55.97622],[61.6112,55.97623],[61.61127,55.97621],[61.61132,55.97618],[61.61133,55.97614],[61.61139,55.97611],[61.61149,55.97608],[61.61158,55.97606],[61.61166,55.97603],[61.61171,55.97599],[61.61179,55.97598],[61.61187,55.97599],[61.61197,55.97599],[61.6122,55.97599],[61.61232,55.97599],[61.61245,55.97603],[61.61258,55.97607],[61.61264,55.97611],[61.61277,55.97616],[61.61291,55.97619],[61.613,55.9762],[61.61317,55.97622],[61.61328,55.97622],[61.61334,55.97623],[61.61339,55.97627],[61.61343,55.97629],[61.61351,55.9763],[61.61362,55.97628],[61.61373,55.97626],[61.61386,55.97624],[61.61394,55.9762],[61.61398,55.97616],[61.61399,55.97612],[61.61392,55.97607],[61.61385,55.97601],[61.61385,55.97596],[61.61388,55.97592],[61.61395,55.97591],[61.61406,55.97592],[61.61418,55.97603],[61.61429,55.97614],[61.6144,55.97619],[61.61452,55.97623],[61.61461,55.97628],[61.61469,55.97633],[61.61476,55.97641],[61.61482,55.97645],[61.6149,55.97646],[61.61508,55.97647],[61.61523,55.9765],[61.61532,55.97652],[61.61541,55.97654],[61.61552,55.97653],[61.61558,55.97649],[61.61563,55.97644],[61.61569,55.97635],[61.6157,55.97625],[61.61578,55.97615],[61.6159,55.97605],[61.61593,55.97601],[61.61593,55.97596],[61.6159,55.97589],[61.6159,55.97581],[61.6159,55.97573],[61.61587,55.9757],[61.61578,55.97568],[61.61565,55.97569],[61.6155,55.97574],[61.61544,55.97579],[61.61528,55.97583],[61.61517,55.97584],[61.61502,55.97582],[61.61493,55.97577],[61.61492,55.9757],[61.61497,55.97562],[61.61498,55.97551],[61.61503,55.97544],[61.61512,55.97541],[61.61523,55.97539],[61.61549,55.97539],[61.61562,55.97542],[61.61578,55.97542],[61.61591,55.9754],[61.61598,55.97538],[61.61601,55.97536],[61.61601,55.97533],[61.61597,55.97527],[61.61588,55.9752],[61.6158,55.97517],[61.61572,55.97512],[61.61572,55.97507],[61.61575,55.97502],[61.61584,55.97499],[61.61591,55.97494],[61.61596,55.97487],[61.61604,55.97485],[61.61615,55.97485],[61.61625,55.9749],[61.6163,55.97496],[61.61638,55.97503],[61.61648,55.97505],[61.61655,55.97505],[61.61665,55.975],[61.61675,55.97495],[61.61684,55.97492],[61.61695,55.97493],[61.61705,55.97495],[61.61711,55.97501],[61.61721,55.97514],[61.61731,55.97531],[61.61738,55.97536],[61.61746,55.97538],[61.61756,55.97538],[61.61779,55.97534],[61.61791,55.97535],[61.61797,55.97537],[61.61802,55.97542],[61.61802,55.97549],[61.61802,55.97556],[61.61803,55.97562],[61.6181,55.97566],[61.6182,55.97569],[61.61843,55.97568],[61.61855,55.97572],[61.61865,55.97579],[61.61871,55.97593],[61.61878,55.976],[61.61889,55.97608],[61.61908,55.97618],[61.61924,55.97625],[61.61938,55.97627],[61.61952,55.97627],[61.61966,55.97625],[61.61979,55.97625],[61.6199,55.97629],[61.62001,55.97638],[61.6201,55.97647],[61.62011,55.97655],[61.62013,55.97667],[61.62021,55.97686],[61.62024,55.97691],[61.62023,55.97695],[61.62015,55.977],[61.62011,55.97705],[61.62003,55.97711],[61.61991,55.97717],[61.61983,55.97723],[61.6198,55.9773],[61.61986,55.97736],[61.61994,55.97739],[61.6201,55.97742],[61.62016,55.9774],[61.62021,55.97738],[61.62022,55.97733],[61.62024,55.97727],[61.62031,55.97722],[61.62037,55.97722],[61.62045,55.97725],[61.62058,55.97726],[61.6207,55.97725],[61.62081,55.97724],[61.62094,55.97724],[61.6212,55.97728],[61.62136,55.97728],[61.62153,55.97731],[61.62167,55.97738],[61.62176,55.97747],[61.62186,55.97753],[61.62197,55.97763],[61.62217,55.97787],[61.62225,55.97793],[61.62239,55.97796],[61.62247,55.97802],[61.62254,55.97809],[61.62261,55.97816],[61.62272,55.9782],[61.62278,55.9782],[61.62289,55.97816],[61.62296,55.9781],[61.62309,55.97806],[61.62321,55.97799],[61.62334,55.97788],[61.62343,55.97786],[61.62357,55.97786],[61.6237,55.97788],[61.62386,55.97792],[61.62402,55.978],[61.6241,55.97809],[61.62413,55.97818],[61.62413,55.97824],[61.62408,55.97827],[61.62402,55.97828],[61.62391,55.9783],[61.62382,55.97833],[61.62381,55.97838],[61.62383,55.97843],[61.62389,55.97848],[61.62402,55.97855],[61.62416,55.97865],[61.62426,55.97867],[61.62434,55.97865],[61.62444,55.97862],[61.62452,55.97864],[61.62457,55.97867],[61.62458,55.97872],[61.62455,55.97877],[61.62448,55.97881],[61.6244,55.97888],[61.62437,55.97894],[61.62437,55.97901],[61.6244,55.97914],[61.62445,55.97926],[61.62458,55.97933],[61.62468,55.97937],[61.6247,55.97942],[61.62466,55.97946],[61.62459,55.97947],[61.62452,55.97948],[61.62446,55.97951],[61.62443,55.97956],[61.62446,55.97961],[61.62452,55.97964],[61.6246,55.97966],[61.62466,55.9797],[61.62476,55.97973],[61.62493,55.97974],[61.62518,55.97972],[61.62532,55.97969],[61.62539,55.97964],[61.62548,55.97959],[61.62559,55.97959],[61.62568,55.97961],[61.62578,55.97965],[61.62587,55.97967],[61.62597,55.97966],[61.62611,55.97964],[61.62635,55.97963],[61.62676,55.97963],[61.62699,55.97965],[61.62714,55.97968],[61.62722,55.97971],[61.6273,55.97971],[61.62734,55.9797],[61.62736,55.97967],[61.62736,55.97964],[61.62736,55.97959],[61.62736,55.97953],[61.62739,55.97946],[61.62745,55.9794],[61.62755,55.97934],[61.6276,55.97936],[61.62765,55.9794],[61.62776,55.97941],[61.62783,55.97938],[61.62788,55.97933],[61.62798,55.97924],[61.62799,55.97921],[61.62799,55.97918],[61.62794,55.97917],[61.62789,55.97916],[61.62784,55.97917],[61.62777,55.97917],[61.62771,55.97912],[61.62764,55.97903],[61.62757,55.97897],[61.62746,55.97894],[61.62739,55.97891],[61.62738,55.97886],[61.62742,55.97882],[61.62746,55.97878],[61.62746,55.97875],[61.62743,55.97872],[61.62738,55.97871],[61.62729,55.97873],[61.62722,55.97875],[61.62712,55.97875],[61.62704,55.9787],[61.62701,55.97864],[61.62704,55.97858],[61.62711,55.97854],[61.6272,55.97853],[61.62729,55.9785],[61.62737,55.97846],[61.62741,55.97841],[61.62745,55.97834],[61.62751,55.97826],[61.62757,55.97823],[61.62768,55.97823],[61.62777,55.97824],[61.62787,55.97829],[61.62795,55.97831],[61.62802,55.97832],[61.62814,55.97831],[61.62835,55.97828],[61.62852,55.97827],[61.62863,55.97829],[61.62871,55.97834],[61.62886,55.97844],[61.62898,55.97848],[61.62906,55.97848],[61.62919,55.97847],[61.62927,55.97844],[61.62932,55.9784],[61.62941,55.97829],[61.62944,55.97825],[61.62943,55.97816],[61.62946,55.97812],[61.62953,55.97808],[61.62962,55.97806],[61.62974,55.97806],[61.62986,55.97808],[61.63003,55.97808],[61.63025,55.97806],[61.63037,55.97806],[61.63045,55.9781],[61.63047,55.97815],[61.63048,55.97822],[61.63055,55.97829],[61.6306,55.97834],[61.6307,55.97835],[61.63084,55.97839],[61.63111,55.97848],[61.63138,55.97858],[61.63156,55.97867],[61.63162,55.97872],[61.63162,55.97878],[61.63161,55.97883],[61.63156,55.97887],[61.63149,55.9789],[61.63134,55.97893],[61.63124,55.97896],[61.63119,55.979],[61.63119,55.97906],[61.63123,55.97922],[61.63126,55.97944],[61.63131,55.97957],[61.63131,55.97966],[61.63126,55.97973],[61.63112,55.97982],[61.63102,55.9799],[61.63096,55.97998],[61.63095,55.98007],[61.63095,55.98016],[61.63101,55.98023],[61.63109,55.98026],[61.63123,55.98028],[61.6314,55.98032],[61.6316,55.98042],[61.63173,55.9805],[61.63185,55.98061],[61.63201,55.9807],[61.63218,55.98076],[61.63241,55.9808],[61.63273,55.98081],[61.63314,55.98082],[61.6333,55.9808],[61.6334,55.98077],[61.63348,55.98072],[61.6337,55.98056],[61.63386,55.98047],[61.63402,55.98044],[61.63417,55.98044],[61.63433,55.98047],[61.63446,55.98055],[61.63452,55.98062],[61.63452,55.98068],[61.63449,55.98075],[61.63435,55.98086],[61.6342,55.98098],[61.63407,55.98103],[61.63394,55.98106],[61.63383,55.98107],[61.63374,55.98105],[61.63364,55.98103],[61.63354,55.98102],[61.63347,55.98104],[61.63341,55.98109],[61.63339,55.98116],[61.63333,55.98121],[61.63326,55.98123],[61.63312,55.98124],[61.63305,55.98126],[61.63299,55.98129],[61.63298,55.98135],[61.63303,55.98141],[61.63319,55.9815],[61.6333,55.98155],[61.6334,55.98157],[61.63354,55.98156],[61.63364,55.98157],[61.63381,55.98162],[61.63406,55.9817],[61.63423,55.98182],[61.63428,55.98189],[61.63428,55.98196],[61.63422,55.98201],[61.63409,55.98209],[61.63394,55.98214],[61.63376,55.98218],[61.63363,55.98223],[61.63357,55.9823],[61.63357,55.98237],[61.63361,55.98245],[61.6337,55.98251],[61.63383,55.98252],[61.634,55.98252],[61.63418,55.98251],[61.6343,55.98251],[61.63442,55.98253],[61.63469,55.98262],[61.63484,55.9827],[61.63491,55.98275],[61.63494,55.98281],[61.63494,55.98289],[61.63489,55.98297],[61.63471,55.98318],[61.63466,55.98326],[61.63466,55.98334],[61.6347,55.98341],[61.6348,55.98349],[61.635,55.9836],[61.63515,55.98367],[61.63524,55.98375],[61.6353,55.98386],[61.63531,55.98397],[61.6353,55.98428],[61.63537,55.98441],[61.63545,55.98448],[61.63559,55.98455],[61.63578,55.9846],[61.63594,55.98462],[61.63609,55.98463],[61.63621,55.98461],[61.63629,55.98456],[61.63637,55.9845],[61.63642,55.98442],[61.63649,55.98438],[61.63658,55.98435],[61.63674,55.98434],[61.63696,55.98436],[61.63716,55.98441],[61.6373,55.98445],[61.63739,55.98446],[61.63749,55.98445],[61.63771,55.98443],[61.63789,55.98442],[61.63801,55.98444],[61.63813,55.9845],[61.63822,55.98459],[61.63829,55.98469],[61.63835,55.98485],[61.63845,55.98503],[61.63853,55.98511],[61.63865,55.98519],[61.63872,55.98525],[61.63874,55.98532],[61.63874,55.98544],[61.63883,55.98559],[61.63902,55.98572],[61.63924,55.98575],[61.63943,55.98576],[61.63958,55.98574],[61.63968,55.98571],[61.63974,55.98566],[61.63981,55.98559],[61.63987,55.98553],[61.63993,55.98552],[61.64002,55.98553],[61.64009,55.98555],[61.64017,55.9856],[61.64025,55.98565],[61.64035,55.98573],[61.6405,55.9859],[61.64061,55.986],[61.64074,55.98603],[61.64088,55.98605],[61.64103,55.98605],[61.64117,55.98601],[61.64128,55.98596],[61.64135,55.98596],[61.64145,55.98599],[61.64151,55.98605],[61.64162,55.98617],[61.64164,55.98624],[61.64164,55.98632],[61.64162,55.98637],[61.64156,55.98643],[61.64147,55.98648],[61.64133,55.98651],[61.64111,55.98652],[61.6409,55.98654],[61.64076,55.98658],[61.64064,55.98664],[61.64051,55.98676],[61.64035,55.9869],[61.64023,55.987],[61.64007,55.98706],[61.63998,55.98707],[61.63984,55.98705],[61.63967,55.98697],[61.63933,55.98679],[61.63918,55.98674],[61.63905,55.98672],[61.63889,55.98673],[61.63878,55.98676],[61.63869,55.98681],[61.63867,55.98688],[61.63869,55.98697],[61.63875,55.98705],[61.63875,55.98712],[61.63874,55.98718],[61.63868,55.98724],[61.63865,55.98732],[61.63864,55.98749],[61.63859,55.98762],[61.63855,55.98775],[61.63846,55.98784],[61.63838,55.98787],[61.63824,55.98789],[61.63785,55.98788],[61.63764,55.98785],[61.63752,55.98786],[61.63738,55.9879],[61.63726,55.98797],[61.63718,55.98805],[61.63707,55.98812],[61.63691,55.98816],[61.63658,55.98821],[61.63635,55.98825],[61.63621,55.98831],[61.63605,55.98839],[61.63597,55.98848],[61.63597,55.98858],[61.63607,55.98869],[61.63622,55.98879],[61.6364,55.98887],[61.63654,55.98889],[61.63669,55.98888],[61.63686,55.98884],[61.63701,55.98881],[61.63729,55.98877],[61.6375,55.98872],[61.63764,55.98871],[61.63777,55.98873],[61.63788,55.98876],[61.63795,55.98882],[61.63804,55.98892],[61.63811,55.98906],[61.63811,55.98913],[61.6381,55.98918],[61.63804,55.98925],[61.6379,55.98931],[61.6377,55.98939],[61.63754,55.98943],[61.63736,55.98943],[61.63706,55.98948],[61.63691,55.98952],[61.63676,55.98959],[61.63663,55.98973],[61.63659,55.98982],[61.63655,55.98999],[61.63643,55.99016],[61.6362,55.99036],[61.636,55.99048],[61.63556,55.99063],[61.63496,55.99078],[61.63464,55.99083],[61.63441,55.99084],[61.63416,55.99083],[61.63389,55.99079],[61.63371,55.99073],[61.6336,55.99064],[61.63348,55.9905],[61.63324,55.99036],[61.63299,55.99023],[61.63274,55.99016],[61.6325,55.99015],[61.63225,55.9902],[61.63207,55.99028],[61.63195,55.99042],[61.63187,55.99058],[61.63186,55.99073],[61.63189,55.99085],[61.63199,55.991],[61.63216,55.99126],[61.63236,55.99141],[61.63266,55.99159],[61.63275,55.99169],[61.63276,55.99178],[61.63273,55.99196],[61.6327,55.99211],[61.6327,55.99226],[61.63273,55.99236],[61.63291,55.99248],[61.63311,55.99252],[61.63343,55.99245],[61.63361,55.99239],[61.6337,55.99233],[61.63381,55.99233],[61.63397,55.99233],[61.63407,55.99237],[61.64481,55.99017],[61.64936,55.99016],[61.66352,55.98889],[61.66496,55.98726],[61.6689,55.98708],[61.67858,55.98712],[61.68303,55.98821],[61.68276,55.99619],[61.68127,55.99619],[61.68123,56.00091],[61.68099,56.00499],[61.68118,56.01532],[61.67598,56.01629],[61.66387,56.01739],[61.66315,56.0181],[61.66441,56.01851],[61.66506,56.01911],[61.66509,56.01962],[61.66595,56.02024],[61.66728,56.02034],[61.66758,56.02021],[61.6677,56.01996],[61.668,56.0199],[61.66896,56.02033],[61.67028,56.02057],[61.67156,56.02145],[61.67157,56.02166],[61.67115,56.02196],[61.67132,56.02211],[61.67296,56.02234],[61.67282,56.022],[61.67327,56.02203],[61.67416,56.0228],[61.67438,56.02255],[61.67513,56.02255],[61.67525,56.02231],[61.6756,56.02217],[61.67656,56.02228],[61.67712,56.02277],[61.67863,56.02276],[61.67903,56.02293],[61.67941,56.02343],[61.68128,56.02371],[61.68235,56.02458],[61.68267,56.02465],[61.68314,56.02439],[61.68339,56.02444],[61.68408,56.02523],[61.68525,56.02565],[61.68573,56.02616],[61.68686,56.02596],[61.6877,56.02673],[61.68903,56.02698],[61.68947,56.02737],[61.68959,56.02797],[61.69034,56.02917],[61.69216,56.02967],[61.69302,56.02956],[61.69333,56.02984],[61.69339,56.03026],[61.69385,56.03061],[61.69408,56.03142],[61.69548,56.03186],[61.69546,56.03215],[61.69426,56.0327],[61.69442,56.03302],[61.6957,56.0336],[61.6965,56.0335],[61.69741,56.03386],[61.69747,56.0341],[61.69674,56.03497],[61.69692,56.03526],[61.69766,56.03575],[61.69789,56.03634],[61.69736,56.03667],[61.69571,56.03724],[61.69511,56.03767],[61.69474,56.03837],[61.69484,56.03957],[61.69429,56.04012],[61.69266,56.04075],[61.69011,56.04127],[61.68782,56.04206],[61.68754,56.04232],[61.68756,56.04265],[61.6874,56.04284],[61.68568,56.04303],[61.68514,56.04413],[61.6854,56.04479],[61.68597,56.0452],[61.68579,56.04584],[61.68636,56.04628],[61.68576,56.04726],[61.68586,56.04787],[61.68652,56.04824],[61.68649,56.04901],[61.68682,56.04947],[61.68647,56.05043],[61.68656,56.0511],[61.68623,56.05136],[61.68464,56.05144],[61.68307,56.05228],[61.68295,56.05273],[61.68389,56.0535],[61.68373,56.05402],[61.68251,56.05469],[61.67999,56.05563],[61.67965,56.05608],[61.67948,56.05701],[61.67901,56.05728],[61.67652,56.05754],[61.67343,56.05736],[61.67203,56.05707],[61.67149,56.05729],[61.67147,56.05768],[61.67207,56.05811],[61.67405,56.05901],[61.67556,56.05886],[61.677,56.05939],[61.67705,56.05972],[61.67614,56.06009],[61.67595,56.06044],[61.67605,56.061],[61.67669,56.06139],[61.67687,56.06215],[61.67623,56.06271],[61.67625,56.06303],[61.67676,56.06347],[61.6778,56.06387],[61.67937,56.06502],[61.67947,56.06551],[61.6802,56.06582],[61.68141,56.06568],[61.68246,56.066],[61.68514,56.06534],[61.68801,56.06552],[61.68956,56.06578],[61.69339,56.06558],[61.69727,56.06485],[61.69846,56.06419],[61.69924,56.06395],[61.70015,56.06327],[61.70041,56.06325],[61.7015,56.06405],[61.70177,56.06542],[61.70029,56.06588],[61.69879,56.06694],[61.69924,56.06712],[61.70022,56.06732],[61.7015,56.06722],[61.70166,56.06742],[61.70121,56.06761],[61.70145,56.06781],[61.70201,56.0679],[61.70275,56.06771],[61.70477,56.06851],[61.70652,56.06846],[61.71032,56.06904],[61.71182,56.06867],[61.71606,56.06924],[61.71832,56.06913],[61.72191,56.07984],[61.72346,56.08398],[61.72619,56.08859],[61.7297,56.09313],[61.74167,56.1073],[61.75195,56.12081],[61.7616,56.13489],[61.76413,56.13953],[61.76831,56.14645],[61.77578,56.15364],[61.77714,56.15565],[61.78021,56.16176],[61.78304,56.16484],[61.78778,56.17415],[61.79,56.1779],[61.78928,56.18564],[61.78893,56.18751],[61.79023,56.18973],[61.78913,56.193],[61.80227,56.22502],[61.80518,56.22856],[61.81071,56.23559],[61.81226,56.23629],[61.81871,56.23893],[61.82278,56.23763],[61.83038,56.24127],[61.83166,56.24085],[61.85272,56.2323],[61.87074,56.22268],[61.871,56.2215],[61.87092,56.2134],[61.87263,56.21236],[61.87116,56.20933],[61.87172,56.20907],[61.87801,56.20728],[61.87511,56.20346],[61.87097,56.19859],[61.86792,56.19946],[61.86741,56.19951],[61.86666,56.19941],[61.86544,56.1988],[61.86079,56.19607],[61.86022,56.19552],[61.85938,56.19548],[61.85843,56.19544],[61.85796,56.1953],[61.85741,56.19501],[61.85681,56.19438],[61.85507,56.19166],[61.85304,56.18935],[61.83983,56.18264],[61.83698,56.17783],[61.83845,56.17805],[61.84093,56.17835],[61.84208,56.17834],[61.84411,56.17794],[61.84529,56.1777],[61.85116,56.17788],[61.85237,56.17693],[61.85298,56.17615],[61.85387,56.17546],[61.85551,56.17479],[61.85981,56.17326],[61.86778,56.17352],[61.86963,56.17348],[61.87543,56.1722],[61.88016,56.17129],[61.88397,56.17013],[61.89149,56.16748],[61.89735,56.16625],[61.90458,56.16483],[61.90882,56.16342],[61.91825,56.16047],[61.91941,56.15972],[61.92355,56.15791],[61.92565,56.15671],[61.9287,56.15575],[61.93605,56.15316],[61.94009,56.15248],[61.94828,56.15091],[61.95322,56.14998],[61.95572,56.14963],[61.96038,56.14911],[61.96853,56.14774],[61.97374,56.14705],[61.97934,56.14628],[61.98204,56.14593],[61.98711,56.14459],[61.99238,56.14341],[61.99436,56.14294],[61.99801,56.14158],[62.00052,56.14083],[62.0063,56.13957],[62.01553,56.13777],[62.02,56.13682],[62.02809,56.13524],[62.04967,56.13424],[62.05889,56.13101],[62.06106,56.13082],[62.07008,56.12943],[62.07688,56.12829],[62.08543,56.12712],[62.10146,56.12414],[62.11001,56.12275],[62.1239,56.1201],[62.13275,56.11811],[62.13726,56.11685],[62.14237,56.11664],[62.14854,56.11632],[62.14976,56.11572],[62.15138,56.11398],[62.15178,56.11176],[62.14578,56.10846],[62.13797,56.10426],[62.12463,56.09671],[62.11387,56.09067],[62.11954,56.08569],[62.12498,56.08165],[62.13767,56.07527],[62.16716,56.06053],[62.19266,56.04761],[62.21051,56.03906],[62.22162,56.03801],[62.2223,56.03577],[62.2237,56.03298],[62.22668,56.03017],[62.23042,56.028],[62.22795,56.02125],[62.22503,56.01314],[62.22286,56.00741],[62.22039,56.00126],[62.219,55.99634],[62.21907,55.9935],[62.21983,55.98993],[62.22088,55.98094],[62.22224,55.96987],[62.22259,55.96727],[62.22455,55.96476],[62.22754,55.95295],[62.23033,55.93963],[62.23859,55.93374],[62.22853,55.91846],[62.21264,55.91751],[62.15539,55.91427],[62.15785,55.90439],[62.13584,55.90005],[62.12471,55.89815],[62.11558,55.8973],[62.10672,55.89706],[62.09854,55.89658],[62.0756,55.89583],[62.06085,55.88981],[62.0561,55.88804],[62.03567,55.87231],[62.02601,55.8644],[62.02271,55.86043],[62.01739,55.85563],[62.00193,55.83467],[61.99162,55.82454],[61.98286,55.8156],[61.97676,55.80702],[61.96732,55.79719],[61.94371,55.7771],[61.93648,55.77114],[61.89429,55.7344],[61.88439,55.72612],[61.86634,55.7105],[61.8688,55.6787],[61.8682,55.6645],[61.86814,55.65776],[61.86488,55.64834],[61.8634,55.64328],[61.86159,55.6359],[61.86131,55.62647],[61.86049,55.62403],[61.8603,55.61121],[61.86037,55.60496],[61.86374,55.59755],[61.86959,55.58369],[61.86994,55.57311],[61.86107,55.56715],[61.86125,55.56706],[61.86071,55.56663],[61.86013,55.56463],[61.85224,55.56435],[61.85077,55.56321],[61.85133,55.56148],[61.85097,55.56063],[61.84922,55.55959],[61.84569,55.55816],[61.84598,55.55632],[61.84646,55.55558],[61.84647,55.55512],[61.84541,55.5544],[61.84386,55.55283],[61.84272,55.55219],[61.84212,55.55129],[61.84131,55.55068],[61.84092,55.55015],[61.84095,55.54762],[61.84058,55.54551],[61.8396,55.54412],[61.8377,55.54287],[61.83764,55.54208],[61.83677,55.54153],[61.83758,55.54067],[61.83747,55.54029],[61.83762,55.53954],[61.8372,55.53907],[61.83722,55.53855],[61.83657,55.53817],[61.83652,55.53779],[61.83543,55.5371],[61.8349,55.53638],[61.83459,55.53557],[61.8339,55.53479],[61.83406,55.534],[61.83429,55.53378],[61.8351,55.53352],[61.83713,55.53344],[61.8375,55.53325],[61.83756,55.53285],[61.83355,55.52675],[61.83034,55.52086],[61.83035,55.51609],[61.83086,55.51133],[61.83015,55.50518],[61.82076,55.49972],[61.82426,55.49419],[61.83268,55.48556],[61.83273,55.48384],[61.83754,55.48225],[61.8328,55.46748],[61.83742,55.45832],[61.80621,55.45134],[61.80017,55.45107],[61.798,55.45403],[61.79588,55.45752],[61.79174,55.45587],[61.78376,55.45625],[61.77524,55.45683],[61.77508,55.45687],[61.77435,55.45838],[61.77234,55.46296],[61.76469,55.46656],[61.75898,55.47303],[61.75782,55.47398],[61.75657,55.47586],[61.75636,55.47597],[61.74618,55.4739],[61.72116,55.46929],[61.72047,55.46886],[61.71363,55.46615],[61.70943,55.46631],[61.7072,55.46528],[61.70335,55.4635],[61.70379,55.46004],[61.69772,55.45673],[61.69461,55.45667],[61.68491,55.45487],[61.67208,55.45529],[61.66347,55.454],[61.65778,55.45314],[61.65491,55.45269],[61.65451,55.45263],[61.65055,55.45207],[61.64908,55.46187],[61.64791,55.46187],[61.6472,55.46207],[61.64646,55.46195],[61.6439,55.46251],[61.64325,55.46246],[61.64292,55.46267],[61.64324,55.46295],[61.64274,55.46313],[61.64224,55.46275],[61.64128,55.46316],[61.64072,55.46297],[61.63981,55.46365],[61.63933,55.46361],[61.63928,55.46393],[61.63873,55.46386],[61.63851,55.46415],[61.63799,55.46427],[61.638,55.46463],[61.6374,55.4648],[61.63718,55.46512],[61.63701,55.46607],[61.6365,55.46604],[61.63653,55.46565],[61.63623,55.46577],[61.63615,55.46665],[61.63566,55.46687],[61.63657,55.46684],[61.63669,55.4674],[61.63654,55.46771],[61.63583,55.46773],[61.63577,55.46795],[61.63613,55.46822],[61.63694,55.46811],[61.63711,55.4684],[61.63684,55.46864],[61.63629,55.46856],[61.63547,55.46881],[61.63513,55.46924],[61.63504,55.4702],[61.63551,55.47193],[61.6354,55.47222],[61.6359,55.47253],[61.63595,55.47313],[61.63651,55.47342],[61.63626,55.4739],[61.63707,55.47426],[61.63718,55.47463],[61.63745,55.47484],[61.63735,55.47515],[61.63814,55.4754],[61.63855,55.47598],[61.63838,55.47648],[61.63865,55.47685],[61.63881,55.47793],[61.63851,55.47823],[61.63893,55.47863],[61.63831,55.47976],[61.61176,55.48201],[61.59833,55.48068],[61.59745,55.48199],[61.59775,55.48206],[61.59597,55.48455],[61.59217,55.49046],[61.59246,55.49052],[61.57964,55.50987],[61.57847,55.51261],[61.57816,55.51259],[61.57779,55.51447],[61.5777,55.52363],[61.57784,55.52363],[61.57768,55.52668],[61.57764,55.53875],[61.5779,55.53875],[61.57789,55.54504],[61.57757,55.54504],[61.57757,55.54813],[61.57763,55.54996],[61.57793,55.54996],[61.57793,55.56017],[61.57816,55.56671],[61.57933,55.56943],[61.57895,55.5695],[61.58093,55.57221],[61.58253,55.57382],[61.5823,55.5751],[61.58385,55.57657],[61.56793,55.58488],[61.56793,55.58465],[61.56779,55.5846],[61.56712,55.58465],[61.56637,55.58516],[61.56638,55.58565],[61.56588,55.58604],[61.56477,55.58523],[61.56393,55.58527],[61.56431,55.58466],[61.56388,55.58434],[61.56311,55.58442],[61.5631,55.58465],[61.56332,55.58485],[61.56322,55.58498],[61.56236,55.58487],[61.56026,55.58524],[61.56009,55.58473],[61.55846,55.58505],[61.55836,55.58498],[61.55869,55.58432],[61.5585,55.58418],[61.55793,55.58417],[61.55703,55.58457],[61.55599,55.58398],[61.55485,55.58421],[61.55471,55.58404],[61.55484,55.58333],[61.55459,55.58319],[61.55407,55.58322],[61.55375,55.58365],[61.55287,55.58394],[61.55132,55.58349],[61.55095,55.58281],[61.55059,55.5826],[61.5501,55.58258],[61.54971,55.58302],[61.54893,55.58308],[61.54842,55.58306],[61.54778,55.58278],[61.5468,55.58274],[61.54612,55.5824],[61.54614,55.582],[61.54583,55.58181],[61.54372,55.58133],[61.54312,55.58102],[61.54299,55.58056],[61.54344,55.58019],[61.54334,55.57901],[61.54294,55.57844],[61.54236,55.57797],[61.54131,55.57748],[61.54088,55.5768],[61.54055,55.57674],[61.54032,55.57709],[61.53972,55.57736],[61.53819,55.57708],[61.53783,55.57641],[61.53883,55.57609],[61.53844,55.57584],[61.53763,55.57578],[61.53753,55.57556],[61.53808,55.57507],[61.53809,55.57479],[61.53734,55.57463],[61.53731,55.57446],[61.53907,55.5731],[61.53833,55.57286],[61.53818,55.57224],[61.53798,55.57202],[61.53683,55.5719],[61.53616,55.57231],[61.5351,55.57246],[61.53441,55.57234],[61.53425,55.57225],[61.53425,55.57197],[61.53487,55.5718],[61.53493,55.57163],[61.53408,55.57154],[61.53311,55.57171],[61.53234,55.57122],[61.53217,55.57063],[61.53159,55.57048],[61.53092,55.56997],[61.52989,55.57022],[61.52919,55.57013],[61.52915,55.56988],[61.52997,55.56953],[61.52972,55.56941],[61.52877,55.56942],[61.5284,55.56902],[61.52786,55.56883],[61.52787,55.56862],[61.52885,55.56809],[61.52924,55.56803],[61.52958,55.56834],[61.52999,55.56834],[61.53097,55.56775],[61.53139,55.56708],[61.53152,55.56641],[61.53235,55.56564],[61.53253,55.56499],[61.53183,55.56364],[61.53056,55.563],[61.53004,55.56255],[61.52816,55.56176],[61.52838,55.56131],[61.52831,55.56034],[61.52813,55.56014],[61.52752,55.56004],[61.52741,55.5596],[61.52785,55.55913],[61.5279,55.55827],[61.5273,55.55769],[61.52649,55.55749],[61.52554,55.55616],[61.52552,55.55563],[61.52501,55.55539],[61.52406,55.55531],[61.52335,55.55506],[61.5223,55.55539],[61.51999,55.55551],[61.51972,55.55588],[61.52003,55.55648],[61.51994,55.55739],[61.51907,55.55811],[61.51943,55.55836],[61.52034,55.55844],[61.52054,55.55875],[61.52045,55.55899],[61.51909,55.55967],[61.5175,55.55987],[61.51633,55.55973],[61.51569,55.55983],[61.5133,55.55912],[61.51317,55.55869],[61.51344,55.55801],[61.51258,55.55758],[61.5107,55.55744],[61.50962,55.55758],[61.50884,55.55751],[61.50759,55.55701],[61.5068,55.55643],[61.50646,55.55598],[61.50727,55.55544],[61.50751,55.55504],[61.50742,55.55481],[61.50617,55.55442],[61.50482,55.55452],[61.50427,55.5541],[61.50422,55.55381],[61.50437,55.5537],[61.50534,55.55358],[61.50565,55.5534],[61.50584,55.55298],[61.50542,55.55269],[61.50327,55.55222],[61.50167,55.55209],[61.49976,55.55219],[61.4982,55.55273],[61.49676,55.55487],[61.48201,55.58057],[61.46814,55.59445],[61.45984,55.60228],[61.43793,55.62448],[61.43542,55.62373],[61.43409,55.62359],[61.43256,55.62363],[61.43133,55.62417],[61.43071,55.62521],[61.43016,55.62559],[61.42993,55.62599],[61.43001,55.62778],[61.43044,55.62828],[61.4322,55.62958],[61.42691,55.63563],[61.42296,55.63478],[61.41989,55.63447],[61.41678,55.63436],[61.41364,55.63448],[61.41118,55.63481],[61.40933,55.63575],[61.40919,55.63598],[61.40909,55.63758],[61.40699,55.64034],[61.4068,55.64294],[61.4059,55.64325],[61.40563,55.6437],[61.40478,55.64409],[61.40421,55.64502],[61.40368,55.64671],[61.40429,55.6481],[61.40345,55.64869],[61.4019,55.64935],[61.40212,55.64967],[61.40201,55.64988],[61.40048,55.65017],[61.39883,55.65076],[61.39751,55.65098],[61.39467,55.65192],[61.39355,55.65264],[61.39241,55.65389],[61.39221,55.65443],[61.39222,55.6553],[61.39253,55.65776],[61.39339,55.65944],[61.39431,55.6604],[61.39447,55.66169],[61.39438,55.66193],[61.39351,55.66245],[61.39275,55.66355],[61.39156,55.66466],[61.38987,55.66471],[61.38885,55.66451],[61.38844,55.66302],[61.38797,55.66238],[61.38646,55.66178],[61.38351,55.66015],[61.38036,55.6544],[61.35272,55.65082],[61.3357,55.64835],[61.31226,55.64523],[61.31285,55.64518],[61.31324,55.64471],[61.31257,55.64459],[61.31221,55.64469],[61.31225,55.64423],[61.31206,55.64405],[61.31256,55.64375],[61.31283,55.64324],[61.31347,55.64307],[61.31367,55.64274],[61.31421,55.64253],[61.31415,55.64237],[61.31255,55.64206],[61.31131,55.64146],[61.30908,55.64082],[61.30415,55.6398],[61.29851,55.6394],[61.29404,55.63971],[61.29098,55.64023],[61.28896,55.64156],[61.21554,55.64255],[61.21205,55.64412],[61.21148,55.65067],[61.21151,55.65209],[61.20864,55.65295],[61.20605,55.65373],[61.19966,55.65564],[61.1989,55.65683],[61.20473,55.65989],[61.20707,55.66112],[61.21564,55.6601],[61.21874,55.66239],[61.22154,55.66446],[61.22187,55.68104],[61.23418,55.68042],[61.23853,55.67992],[61.24136,55.67929],[61.24392,55.67917],[61.2461,55.68316],[61.24798,55.6852],[61.24429,55.69473],[61.23318,55.72596],[61.20912,55.72619],[61.19631,55.72585],[61.19726,55.72821],[61.19543,55.72915],[61.19391,55.72826],[61.19194,55.72737],[61.18607,55.72574],[61.17867,55.72539],[61.17204,55.72444],[61.16929,55.72526],[61.15435,55.72874],[61.15143,55.72478],[61.14622,55.70866],[61.14681,55.69998],[61.14774,55.69218],[61.1288,55.68564],[61.12601,55.68212],[61.11906,55.67862],[61.11255,55.6796],[61.11021,55.67802],[61.10834,55.67912],[61.10734,55.6806],[61.10278,55.68934],[61.10168,55.69334],[61.09986,55.69829],[61.09903,55.69961],[61.08373,55.70027],[61.08083,55.69441],[61.08178,55.69099],[61.05743,55.69111],[61.05417,55.69356],[61.04147,55.70102],[61.01985,55.70181],[60.97138,55.69785],[60.97263,55.70751],[60.97187,55.70749],[60.97124,55.70805],[60.97096,55.70859],[60.97147,55.71014],[60.97085,55.71257],[60.96925,55.71413],[60.96811,55.71626],[60.96755,55.72156],[60.96499,55.72475],[60.96216,55.72798],[60.96157,55.7284],[60.94767,55.73442],[60.94708,55.73492],[60.94668,55.73575],[60.94624,55.73754],[60.94565,55.73829],[60.94387,55.73961],[60.94371,55.74005],[60.94369,55.74214],[60.94341,55.74294],[60.94248,55.74444],[60.94274,55.74832],[60.94257,55.75278],[60.94018,55.75395],[60.93512,55.75705]]]]}},{"type":"Feature","properties":{"osm_id":-398389,"name":"Коркинский район","admin_level":6},"geometry":{"type":"MultiPolygon","coordinates":[[[[61.32291,54.90573],[61.32816,54.90864],[61.32563,54.91118],[61.33026,54.91138],[61.33286,54.90946],[61.3347,54.91018],[61.33701,54.90983],[61.34207,54.90575],[61.34608,54.90448],[61.35529,54.90499],[61.35578,54.90769],[61.35797,54.9097],[61.3587,54.90973],[61.35887,54.91183],[61.35525,54.91309],[61.34637,54.91771],[61.34481,54.92076],[61.34288,54.92248],[61.34283,54.92397],[61.34979,54.93371],[61.35762,54.94321],[61.36702,54.94551],[61.36725,54.94912],[61.37397,54.95024],[61.37778,54.95022],[61.37801,54.94966],[61.37647,54.9432],[61.3888,54.94302],[61.39653,54.93999],[61.4034,54.92885],[61.40579,54.92942],[61.41169,54.92975],[61.41607,54.92923],[61.42047,54.93194],[61.4245,54.93343],[61.43214,54.93297],[61.43421,54.93409],[61.4366,54.9342],[61.43922,54.93314],[61.45238,54.93341],[61.45658,54.93445],[61.4613,54.93442],[61.46354,54.93542],[61.46634,54.93564],[61.47047,54.93875],[61.47018,54.93995],[61.47253,54.94118],[61.4753,54.94141],[61.47766,54.94194],[61.48455,54.94626],[61.48466,54.94724],[61.48676,54.94804],[61.48893,54.94798],[61.49089,54.9484],[61.49483,54.94842],[61.49591,54.94899],[61.50445,54.94592],[61.50449,54.94499],[61.50606,54.94495],[61.50583,54.94091],[61.50456,54.94161],[61.50343,54.94077],[61.50166,54.94064],[61.5011,54.94138],[61.49689,54.93999],[61.49607,54.93747],[61.49477,54.93499],[61.49057,54.93354],[61.48959,54.93269],[61.4878,54.93218],[61.48653,54.92931],[61.48177,54.92346],[61.47501,54.91533],[61.47344,54.91477],[61.47298,54.91035],[61.47123,54.90874],[61.47007,54.90701],[61.46847,54.90478],[61.46784,54.90158],[61.46508,54.90207],[61.4644,54.90329],[61.46278,54.90407],[61.46066,54.90062],[61.46003,54.90019],[61.45985,54.89923],[61.45846,54.89906],[61.45791,54.89876],[61.45586,54.89929],[61.45484,54.89907],[61.45114,54.89648],[61.44685,54.89672],[61.43653,54.88627],[61.42644,54.88069],[61.42379,54.87923],[61.41132,54.87599],[61.4099,54.87622],[61.40024,54.87977],[61.39766,54.88006],[61.3862,54.88189],[61.38022,54.88119],[61.37756,54.87961],[61.37544,54.87993],[61.35774,54.8856],[61.3495,54.87923],[61.34853,54.87703],[61.34581,54.87713],[61.34007,54.8738],[61.3298,54.86603],[61.32867,54.86512],[61.32734,54.86509],[61.32859,54.86625],[61.34076,54.89468],[61.33645,54.8967],[61.33649,54.89709],[61.3365,54.8972],[61.33512,54.89786],[61.33438,54.89794],[61.32377,54.90442],[61.32291,54.90573]]],[[[61.15567,54.86873],[61.15645,54.87514],[61.17317,54.87446],[61.17634,54.87756],[61.18398,54.87744],[61.18895,54.86565],[61.18722,54.85317],[61.18467,54.85188],[61.18315,54.85308],[61.17912,54.85199],[61.17941,54.85351],[61.17419,54.85422],[61.17314,54.85681],[61.16021,54.85747],[61.15567,54.86873]]],[[[61.31176,54.94309],[61.31848,54.94858],[61.32303,54.95217],[61.32537,54.95575],[61.33245,54.95453],[61.32848,54.94746],[61.32984,54.9441],[61.32691,54.93889],[61.31731,54.93258],[61.3128,54.93343],[61.31176,54.94309]]],[[[61.24588,54.8735],[61.24905,54.87416],[61.25076,54.87198],[61.25943,54.87414],[61.25948,54.8748],[61.26644,54.87648],[61.26823,54.87522],[61.2656,54.87343],[61.26693,54.87144],[61.26573,54.87106],[61.2667,54.86961],[61.2644,54.86914],[61.26335,54.87052],[61.25891,54.86912],[61.25739,54.87079],[61.24941,54.8684],[61.24588,54.8735]]],[[[61.33841,54.95052],[61.33874,54.95129],[61.33859,54.9516],[61.33881,54.95213],[61.34085,54.95226],[61.34464,54.95071],[61.34507,54.95126],[61.34423,54.95166],[61.34464,54.95237],[61.34647,54.95298],[61.34663,54.95395],[61.35109,54.95386],[61.3517,54.95443],[61.35352,54.95402],[61.35376,54.95225],[61.35415,54.95216],[61.3551,54.95339],[61.35598,54.95303],[61.35494,54.95123],[61.35388,54.95155],[61.35336,54.95107],[61.35247,54.9513],[61.35064,54.95178],[61.35071,54.95043],[61.35304,54.95018],[61.35231,54.94849],[61.35544,54.94747],[61.35426,54.94617],[61.35567,54.9456],[61.35485,54.9449],[61.35164,54.94585],[61.3498,54.94646],[61.35062,54.94745],[61.34688,54.94824],[61.34192,54.9496],[61.33841,54.95052]]],[[[61.2677,54.86576],[61.26812,54.86655],[61.26913,54.86663],[61.26992,54.86456],[61.27069,54.86454],[61.27123,54.86261],[61.2725,54.86252],[61.27435,54.86556],[61.27517,54.86528],[61.27338,54.86133],[61.27095,54.85809],[61.26962,54.85826],[61.26995,54.85955],[61.2677,54.86576]]]]}},{"type":"Feature","properties":{"osm_id":-398412,"name":"Южноуральский городской округ","admin_level":6},"geometry":{"type":"MultiPolygon","coordinates":[[[[61.02576,54.36892],[61.02646,54.37063],[61.03134,54.38277],[61.03449,54.38828],[61.03773,54.3994],[61.04144,54.40855],[61.04283,54.41273],[61.05143,54.4123],[61.0629,54.41083],[61.06456,54.41494],[61.06493,54.41513],[61.06524,54.41566],[61.08885,54.41507],[61.09409,54.41499],[61.09453,54.4151],[61.09596,54.41493],[61.12798,54.41417],[61.13187,54.4142],[61.14275,54.41521],[61.16275,54.41855],[61.17923,54.42008],[61.18942,54.42033],[61.19509,54.44243],[61.19573,54.44544],[61.19725,54.45092],[61.19906,54.45218],[61.20489,54.45569],[61.20452,54.45629],[61.20497,54.45666],[61.20439,54.45726],[61.20338,54.4576],[61.20297,54.45755],[61.20255,54.4578],[61.20095,54.45792],[61.20021,54.45773],[61.20014,54.45795],[61.2012,54.45822],[61.20276,54.45802],[61.20331,54.45818],[61.20367,54.45851],[61.204,54.45929],[61.20408,54.46017],[61.20456,54.46066],[61.20484,54.46136],[61.20477,54.46152],[61.20505,54.46225],[61.20496,54.46289],[61.2054,54.46352],[61.20547,54.46382],[61.20534,54.46398],[61.2057,54.46487],[61.20558,54.46496],[61.20569,54.4652],[61.20611,54.46536],[61.20607,54.46584],[61.2064,54.46637],[61.20671,54.4665],[61.20755,54.46838],[61.20782,54.46845],[61.20777,54.46884],[61.20837,54.46932],[61.20852,54.46963],[61.20812,54.46981],[61.2083,54.47014],[61.20926,54.47052],[61.20948,54.47078],[61.21,54.47083],[61.21003,54.47112],[61.21049,54.47131],[61.21096,54.47182],[61.21134,54.47185],[61.2123,54.47244],[61.21283,54.47326],[61.21367,54.47327],[61.21427,54.47357],[61.21453,54.47401],[61.21417,54.47434],[61.21389,54.47499],[61.21462,54.47492],[61.21495,54.47502],[61.21495,54.47519],[61.21578,54.47533],[61.21602,54.47554],[61.21672,54.47539],[61.21695,54.4756],[61.21743,54.47568],[61.21733,54.47592],[61.21782,54.47628],[61.2201,54.47652],[61.22044,54.47675],[61.22162,54.47664],[61.22179,54.4769],[61.22156,54.47702],[61.22172,54.47715],[61.22151,54.47734],[61.22162,54.47752],[61.22226,54.47755],[61.22306,54.47719],[61.22383,54.47736],[61.22442,54.47772],[61.22414,54.47808],[61.22465,54.47797],[61.22521,54.47817],[61.2254,54.47827],[61.22534,54.47855],[61.2262,54.47883],[61.22641,54.47921],[61.22822,54.47949],[61.22945,54.48065],[61.22955,54.48106],[61.23049,54.48157],[61.2302,54.48239],[61.23027,54.48256],[61.23092,54.48283],[61.23099,54.48316],[61.23063,54.48323],[61.23063,54.48336],[61.23137,54.48388],[61.23155,54.48467],[61.23143,54.48533],[61.23081,54.48588],[61.23023,54.48586],[61.2303,54.48616],[61.23064,54.48625],[61.23045,54.48654],[61.23047,54.48708],[61.23017,54.48738],[61.23068,54.48762],[61.23073,54.48788],[61.23025,54.48806],[61.23067,54.48879],[61.23049,54.48898],[61.2309,54.48975],[61.2301,54.48993],[61.22995,54.49013],[61.22884,54.49027],[61.2281,54.49093],[61.22823,54.49144],[61.22806,54.4916],[61.22743,54.49156],[61.22714,54.49135],[61.2267,54.49147],[61.22652,54.49167],[61.22692,54.49206],[61.2263,54.49267],[61.226,54.4933],[61.22424,54.49382],[61.22406,54.49397],[61.22435,54.49424],[61.22429,54.49443],[61.22368,54.49456],[61.22359,54.49485],[61.22167,54.49507],[61.22206,54.49546],[61.22299,54.49548],[61.22455,54.49608],[61.22566,54.49615],[61.2257,54.49656],[61.22592,54.49666],[61.22752,54.49703],[61.2286,54.49774],[61.229,54.49771],[61.22918,54.4983],[61.229,54.49862],[61.22924,54.49883],[61.22923,54.49911],[61.22873,54.49959],[61.22912,54.49999],[61.22882,54.50072],[61.2285,54.501],[61.22793,54.50109],[61.22818,54.50147],[61.22807,54.50169],[61.22776,54.50173],[61.22678,54.50288],[61.22519,54.50353],[61.2248,54.50399],[61.22294,54.50437],[61.22161,54.50429],[61.22056,54.50468],[61.21866,54.50468],[61.21818,54.50494],[61.21816,54.50511],[61.2194,54.50479],[61.22063,54.50508],[61.22211,54.50453],[61.22336,54.50472],[61.2252,54.50443],[61.22563,54.50727],[61.22628,54.50886],[61.22583,54.50914],[61.22596,54.5094],[61.22659,54.50967],[61.22635,54.51043],[61.22661,54.51088],[61.22649,54.51137],[61.22584,54.51156],[61.22544,54.51203],[61.22537,54.51224],[61.22559,54.51247],[61.22535,54.51304],[61.22424,54.51387],[61.22362,54.51504],[61.22149,54.51583],[61.22036,54.51657],[61.21925,54.51697],[61.21731,54.51638],[61.21643,54.51763],[61.21602,54.51767],[61.21566,54.51751],[61.21523,54.51759],[61.21518,54.5178],[61.21487,54.51797],[61.21434,54.51797],[61.21375,54.51784],[61.21357,54.51758],[61.21306,54.5177],[61.21289,54.51833],[61.21235,54.51853],[61.21201,54.51848],[61.21145,54.51803],[61.2112,54.51826],[61.21116,54.51871],[61.20967,54.51897],[61.20845,54.51962],[61.20877,54.52008],[61.2084,54.5203],[61.20595,54.52043],[61.20407,54.52103],[61.2021,54.52193],[61.19898,54.52387],[61.19529,54.52653],[61.19364,54.52867],[61.19367,54.5291],[61.19327,54.53034],[61.19289,54.53066],[61.1924,54.53158],[61.19257,54.53198],[61.19373,54.53198],[61.19499,54.53086],[61.19501,54.53023],[61.19658,54.53011],[61.19731,54.52918],[61.19879,54.52818],[61.19967,54.5278],[61.20166,54.52751],[61.20209,54.52766],[61.20175,54.52789],[61.20227,54.52789],[61.20348,54.5276],[61.2048,54.52703],[61.20602,54.52693],[61.20848,54.52639],[61.2117,54.52547],[61.21277,54.52505],[61.21539,54.523],[61.22464,54.51966],[61.22561,54.51893],[61.22674,54.51873],[61.22771,54.51829],[61.22924,54.51819],[61.23231,54.51752],[61.23592,54.51762],[61.24279,54.51721],[61.24698,54.51654],[61.24907,54.51591],[61.25237,54.51408],[61.25541,54.51271],[61.25603,54.51209],[61.25708,54.51171],[61.25887,54.51024],[61.26194,54.50847],[61.26431,54.50652],[61.26594,54.50461],[61.26658,54.50336],[61.26644,54.50158],[61.26608,54.50029],[61.26509,54.49939],[61.2621,54.49782],[61.25867,54.49499],[61.25631,54.49336],[61.25557,54.4925],[61.25618,54.49153],[61.25622,54.49081],[61.25596,54.49031],[61.25542,54.49001],[61.25816,54.48833],[61.25864,54.48714],[61.26077,54.485],[61.26074,54.48461],[61.25943,54.48353],[61.25961,54.48247],[61.26048,54.48072],[61.26102,54.4801],[61.26229,54.4772],[61.2612,54.47579],[61.26096,54.47526],[61.25918,54.46852],[61.26133,54.46717],[61.26261,54.46617],[61.26423,54.46644],[61.2762,54.46611],[61.27741,54.46711],[61.27786,54.46714],[61.27772,54.4677],[61.28044,54.46868],[61.28162,54.47118],[61.28267,54.47244],[61.28714,54.47504],[61.29212,54.47871],[61.29574,54.48283],[61.29591,54.48427],[61.29521,54.48539],[61.29655,54.48558],[61.2997,54.48517],[61.30118,54.48463],[61.30282,54.47988],[61.30685,54.47273],[61.30715,54.47184],[61.30386,54.47013],[61.3042,54.4692],[61.30223,54.46825],[61.3023,54.46795],[61.30364,54.46707],[61.30416,54.46641],[61.30344,54.46633],[61.30211,54.46666],[61.30185,54.46657],[61.30176,54.46617],[61.30206,54.46532],[61.30164,54.46511],[61.30167,54.46483],[61.3027,54.46437],[61.30272,54.46413],[61.30311,54.46369],[61.30362,54.46389],[61.30457,54.46371],[61.30337,54.46349],[61.30396,54.46315],[61.304,54.46294],[61.30513,54.46285],[61.30525,54.46283],[61.30543,54.4628],[61.30511,54.46244],[61.3046,54.46233],[61.30413,54.46187],[61.30342,54.46074],[61.30163,54.45937],[61.30446,54.45966],[61.30555,54.45961],[61.30588,54.45955],[61.30609,54.45925],[61.30602,54.45864],[61.30623,54.45844],[61.30761,54.45856],[61.30873,54.4584],[61.30904,54.4579],[61.30828,54.45604],[61.30875,54.45594],[61.30953,54.45609],[61.3098,54.45646],[61.30967,54.45729],[61.30974,54.45774],[61.3099,54.45778],[61.31206,54.45771],[61.31354,54.45788],[61.3149,54.45759],[61.31544,54.45727],[61.31568,54.45642],[61.31535,54.45591],[61.31387,54.45538],[61.31307,54.4543],[61.31285,54.454],[61.31312,54.45246],[61.3124,54.45242],[61.31268,54.45106],[61.31224,54.45069],[61.31178,54.44949],[61.31184,54.44865],[61.3034,54.44676],[61.29934,54.44591],[61.29514,54.44515],[61.29524,54.44494],[61.29307,54.44468],[61.29063,54.44475],[61.29005,54.44475],[61.28638,54.4451],[61.28673,54.44322],[61.28805,54.44342],[61.28923,54.44258],[61.29204,54.44197],[61.29461,54.44203],[61.29834,54.44157],[61.29867,54.4414],[61.29815,54.44013],[61.30071,54.43944],[61.30104,54.43716],[61.30175,54.4366],[61.30305,54.43358],[61.30263,54.43271],[61.30425,54.43044],[61.30679,54.42949],[61.3038,54.42555],[61.30449,54.42322],[61.29874,54.41652],[61.29756,54.41588],[61.29442,54.4148],[61.29219,54.41451],[61.29123,54.41469],[61.2905,54.41503],[61.28926,54.41432],[61.29088,54.41384],[61.29181,54.41278],[61.29195,54.41208],[61.29171,54.41114],[61.2905,54.41101],[61.29091,54.4106],[61.29124,54.40956],[61.29271,54.40971],[61.29397,54.40806],[61.2957,54.40833],[61.29666,54.40695],[61.29581,54.40634],[61.2981,54.40372],[61.29774,54.40331],[61.29776,54.4025],[61.29576,54.40178],[61.29536,54.40178],[61.29511,54.40188],[61.2948,54.40256],[61.29435,54.4029],[61.2939,54.40284],[61.29257,54.40453],[61.29202,54.40486],[61.29146,54.4047],[61.291,54.40402],[61.29047,54.40383],[61.29357,54.38835],[61.29396,54.38737],[61.29302,54.38718],[61.28142,54.39734],[61.26513,54.41284],[61.26003,54.41073],[61.25859,54.41099],[61.25396,54.41142],[61.25174,54.41187],[61.25013,54.41267],[61.24948,54.41337],[61.24919,54.418],[61.24929,54.422],[61.24404,54.42121],[61.24202,54.42072],[61.24042,54.42059],[61.24042,54.42027],[61.21484,54.42006],[61.21436,54.41993],[61.21426,54.42004],[61.20927,54.42004],[61.18084,54.41976],[61.17398,54.41922],[61.17253,54.41545],[61.16678,54.40185],[61.16594,54.39908],[61.16928,54.39887],[61.17576,54.39887],[61.17945,54.39826],[61.1817,54.39765],[61.18109,54.39325],[61.17928,54.38464],[61.15633,54.38504],[61.15609,54.35587],[61.12659,54.36296],[61.12657,54.34415],[61.12587,54.34497],[61.12539,54.34676],[61.12489,54.34722],[61.12358,54.34835],[61.12264,54.34905],[61.12164,54.34937],[61.12027,54.35008],[61.1196,54.35081],[61.11841,54.35151],[61.1149,54.35259],[61.11321,54.35278],[61.11212,54.35307],[61.11128,54.35371],[61.1088,54.35427],[61.10863,54.35444],[61.10855,54.35502],[61.10821,54.35542],[61.10701,54.35615],[61.10524,54.35669],[61.10358,54.35686],[61.10108,54.35758],[61.10002,54.3572],[61.09783,54.35737],[61.09532,54.35875],[61.09414,54.35842],[61.0928,54.35902],[61.09124,54.35933],[61.08545,54.35993],[61.08433,54.36057],[61.08227,54.36113],[61.08112,54.36168],[61.0786,54.36337],[61.07682,54.36417],[61.07289,54.36447],[61.07002,54.36349],[61.06883,54.36349],[61.06656,54.36392],[61.06351,54.36374],[61.05316,54.36534],[61.03192,54.36813],[61.02576,54.36892]]]]}},{"type":"Feature","properties":{"osm_id":-398407,"name":"Челябинский городской округ","admin_level":6},"geometry":{"type":"MultiPolygon","coordinates":[[[[61.14364,55.05356],[61.14836,55.05299],[61.15254,55.05068],[61.15764,55.05434],[61.17452,55.05413],[61.18952,55.05392],[61.19945,55.04693],[61.2069,55.04642],[61.21422,55.04623],[61.22425,55.05064],[61.23247,55.0628],[61.24497,55.08598],[61.25301,55.09132],[61.2787,55.10717],[61.29371,55.11667],[61.30046,55.12394],[61.30194,55.12672],[61.30196,55.12899],[61.29561,55.1351],[61.28919,55.13727],[61.28661,55.13643],[61.28539,55.13752],[61.28573,55.13958],[61.27282,55.1425],[61.25224,55.14112],[61.24631,55.14116],[61.24361,55.14174],[61.24521,55.14648],[61.25039,55.16221],[61.26717,55.21169],[61.27269,55.22425],[61.28627,55.23057],[61.27562,55.23867],[61.2833,55.242],[61.27657,55.24707],[61.27318,55.24962],[61.2659,55.2551],[61.27806,55.27344],[61.28296,55.27222],[61.30732,55.26612],[61.32299,55.27031],[61.3297,55.2605],[61.34796,55.26085],[61.34512,55.26544],[61.34718,55.2657],[61.34836,55.26612],[61.34877,55.26601],[61.34892,55.26573],[61.35203,55.26567],[61.35463,55.26507],[61.35698,55.26538],[61.35927,55.26537],[61.36006,55.26561],[61.36029,55.26587],[61.35994,55.2664],[61.35936,55.267],[61.35833,55.26748],[61.35815,55.2682],[61.35793,55.26844],[61.35787,55.26904],[61.35824,55.26926],[61.35832,55.26989],[61.35821,55.27],[61.35869,55.27077],[61.35885,55.27142],[61.35864,55.27222],[61.3589,55.27244],[61.3588,55.27255],[61.35893,55.27275],[61.35961,55.27308],[61.35951,55.27323],[61.35967,55.27331],[61.3592,55.27421],[61.35938,55.27452],[61.3589,55.275],[61.35797,55.27528],[61.35643,55.27605],[61.35543,55.27629],[61.35467,55.2768],[61.35345,55.27729],[61.35285,55.27774],[61.35292,55.27818],[61.3535,55.27839],[61.3534,55.27846],[61.35358,55.27874],[61.3536,55.27925],[61.35388,55.27937],[61.35378,55.27943],[61.35409,55.27977],[61.35402,55.28029],[61.35382,55.28036],[61.3537,55.28068],[61.35384,55.28153],[61.35363,55.28166],[61.3537,55.28204],[61.35421,55.28258],[61.35424,55.28287],[61.35392,55.28318],[61.35407,55.28392],[61.35348,55.2847],[61.35295,55.28508],[61.35301,55.28531],[61.35273,55.28546],[61.35278,55.28577],[61.35247,55.28593],[61.35235,55.2865],[61.35097,55.28717],[61.35028,55.287],[61.34903,55.28757],[61.34906,55.28775],[61.34816,55.28828],[61.34795,55.28891],[61.34676,55.29055],[61.34694,55.29181],[61.34634,55.29316],[61.34641,55.29366],[61.34667,55.29377],[61.34708,55.29487],[61.34757,55.29524],[61.34772,55.29559],[61.34759,55.29557],[61.34839,55.29631],[61.34827,55.29632],[61.34935,55.29665],[61.34959,55.29699],[61.35169,55.29827],[61.35308,55.29935],[61.35408,55.29976],[61.3545,55.30025],[61.35525,55.30054],[61.35543,55.30086],[61.35499,55.30107],[61.355,55.3012],[61.35527,55.30125],[61.35538,55.30179],[61.35478,55.30273],[61.35333,55.30329],[61.3525,55.30383],[61.35194,55.30391],[61.35167,55.30417],[61.35151,55.30411],[61.35139,55.30436],[61.35122,55.3043],[61.35105,55.30461],[61.34997,55.30547],[61.34987,55.30591],[61.35025,55.30622],[61.35003,55.30626],[61.35027,55.30631],[61.35091,55.307],[61.35113,55.30736],[61.35109,55.3076],[61.35121,55.30761],[61.35056,55.30808],[61.35848,55.30938],[61.36378,55.30945],[61.36899,55.30966],[61.38041,55.30961],[61.37799,55.30112],[61.39863,55.30468],[61.40137,55.32086],[61.43172,55.31965],[61.43474,55.3141],[61.43988,55.31054],[61.43937,55.30117],[61.4599,55.30108],[61.46485,55.31236],[61.46802,55.31236],[61.46926,55.31347],[61.47341,55.31373],[61.4765,55.31402],[61.47946,55.31425],[61.48,55.31427],[61.50328,55.31708],[61.51308,55.31671],[61.51221,55.30835],[61.5239,55.30858],[61.52838,55.30681],[61.5378,55.30605],[61.54442,55.30501],[61.54527,55.30284],[61.54634,55.30017],[61.54588,55.30011],[61.54868,55.29311],[61.54883,55.29313],[61.55048,55.28877],[61.55086,55.28623],[61.55118,55.28594],[61.55184,55.28355],[61.55213,55.28244],[61.55171,55.28085],[61.55177,55.27928],[61.54813,55.27713],[61.53339,55.25933],[61.52804,55.25787],[61.51358,55.25672],[61.49343,55.25473],[61.49137,55.25067],[61.48532,55.24041],[61.48622,55.24072],[61.4869,55.24074],[61.49253,55.2391],[61.49286,55.23913],[61.49493,55.24042],[61.49597,55.24062],[61.49712,55.24033],[61.50004,55.24045],[61.50242,55.24006],[61.50597,55.24018],[61.5094,55.23929],[61.51715,55.23949],[61.51724,55.24004],[61.52615,55.24005],[61.52878,55.2348],[61.52938,55.23399],[61.53035,55.23355],[61.55245,55.23133],[61.55248,55.23268],[61.55607,55.2327],[61.55647,55.22367],[61.55587,55.22083],[61.55637,55.21977],[61.55868,55.21723],[61.55921,55.21561],[61.55874,55.21458],[61.55688,55.21243],[61.55742,55.20276],[61.55806,55.20279],[61.55814,55.20212],[61.55748,55.20173],[61.55822,55.19262],[61.57671,55.18474],[61.57726,55.18308],[61.57988,55.18125],[61.58139,55.18085],[61.58333,55.18068],[61.58562,55.18086],[61.59101,55.18212],[61.59156,55.18135],[61.58856,55.18049],[61.58444,55.17867],[61.58355,55.17803],[61.58373,55.17707],[61.5828,55.17635],[61.57816,55.17367],[61.57102,55.17139],[61.56466,55.16689],[61.56381,55.16664],[61.55696,55.16571],[61.55736,55.16493],[61.55658,55.1649],[61.55568,55.16274],[61.55502,55.15962],[61.55462,55.15882],[61.55373,55.15457],[61.5534,55.15398],[61.55187,55.14759],[61.55161,55.14534],[61.55041,55.14076],[61.55022,55.13886],[61.54968,55.13885],[61.54747,55.13127],[61.54345,55.11933],[61.54258,55.11808],[61.53717,55.11181],[61.53454,55.11139],[61.52318,55.11194],[61.51698,55.10888],[61.5169,55.10681],[61.51715,55.10511],[61.52926,55.10174],[61.53524,55.10359],[61.53896,55.1026],[61.54007,55.1015],[61.55073,55.09673],[61.54437,55.09274],[61.53945,55.08902],[61.53943,55.08823],[61.54062,55.08762],[61.5416,55.08632],[61.52878,55.07925],[61.52655,55.0786],[61.51075,55.07027],[61.49525,55.06171],[61.49008,55.05955],[61.49042,55.05929],[61.48474,55.05694],[61.48448,55.05717],[61.47885,55.05481],[61.47428,55.05289],[61.44358,55.04],[61.44209,55.0395],[61.43928,55.03933],[61.43873,55.03915],[61.43863,55.03898],[61.43853,55.03882],[61.43871,55.03822],[61.43921,55.0377],[61.44062,55.03707],[61.44089,55.03659],[61.43794,55.0367],[61.43703,55.03685],[61.42631,55.03862],[61.395,55.0115],[61.3928,55.01196],[61.3928,55.01196],[61.38263,55.02265],[61.37728,55.02469],[61.36956,55.02355],[61.36698,55.01688],[61.36492,55.01593],[61.35738,55.01666],[61.35993,55.02486],[61.35122,55.0306],[61.34949,55.02948],[61.33842,55.02617],[61.32622,55.03631],[61.33931,55.03977],[61.33376,55.04303],[61.32836,55.04861],[61.32217,55.05794],[61.32531,55.06561],[61.32585,55.06779],[61.32597,55.0715],[61.32604,55.07339],[61.32627,55.07455],[61.31928,55.07816],[61.31454,55.07623],[61.31398,55.07668],[61.31227,55.07802],[61.31079,55.07722],[61.30943,55.0767],[61.30714,55.07603],[61.2973,55.07099],[61.2594,55.05157],[61.25188,55.04772],[61.24048,55.0461],[61.23301,55.04175],[61.22578,55.03945],[61.22172,55.03815],[61.21514,55.03783],[61.2007,55.03843],[61.19344,55.04072],[61.19141,55.04475],[61.17978,55.04789],[61.17531,55.04394],[61.17301,55.04253],[61.17103,55.04004],[61.16631,55.03996],[61.15855,55.04623],[61.14699,55.04915],[61.14364,55.05356]]]]}},{"type":"Feature","properties":{"osm_id":-398415,"name":"Еманжелинский район","admin_level":6},"geometry":{"type":"MultiPolygon","coordinates":[[[[61.26982,54.74018],[61.27353,54.74516],[61.27561,54.74937],[61.28096,54.74857],[61.28252,54.75132],[61.28238,54.75294],[61.28176,54.7535],[61.28179,54.75384],[61.2827,54.754],[61.28495,54.76144],[61.28829,54.76951],[61.28603,54.76985],[61.28946,54.7754],[61.29255,54.77904],[61.29481,54.77794],[61.29287,54.77505],[61.30182,54.77261],[61.31446,54.76717],[61.31793,54.77115],[61.32207,54.77371],[61.32637,54.77486],[61.3283,54.78158],[61.32529,54.78647],[61.32621,54.79375],[61.32661,54.79696],[61.32815,54.8018],[61.32995,54.80144],[61.34189,54.80314],[61.34678,54.80282],[61.35532,54.8036],[61.35584,54.80924],[61.35986,54.80892],[61.36303,54.80752],[61.36355,54.80572],[61.36888,54.80326],[61.37562,54.8041],[61.37883,54.80521],[61.38852,54.80501],[61.3957,54.80392],[61.39258,54.80314],[61.39157,54.8008],[61.38931,54.8009],[61.3881,54.79966],[61.38383,54.80164],[61.38272,54.80154],[61.38501,54.79415],[61.38824,54.79421],[61.38931,54.79505],[61.38931,54.79944],[61.39348,54.79736],[61.39744,54.79724],[61.39678,54.79585],[61.40049,54.79365],[61.40115,54.79225],[61.39862,54.79285],[61.39685,54.79183],[61.39657,54.78947],[61.39018,54.78949],[61.39049,54.78843],[61.39327,54.78849],[61.39372,54.78801],[61.38903,54.78775],[61.38608,54.78717],[61.3828,54.78462],[61.38294,54.78274],[61.38716,54.78138],[61.38508,54.77479],[61.3965,54.77393],[61.39608,54.77149],[61.39424,54.76963],[61.39546,54.76397],[61.40316,54.76466],[61.41646,54.76631],[61.4037,54.74666],[61.37836,54.74308],[61.36674,54.74108],[61.36309,54.74095],[61.3573,54.74074],[61.359,54.73731],[61.37773,54.73107],[61.3615,54.72755],[61.3383,54.7185],[61.33023,54.70943],[61.32586,54.7045],[61.32344,54.70178],[61.31856,54.7153],[61.31558,54.71464],[61.30871,54.71581],[61.30563,54.7168],[61.30016,54.71718],[61.2943,54.71811],[61.29077,54.72674],[61.29239,54.73041],[61.29262,54.73552],[61.29065,54.73753],[61.28919,54.73719],[61.28832,54.73811],[61.2845,54.73733],[61.28308,54.73851],[61.27971,54.73779],[61.27711,54.73791],[61.27374,54.73807],[61.27162,54.73895],[61.26982,54.74018]]],[[[61.20815,54.58654],[61.2136,54.61968],[61.22655,54.61912],[61.23288,54.61761],[61.24463,54.61734],[61.24783,54.61879],[61.25216,54.62262],[61.25301,54.62966],[61.25427,54.63075],[61.25552,54.63071],[61.25815,54.6286],[61.25877,54.62332],[61.26145,54.62117],[61.2651,54.62272],[61.27045,54.62716],[61.2708,54.62759],[61.27221,54.62693],[61.27207,54.62645],[61.2759,54.62488],[61.27932,54.62309],[61.28124,54.62127],[61.28301,54.62157],[61.28438,54.62219],[61.28381,54.62256],[61.28568,54.62513],[61.28176,54.62552],[61.28037,54.62618],[61.27898,54.62711],[61.27907,54.62855],[61.27727,54.62936],[61.28073,54.63527],[61.27949,54.64308],[61.28844,54.64304],[61.29628,54.64379],[61.29355,54.63595],[61.30037,54.63418],[61.30103,54.63366],[61.30011,54.63282],[61.29542,54.63277],[61.29307,54.63172],[61.29107,54.63016],[61.2909,54.62844],[61.28838,54.62522],[61.28499,54.62145],[61.2818,54.62011],[61.25564,54.61236],[61.23795,54.5805],[61.20815,54.58654]]],[[[61.19964,54.79285],[61.20087,54.79455],[61.21076,54.79516],[61.21995,54.8013],[61.21972,54.80662],[61.22389,54.80879],[61.22542,54.80606],[61.23137,54.80518],[61.23533,54.80888],[61.24174,54.808],[61.24299,54.79605],[61.2505,54.79585],[61.25489,54.79288],[61.26036,54.78468],[61.26158,54.78011],[61.25757,54.77686],[61.25822,54.77545],[61.25377,54.76775],[61.24571,54.77122],[61.22884,54.76158],[61.21833,54.76938],[61.21713,54.77781],[61.21491,54.78004],[61.20957,54.78165],[61.20802,54.78908],[61.21164,54.79266],[61.20421,54.7923],[61.19964,54.79285]]],[[[61.26719,54.73517],[61.2689,54.73892],[61.27416,54.73783],[61.27981,54.73755],[61.2829,54.73805],[61.28445,54.73701],[61.2879,54.73787],[61.28908,54.73697],[61.29003,54.73711],[61.29237,54.73541],[61.2836,54.73083],[61.2795,54.73093],[61.27642,54.733],[61.26719,54.73517]]],[[[61.24698,54.67829],[61.25537,54.67909],[61.2577,54.67898],[61.25952,54.67855],[61.25955,54.67743],[61.26099,54.67689],[61.26115,54.67637],[61.26252,54.67639],[61.2619,54.67447],[61.26045,54.67252],[61.26028,54.67102],[61.25878,54.67085],[61.25597,54.67162],[61.25392,54.67168],[61.25214,54.67206],[61.25155,54.67252],[61.25169,54.67356],[61.24897,54.67338],[61.24698,54.67829]]],[[[61.26275,54.72945],[61.26617,54.73399],[61.27095,54.7335],[61.27642,54.73093],[61.27266,54.72629],[61.26275,54.72945]]],[[[61.24025,54.70088],[61.24025,54.7019],[61.24173,54.70619],[61.24226,54.70619],[61.24263,54.70673],[61.24333,54.70682],[61.24378,54.70767],[61.24649,54.7075],[61.24515,54.69396],[61.24334,54.69398],[61.24212,54.69797],[61.24025,54.70088]]]]}},{"type":"Feature","properties":{"osm_id":-398390,"name":"Копейский городской округ","admin_level":6},"geometry":{"type":"MultiPolygon","coordinates":[[[[61.37222,54.95596],[61.37792,54.96046],[61.38426,54.96487],[61.38781,54.96685],[61.4058,54.9782],[61.393,54.9909],[61.3953,54.9953],[61.3902,55.0019],[61.395,55.0115],[61.42631,55.03862],[61.43703,55.03685],[61.43794,55.0367],[61.44089,55.03659],[61.44062,55.03707],[61.43921,55.0377],[61.43871,55.03822],[61.43853,55.03882],[61.43863,55.03898],[61.43873,55.03915],[61.43928,55.03933],[61.44209,55.0395],[61.44358,55.04],[61.47428,55.05289],[61.47885,55.05481],[61.48448,55.05717],[61.48474,55.05694],[61.49042,55.05929],[61.49008,55.05955],[61.49525,55.06171],[61.51075,55.07027],[61.52655,55.0786],[61.52878,55.07925],[61.5416,55.08632],[61.54062,55.08762],[61.53943,55.08823],[61.53945,55.08902],[61.54437,55.09274],[61.55073,55.09673],[61.54007,55.1015],[61.53896,55.1026],[61.53524,55.10359],[61.52926,55.10174],[61.51715,55.10511],[61.5169,55.10681],[61.51698,55.10888],[61.52318,55.11194],[61.53454,55.11139],[61.53717,55.11181],[61.54258,55.11808],[61.54345,55.11933],[61.54747,55.13127],[61.54968,55.13885],[61.55022,55.13886],[61.55041,55.14076],[61.55161,55.14534],[61.55187,55.14759],[61.5534,55.15398],[61.55373,55.15457],[61.55462,55.15882],[61.55502,55.15962],[61.55568,55.16274],[61.55658,55.1649],[61.55736,55.16493],[61.55696,55.16571],[61.56381,55.16664],[61.56466,55.16689],[61.57102,55.17139],[61.57816,55.17367],[61.5828,55.17635],[61.58373,55.17707],[61.58355,55.17803],[61.58444,55.17867],[61.58856,55.18049],[61.59156,55.18135],[61.59101,55.18212],[61.59092,55.18273],[61.59544,55.18302],[61.6076,55.18464],[61.61552,55.18632],[61.61817,55.18706],[61.61523,55.19067],[61.61812,55.19305],[61.62112,55.19301],[61.62235,55.19218],[61.64492,55.19221],[61.65025,55.18979],[61.66182,55.18975],[61.66216,55.19761],[61.66832,55.19814],[61.6938,55.19814],[61.70594,55.21852],[61.70466,55.22135],[61.70212,55.22612],[61.70764,55.22787],[61.70603,55.23013],[61.70332,55.23335],[61.70039,55.23415],[61.69963,55.23548],[61.70225,55.23739],[61.70747,55.23735],[61.71027,55.23797],[61.71607,55.23951],[61.72763,55.23557],[61.72879,55.23113],[61.74009,55.23422],[61.74143,55.24473],[61.74677,55.24646],[61.75492,55.24516],[61.75653,55.24218],[61.75337,55.23722],[61.75261,55.23355],[61.75381,55.23304],[61.75478,55.23231],[61.75543,55.23231],[61.75553,55.22984],[61.75485,55.22981],[61.75021,55.2126],[61.74933,55.21031],[61.74813,55.20819],[61.74823,55.20733],[61.7498,55.2051],[61.75251,55.20302],[61.74026,55.20053],[61.74052,55.20011],[61.73096,55.19807],[61.7311,55.19786],[61.72397,55.19624],[61.7198,55.19024],[61.71891,55.18626],[61.71867,55.18346],[61.71817,55.18052],[61.71147,55.17814],[61.70295,55.17876],[61.69637,55.17059],[61.70884,55.15781],[61.70387,55.14971],[61.69871,55.14206],[61.71119,55.14229],[61.70831,55.13292],[61.7047,55.11768],[61.71079,55.11809],[61.73056,55.11535],[61.73027,55.11417],[61.7343,55.11267],[61.7462,55.10529],[61.7367,55.08881],[61.70057,55.08004],[61.67446,55.07639],[61.65653,55.07432],[61.64761,55.07373],[61.63197,55.07238],[61.62886,55.06959],[61.61209,55.0556],[61.61016,55.05381],[61.61111,55.05227],[61.61311,55.05147],[61.61922,55.04622],[61.62001,55.04531],[61.62186,55.04455],[61.62579,55.04241],[61.62759,55.04071],[61.62004,55.03854],[61.6065,55.03562],[61.60131,55.03421],[61.60456,55.03014],[61.6058,55.0286],[61.60839,55.02573],[61.61096,55.02212],[61.61654,55.01535],[61.62201,55.00825],[61.62217,55.0073],[61.62208,54.99992],[61.62339,54.99513],[61.62443,54.98804],[61.62441,54.98728],[61.62525,54.98102],[61.62618,54.97088],[61.59982,54.96606],[61.59377,54.96283],[61.5861,54.95729],[61.57205,54.95732],[61.5699,54.9461],[61.57011,54.94149],[61.55712,54.93886],[61.54954,54.93282],[61.5654,54.92297],[61.57386,54.92201],[61.57016,54.91524],[61.56922,54.91499],[61.56612,54.91461],[61.55689,54.91397],[61.53471,54.91232],[61.53192,54.90969],[61.52441,54.90261],[61.51936,54.89782],[61.50184,54.89591],[61.50154,54.90621],[61.48502,54.90841],[61.49685,54.91865],[61.49536,54.92883],[61.49268,54.9288],[61.49188,54.93215],[61.49124,54.932],[61.49017,54.93222],[61.48959,54.93269],[61.49057,54.93354],[61.49477,54.93499],[61.49607,54.93747],[61.49689,54.93999],[61.5011,54.94138],[61.50166,54.94064],[61.50343,54.94077],[61.50456,54.94161],[61.50583,54.94091],[61.50606,54.94495],[61.50449,54.94499],[61.50445,54.94592],[61.49591,54.94899],[61.49483,54.94842],[61.49089,54.9484],[61.48893,54.94798],[61.48676,54.94804],[61.48466,54.94724],[61.48455,54.94626],[61.47766,54.94194],[61.4753,54.94141],[61.47253,54.94118],[61.47018,54.93995],[61.47047,54.93875],[61.46634,54.93564],[61.46354,54.93542],[61.4613,54.93442],[61.45658,54.93445],[61.45238,54.93341],[61.43922,54.93314],[61.4366,54.9342],[61.43421,54.93409],[61.43214,54.93297],[61.4245,54.93343],[61.42047,54.93194],[61.41607,54.92923],[61.41169,54.92975],[61.40579,54.92942],[61.4034,54.92885],[61.39653,54.93999],[61.3888,54.94302],[61.37647,54.9432],[61.37801,54.94966],[61.37778,54.95022],[61.37686,54.95116],[61.37619,54.95186],[61.37545,54.95262],[61.37462,54.95348],[61.37391,54.95421],[61.37222,54.95596]]]]}},{"type":"Feature","properties":{"osm_id":-398424,"name":"Троицкий городской округ","admin_level":6},"geometry":{"type":"MultiPolygon","coordinates":[[[[61.41932,54.08253],[61.42365,54.08792],[61.43006,54.08935],[61.45417,54.09015],[61.44837,54.09678],[61.47489,54.09658],[61.48194,54.09337],[61.48148,54.10044],[61.48346,54.10393],[61.49375,54.10342],[61.49369,54.10125],[61.49949,54.10071],[61.50681,54.10062],[61.50971,54.09955],[61.51322,54.10035],[61.51688,54.10009],[61.51917,54.10501],[61.51628,54.10682],[61.52176,54.11592],[61.52275,54.11997],[61.53565,54.1237],[61.53992,54.1262],[61.54221,54.12647],[61.54786,54.12933],[61.5469,54.13089],[61.54938,54.13291],[61.54923,54.13622],[61.54526,54.13783],[61.5445,54.14033],[61.56022,54.14274],[61.56067,54.13957],[61.56342,54.1393],[61.56449,54.14203],[61.56609,54.14216],[61.5667,54.14551],[61.56823,54.1456],[61.56846,54.14122],[61.57013,54.14167],[61.57464,54.141],[61.5799,54.14242],[61.62978,54.15062],[61.63411,54.13818],[61.64014,54.13874],[61.67467,54.14708],[61.67035,54.12356],[61.68955,54.12887],[61.69347,54.1233],[61.69409,54.12242],[61.68912,54.12015],[61.68308,54.12027],[61.65762,54.11686],[61.65891,54.11332],[61.6451,54.11028],[61.63863,54.11142],[61.63949,54.10282],[61.64683,54.09712],[61.66582,54.09864],[61.66711,54.09662],[61.66193,54.09485],[61.66344,54.08371],[61.66078,54.08343],[61.64007,54.0813],[61.64704,54.0732],[61.62827,54.07092],[61.63224,54.06272],[61.61316,54.05458],[61.61834,54.04635],[61.64079,54.05408],[61.64291,54.04758],[61.64453,54.04116],[61.67674,54.04118],[61.67667,54.03175],[61.67514,54.02801],[61.6733,54.02488],[61.66922,54.0228],[61.66786,54.02418],[61.66967,54.02691],[61.66931,54.02826],[61.66797,54.02899],[61.65673,54.03082],[61.65308,54.03078],[61.62746,54.03609],[61.62156,54.03959],[61.61602,54.03923],[61.61105,54.04003],[61.60938,54.03658],[61.60625,54.0361],[61.6036,54.03708],[61.60297,54.03761],[61.59787,54.0355],[61.5939,54.03407],[61.5839,54.04005],[61.55467,54.02691],[61.55088,54.02925],[61.55139,54.03281],[61.54331,54.03314],[61.54109,54.03063],[61.52571,54.03479],[61.51563,54.03667],[61.51069,54.02749],[61.51554,54.02659],[61.51797,54.02535],[61.51965,54.02528],[61.53488,54.02122],[61.52933,54.01758],[61.48,54.02997],[61.48336,54.05054],[61.47356,54.07026],[61.48071,54.07522],[61.48044,54.07859],[61.48078,54.08214],[61.48007,54.08294],[61.47783,54.08322],[61.47491,54.08306],[61.47167,54.08204],[61.46667,54.08224],[61.46309,54.08332],[61.46108,54.08349],[61.45785,54.08315],[61.45628,54.08272],[61.45346,54.0826],[61.44858,54.08371],[61.44483,54.08363],[61.44093,54.0833],[61.43752,54.08378],[61.43654,54.08365],[61.43571,54.08298],[61.43117,54.08258],[61.42831,54.08302],[61.42717,54.08326],[61.42639,54.08321],[61.42578,54.08357],[61.42539,54.08421],[61.42514,54.08441],[61.42456,54.08441],[61.41932,54.08253]]]]}},{"type":"Feature","properties":{"osm_id":-398394,"name":"Красноармейский район","admin_level":6},"geometry":{"type":"MultiPolygon","coordinates":[[[[61.48532,55.24041],[61.49137,55.25067],[61.49343,55.25473],[61.51358,55.25672],[61.52804,55.25787],[61.53339,55.25933],[61.54813,55.27713],[61.55177,55.27928],[61.55171,55.28085],[61.55213,55.28244],[61.55184,55.28355],[61.55118,55.28594],[61.55086,55.28623],[61.55048,55.28877],[61.54883,55.29313],[61.54868,55.29311],[61.54588,55.30011],[61.54634,55.30017],[61.54527,55.30284],[61.54358,55.30723],[61.54311,55.31001],[61.54336,55.3128],[61.54429,55.31552],[61.54368,55.3156],[61.54469,55.31797],[61.5495,55.3171],[61.5513,55.31627],[61.55324,55.3156],[61.55387,55.31559],[61.55459,55.31593],[61.55673,55.31606],[61.55894,55.31574],[61.56071,55.31517],[61.56153,55.31508],[61.56294,55.31443],[61.5635,55.3144],[61.56554,55.31354],[61.56817,55.31272],[61.57,55.31242],[61.57144,55.31238],[61.57305,55.31255],[61.57776,55.31353],[61.57692,55.31564],[61.57257,55.31941],[61.56958,55.32285],[61.56509,55.32555],[61.56817,55.33144],[61.58202,55.34209],[61.57851,55.34504],[61.59406,55.3459],[61.60289,55.34624],[61.60388,55.35866],[61.60485,55.37398],[61.60063,55.37253],[61.59719,55.37512],[61.59552,55.37723],[61.59392,55.37636],[61.5908,55.37683],[61.59047,55.37707],[61.59031,55.37735],[61.59053,55.37783],[61.59178,55.37865],[61.59404,55.37977],[61.59506,55.38126],[61.59497,55.38545],[61.59403,55.38671],[61.59122,55.38854],[61.58741,55.38785],[61.51855,55.39337],[61.5199,55.39562],[61.51255,55.40026],[61.50721,55.40263],[61.50742,55.40321],[61.50781,55.40431],[61.50809,55.41187],[61.50871,55.41905],[61.50986,55.42622],[61.50816,55.43057],[61.50817,55.43127],[61.50872,55.43455],[61.50931,55.43551],[61.51012,55.43604],[61.51083,55.43676],[61.51237,55.43948],[61.5127,55.44041],[61.51221,55.45092],[61.51072,55.4585],[61.51126,55.46392],[61.5396,55.46389],[61.54186,55.45155],[61.59894,55.45342],[61.60013,55.44113],[61.60531,55.44146],[61.60524,55.44339],[61.60571,55.4434],[61.60406,55.46943],[61.60382,55.46942],[61.60357,55.4721],[61.60257,55.47456],[61.59887,55.48038],[61.59857,55.48031],[61.59833,55.48068],[61.61176,55.48201],[61.63831,55.47976],[61.63893,55.47863],[61.63851,55.47823],[61.63881,55.47793],[61.63865,55.47685],[61.63838,55.47648],[61.63855,55.47598],[61.63814,55.4754],[61.63735,55.47515],[61.63745,55.47484],[61.63718,55.47463],[61.63707,55.47426],[61.63626,55.4739],[61.63651,55.47342],[61.63595,55.47313],[61.6359,55.47253],[61.6354,55.47222],[61.63551,55.47193],[61.63504,55.4702],[61.63513,55.46924],[61.63547,55.46881],[61.63629,55.46856],[61.63684,55.46864],[61.63711,55.4684],[61.63694,55.46811],[61.63613,55.46822],[61.63577,55.46795],[61.63583,55.46773],[61.63654,55.46771],[61.63669,55.4674],[61.63657,55.46684],[61.63566,55.46687],[61.63615,55.46665],[61.63623,55.46577],[61.63653,55.46565],[61.6365,55.46604],[61.63701,55.46607],[61.63718,55.46512],[61.6374,55.4648],[61.638,55.46463],[61.63799,55.46427],[61.63851,55.46415],[61.63873,55.46386],[61.63928,55.46393],[61.63933,55.46361],[61.63981,55.46365],[61.64072,55.46297],[61.64128,55.46316],[61.64224,55.46275],[61.64274,55.46313],[61.64324,55.46295],[61.64292,55.46267],[61.64325,55.46246],[61.6439,55.46251],[61.64646,55.46195],[61.6472,55.46207],[61.64791,55.46187],[61.64908,55.46187],[61.65055,55.45207],[61.65451,55.45263],[61.65491,55.45269],[61.65778,55.45314],[61.66347,55.454],[61.67208,55.45529],[61.68491,55.45487],[61.69461,55.45667],[61.69772,55.45673],[61.70379,55.46004],[61.70335,55.4635],[61.7072,55.46528],[61.70943,55.46631],[61.71363,55.46615],[61.72047,55.46886],[61.72116,55.46929],[61.74618,55.4739],[61.75636,55.47597],[61.75657,55.47586],[61.75782,55.47398],[61.75898,55.47303],[61.76469,55.46656],[61.77234,55.46296],[61.77435,55.45838],[61.77508,55.45687],[61.77524,55.45683],[61.78376,55.45625],[61.79174,55.45587],[61.79588,55.45752],[61.798,55.45403],[61.80017,55.45107],[61.80621,55.45134],[61.83742,55.45832],[61.8328,55.46748],[61.83754,55.48225],[61.83273,55.48384],[61.83268,55.48556],[61.82426,55.49419],[61.82076,55.49972],[61.83015,55.50518],[61.83086,55.51133],[61.83035,55.51609],[61.83034,55.52086],[61.83355,55.52675],[61.83756,55.53285],[61.8375,55.53325],[61.83713,55.53344],[61.8351,55.53352],[61.83429,55.53378],[61.83406,55.534],[61.8339,55.53479],[61.83459,55.53557],[61.8349,55.53638],[61.83543,55.5371],[61.83652,55.53779],[61.83657,55.53817],[61.83722,55.53855],[61.8372,55.53907],[61.83762,55.53954],[61.83747,55.54029],[61.83758,55.54067],[61.83677,55.54153],[61.83764,55.54208],[61.8377,55.54287],[61.8396,55.54412],[61.84058,55.54551],[61.84095,55.54762],[61.84092,55.55015],[61.84131,55.55068],[61.84212,55.55129],[61.84272,55.55219],[61.84386,55.55283],[61.84541,55.5544],[61.84647,55.55512],[61.84646,55.55558],[61.84598,55.55632],[61.84569,55.55816],[61.84922,55.55959],[61.85097,55.56063],[61.85133,55.56148],[61.85077,55.56321],[61.85224,55.56435],[61.86013,55.56463],[61.86071,55.56663],[61.86125,55.56706],[61.86107,55.56715],[61.86994,55.57311],[61.86959,55.58369],[61.86374,55.59755],[61.86037,55.60496],[61.8603,55.61121],[61.86049,55.62403],[61.86131,55.62647],[61.86159,55.6359],[61.8634,55.64328],[61.86488,55.64834],[61.86814,55.65776],[61.8682,55.6645],[61.8688,55.6787],[61.86634,55.7105],[61.88439,55.72612],[61.89429,55.7344],[61.93648,55.77114],[61.94371,55.7771],[61.96732,55.79719],[61.97676,55.80702],[61.98286,55.8156],[61.99162,55.82454],[62.00193,55.83467],[62.01739,55.85563],[62.02271,55.86043],[62.02601,55.8644],[62.03567,55.87231],[62.0561,55.88804],[62.06085,55.88981],[62.0756,55.89583],[62.09854,55.89658],[62.10672,55.89706],[62.11558,55.8973],[62.12471,55.89815],[62.13584,55.90005],[62.15785,55.90439],[62.15539,55.91427],[62.21264,55.91751],[62.22853,55.91846],[62.23859,55.93374],[62.2414,55.93412],[62.28556,55.94177],[62.31766,55.9476],[62.32622,55.94284],[62.33092,55.94335],[62.36433,55.93339],[62.36734,55.92757],[62.36997,55.92333],[62.36777,55.92214],[62.35857,55.91673],[62.35514,55.91329],[62.34746,55.9055],[62.34456,55.90152],[62.31357,55.90065],[62.31217,55.88831],[62.31006,55.86677],[62.29181,55.86657],[62.29181,55.86593],[62.29406,55.86055],[62.29948,55.84875],[62.30429,55.83798],[62.30528,55.83781],[62.3166,55.83101],[62.3329,55.82162],[62.34362,55.81529],[62.35825,55.80717],[62.36074,55.80543],[62.39094,55.81319],[62.40164,55.82208],[62.41601,55.83483],[62.42191,55.8346],[62.44032,55.82757],[62.43926,55.82647],[62.43332,55.82059],[62.42648,55.81441],[62.42229,55.81005],[62.42008,55.80632],[62.45375,55.80078],[62.46925,55.80075],[62.47006,55.79833],[62.48105,55.79275],[62.48729,55.7882],[62.49894,55.78071],[62.50301,55.77917],[62.52589,55.76991],[62.52484,55.7602],[62.52475,55.75935],[62.52418,55.75464],[62.52333,55.75219],[62.52163,55.74799],[62.51993,55.74291],[62.52346,55.74158],[62.5245,55.73967],[62.52479,55.73823],[62.52456,55.73742],[62.52046,55.73523],[62.52015,55.73413],[62.51878,55.73197],[62.51701,55.72815],[62.51593,55.72578],[62.51653,55.72535],[62.53456,55.71615],[62.54385,55.70955],[62.54406,55.70772],[62.54464,55.70585],[62.54319,55.70391],[62.53819,55.70061],[62.52902,55.69529],[62.52461,55.69123],[62.52011,55.68429],[62.51737,55.68069],[62.51743,55.6792],[62.53178,55.67493],[62.53451,55.66801],[62.53675,55.66448],[62.55179,55.66281],[62.55253,55.66166],[62.55213,55.65963],[62.55242,55.65116],[62.55395,55.64704],[62.55402,55.64607],[62.55175,55.63866],[62.5504,55.63519],[62.54765,55.62813],[62.54625,55.62415],[62.53219,55.62501],[62.52535,55.62605],[62.52459,55.62525],[62.52198,55.61242],[62.51915,55.60832],[62.51949,55.60417],[62.5234,55.5903],[62.49938,55.58577],[62.4724,55.58598],[62.4708,55.57502],[62.46897,55.56363],[62.46979,55.56324],[62.4713,55.56366],[62.47935,55.56537],[62.49793,55.56811],[62.5014,55.5689],[62.53467,55.57488],[62.55157,55.56741],[62.5649,55.55702],[62.57502,55.54889],[62.59325,55.53479],[62.59786,55.53121],[62.59741,55.5307],[62.59787,55.52566],[62.59953,55.52031],[62.60237,55.51344],[62.60591,55.50825],[62.61166,55.49971],[62.62009,55.49057],[62.61738,55.48986],[62.60318,55.4873],[62.58508,55.48449],[62.54196,55.48394],[62.53249,55.48203],[62.50821,55.47529],[62.49964,55.47214],[62.47483,55.47201],[62.45492,55.46725],[62.45781,55.46262],[62.46535,55.45095],[62.46912,55.44521],[62.47584,55.43511],[62.47628,55.43396],[62.45212,55.4276],[62.44712,55.42757],[62.42718,55.42746],[62.38324,55.42703],[62.38159,55.42648],[62.37801,55.41797],[62.36513,55.41614],[62.33616,55.41574],[62.33279,55.4149],[62.32611,55.41228],[62.31953,55.41374],[62.30791,55.40851],[62.29951,55.40382],[62.29454,55.41429],[62.28831,55.4276],[62.28361,55.43054],[62.26325,55.43324],[62.26305,55.43802],[62.20855,55.44631],[62.18825,55.44544],[62.18517,55.43892],[62.18179,55.43308],[62.17984,55.42999],[62.17578,55.42232],[62.17143,55.41631],[62.16686,55.40941],[62.16671,55.40678],[62.16895,55.40165],[62.17657,55.3991],[62.18031,55.39724],[62.19899,55.38557],[62.21974,55.37237],[62.24168,55.35909],[62.24204,55.35515],[62.24402,55.34375],[62.24445,55.33718],[62.23914,55.33575],[62.2378,55.33719],[62.23564,55.33812],[62.23318,55.33817],[62.23198,55.33817],[62.23146,55.33868],[62.23131,55.33914],[62.23258,55.33944],[62.2334,55.33944],[62.2346,55.33965],[62.23497,55.3402],[62.2349,55.34045],[62.23408,55.34084],[62.23229,55.34084],[62.23034,55.34071],[62.22863,55.34046],[62.22473,55.33674],[62.22398,55.33648],[62.22369,55.33678],[62.22369,55.33729],[62.22354,55.33843],[62.22324,55.33907],[62.22242,55.33924],[62.22085,55.33911],[62.22018,55.33848],[62.21936,55.33801],[62.21809,55.33759],[62.21704,55.33789],[62.2145,55.33857],[62.21256,55.33955],[62.21256,55.34006],[62.21271,55.34035],[62.21428,55.34073],[62.21451,55.34124],[62.2125,55.34264],[62.21115,55.34408],[62.21048,55.34391],[62.21018,55.34353],[62.21011,55.3429],[62.20854,55.34247],[62.20816,55.34235],[62.20712,55.3421],[62.20607,55.34222],[62.20592,55.34265],[62.20592,55.34324],[62.20555,55.34421],[62.20451,55.34468],[62.20398,55.34464],[62.20324,55.3443],[62.20279,55.34367],[62.20152,55.34286],[62.19897,55.3424],[62.19621,55.34228],[62.19462,55.34284],[62.19225,55.34368],[62.19181,55.34512],[62.19017,55.34808],[62.18621,55.34911],[62.18375,55.34923],[62.17934,55.34742],[62.17814,55.34721],[62.17344,55.34996],[62.17239,55.34996],[62.17202,55.34975],[62.17127,55.34869],[62.16774,55.33794],[62.16115,55.31268],[62.14072,55.31158],[62.11609,55.30691],[62.10608,55.30446],[62.10319,55.29773],[62.06635,55.30363],[62.06089,55.29354],[62.05424,55.28096],[62.04897,55.27118],[62.04316,55.26057],[62.04405,55.25979],[62.06743,55.25992],[62.07168,55.25933],[62.09931,55.25114],[62.11943,55.24541],[62.13288,55.24121],[62.16081,55.23113],[62.16132,55.22133],[62.1683,55.21487],[62.17632,55.20587],[62.17437,55.2025],[62.21446,55.2033],[62.22594,55.20321],[62.22737,55.20127],[62.22696,55.19826],[62.22556,55.19547],[62.21768,55.18794],[62.20804,55.17772],[62.2017,55.1706],[62.20606,55.15948],[62.20864,55.15034],[62.22401,55.15073],[62.22738,55.14066],[62.22937,55.13432],[62.23711,55.10857],[62.25727,55.11085],[62.27419,55.1134],[62.28037,55.11016],[62.28339,55.10739],[62.28184,55.10636],[62.27849,55.10571],[62.28128,55.09921],[62.27113,55.09699],[62.26391,55.08468],[62.27411,55.08481],[62.28233,55.07971],[62.28477,55.07821],[62.28016,55.0744],[62.27542,55.07722],[62.25832,55.07398],[62.25291,55.06417],[62.22395,55.06591],[62.22195,55.05866],[62.21976,55.05043],[62.22092,55.05006],[62.21949,55.04447],[62.21674,55.03499],[62.21387,55.02334],[62.21304,55.02205],[62.20905,55.00708],[62.20646,55.00207],[62.20174,54.99259],[62.19382,54.99019],[62.18482,55.00051],[62.16705,55.01825],[62.15826,55.02702],[62.14724,55.03827],[62.14017,55.03534],[62.13783,55.03489],[62.12243,55.03568],[62.10342,55.03565],[62.08827,55.03395],[62.08141,55.03242],[62.06913,55.02158],[62.06292,55.02144],[62.05618,55.02261],[62.05293,55.02236],[62.04635,55.0213],[62.02884,55.02737],[62.01631,55.02987],[62.01455,55.03022],[62.0032,55.03015],[61.99897,55.0298],[61.99005,55.02993],[61.96619,55.03031],[61.97187,55.02013],[61.98365,55.00046],[61.98783,54.99421],[61.99537,54.98188],[61.99556,54.98073],[61.99252,54.97708],[61.98787,54.97068],[61.96144,54.95616],[61.946,54.97615],[61.93327,54.97288],[61.91659,54.96833],[61.86625,54.97164],[61.82239,54.97566],[61.79837,54.97774],[61.78382,54.97915],[61.71369,54.97966],[61.70127,54.98781],[61.69686,54.98728],[61.67569,54.98355],[61.64318,54.9789],[61.63897,54.97468],[61.62618,54.97088],[61.62525,54.98102],[61.62441,54.98728],[61.62443,54.98804],[61.62339,54.99513],[61.62208,54.99992],[61.62217,55.0073],[61.62201,55.00825],[61.61654,55.01535],[61.61096,55.02212],[61.60839,55.02573],[61.6058,55.0286],[61.60456,55.03014],[61.60131,55.03421],[61.6065,55.03562],[61.62004,55.03854],[61.62759,55.04071],[61.62579,55.04241],[61.62186,55.04455],[61.62001,55.04531],[61.61922,55.04622],[61.61311,55.05147],[61.61111,55.05227],[61.61016,55.05381],[61.61209,55.0556],[61.62886,55.06959],[61.63197,55.07238],[61.64761,55.07373],[61.65653,55.07432],[61.67446,55.07639],[61.70057,55.08004],[61.7367,55.08881],[61.7462,55.10529],[61.7343,55.11267],[61.73027,55.11417],[61.73056,55.11535],[61.71079,55.11809],[61.7047,55.11768],[61.70831,55.13292],[61.71119,55.14229],[61.69871,55.14206],[61.70387,55.14971],[61.70884,55.15781],[61.69637,55.17059],[61.70295,55.17876],[61.71147,55.17814],[61.71817,55.18052],[61.71867,55.18346],[61.71891,55.18626],[61.7198,55.19024],[61.72397,55.19624],[61.7311,55.19786],[61.73096,55.19807],[61.74052,55.20011],[61.74026,55.20053],[61.75251,55.20302],[61.7498,55.2051],[61.74823,55.20733],[61.74813,55.20819],[61.74933,55.21031],[61.75021,55.2126],[61.75485,55.22981],[61.75553,55.22984],[61.75543,55.23231],[61.75478,55.23231],[61.75381,55.23304],[61.75261,55.23355],[61.75337,55.23722],[61.75653,55.24218],[61.75492,55.24516],[61.74677,55.24646],[61.74143,55.24473],[61.74009,55.23422],[61.72879,55.23113],[61.72763,55.23557],[61.71607,55.23951],[61.71027,55.23797],[61.70747,55.23735],[61.70225,55.23739],[61.69963,55.23548],[61.70039,55.23415],[61.70332,55.23335],[61.70603,55.23013],[61.70764,55.22787],[61.70212,55.22612],[61.70466,55.22135],[61.70594,55.21852],[61.6938,55.19814],[61.66832,55.19814],[61.66216,55.19761],[61.66182,55.18975],[61.65025,55.18979],[61.64492,55.19221],[61.62235,55.19218],[61.62112,55.19301],[61.61812,55.19305],[61.61523,55.19067],[61.61817,55.18706],[61.61552,55.18632],[61.6076,55.18464],[61.59544,55.18302],[61.59092,55.18273],[61.59101,55.18212],[61.58562,55.18086],[61.58333,55.18068],[61.58139,55.18085],[61.57988,55.18125],[61.57726,55.18308],[61.57671,55.18474],[61.55822,55.19262],[61.55748,55.20173],[61.55814,55.20212],[61.55806,55.20279],[61.55742,55.20276],[61.55688,55.21243],[61.55874,55.21458],[61.55921,55.21561],[61.55868,55.21723],[61.55637,55.21977],[61.55587,55.22083],[61.55647,55.22367],[61.55607,55.2327],[61.55248,55.23268],[61.55245,55.23133],[61.53035,55.23355],[61.52938,55.23399],[61.52878,55.2348],[61.52615,55.24005],[61.51724,55.24004],[61.51715,55.23949],[61.5094,55.23929],[61.50597,55.24018],[61.50242,55.24006],[61.50004,55.24045],[61.49712,55.24033],[61.49597,55.24062],[61.49493,55.24042],[61.49286,55.23913],[61.49253,55.2391],[61.4869,55.24074],[61.48622,55.24072],[61.48532,55.24041]]]]}}]}
